ticket_text,category_id,group_id,predicted_category
network access hello received workstation granted ad please help thanks,internal_it::Hardware,0cfb76ccf0f81bf6477fb1a2120e1c0b1a29454ded47d5f8bc4d3ecce7022e8d,internal_it::HR Support
revise access to location revise location hello please revise location users left please find attached also clear additional users contributors role collection attached additional contributors picture view please regards senior engineer registered under number whose registered old broad street kingdom provide clients each subsidiaries separate entity has,internal_it::Access,033f17de59d6a7bd4c56ef253d1f3b393f85915746afcf397c66f084e2b7fc7d,internal_it::Hardware
access to test test hi please has user name seems he connect thank friday test hi today found he has test cases user name please help rights same thank thursday december accounts has assigned hi thank ask everything works thank wednesday december pm re accounts has assigned hi added same roles has same rights please everything works side questions hesitate best regards engineer wednesday december pm accounts has assigned please advised record number has assigned please review details take appropriate action description accounts hi thank providing seems he misses test cases module he same rights more details regards wednesday december pm accounts hi found enter he has please help rights same created by same thank wednesday december accounts hi status credentials received granted work credentials received cannot accessed without certificates received delayed join probably tomorrow wrote best regards wednesday december accounts hi please accesses working thank tuesday december pm accounts hi credentials sorry delay forwarding these details thank friday december accounts hello please advised ad accounts created display name display name assist please let best regards analyst ext hub summary accounts number priority moderate assignment location center please link attachments image image kind regards ref msg,internal_it::Access,ad5d6501471dbfc508fabeeefb96af7f715d8271b423f89cc84013097e9d78e6,internal_it::Hardware
access to for new people hello please add both cheers thursday hi please thanks portfolio test change homeworker ground floor south down st marks court chart way rh mobile please consider environment printing planned leave march july re hi far resources provided approved re shout today talk procedure testing rd party sort cheers portfolio test change homeworker ground floor south down st marks court chart way rh mobile please consider environment printing planned leave march july re required then supplied by discipline lead deal equipment deals testing therefore think deal entirely convinced require accessing infrastructure say because has understand provide test information well wrong out date think worth checking regards owner floor st marks rh mobile re mean charge sorting out tuesday pm re please which tester therefore ongoing approvals follows tester both regards owner floor st marks rh mobile re hi created requested users confluence update accounts ready senior engineer hi having joining which please consider creating user providing instructions how connect also nationwide confluence display regards originated please detailed disclaimer has automatically added by gateway comply requirement arrived via cautious about origin content replies which contain sensitive information contractual obligations particularly vulnerable these cases adequate employed questions please speak originated please detailed disclaimer has automatically added by gateway comply requirement arrived via cautious about origin content replies which contain sensitive information contractual obligations particularly vulnerable these cases adequate employed questions please speak please consider environment printing proud responsible corporate responsibility registered wales st court chart way west rh by regulation authority regulated by conduct authority regulation authority protection calls recorded monitored information confidential copied by intended received error please immediately by returning please delete disclose contents anyone responsibility accepted loss damage arising viruses changes made after originated please detailed disclaimer has automatically added by gateway comply requirement arrived via cautious about origin content replies which contain sensitive information contractual obligations particularly vulnerable these cases adequate employed questions please speak please consider environment printing proud responsible corporate responsibility registered wales st court chart way west rh by regulation authority regulated by conduct authority regulation authority protection calls recorded monitored information confidential copied by intended received error please immediately by returning please delete disclose contents anyone responsibility accepted loss damage arising viruses changes made after,internal_it::Hardware,0ce98c2c84683e3c1ebd6f443f6674a9973d07789660059b8561637e1c01b848,internal_it::Access
database check database hello please log assign order create daily database index kind regards senior engineer,internal_it::Access,97f11109c628d58c225e2d49f1256b9eace0dac054eb5ee1af232dfe5e0691aa,internal_it::Hardware
remove unused report from unused report hello please rise assign assignment pm hello ore pm nope pm hello test pus si backlog engineer,internal_it::Hardware,312dbb3db933ea9acf35580318fb8efbcaf5a146669d67e252e2a8e3ac9882d8,internal_it::Miscellaneous
access mills hi had training unable please help best regards specialist users library containers library caches signatures signature,internal_it::Storage,ee4bb8e0c6448c5d51db9e0091bb4ac8f0cbab970e2b6dba2bce6163fef935c2,internal_it::Hardware
badge badge hello please help regarding issue morning work enter floor door badge certain period please enlarge period come morning around thank much best regards ledger street center,internal_it::Access,2cd458448e0cb4fa50f1c2857d6106e25598141cc904f40f4584084b641f7bd3,internal_it::HR Support
pas ownership on collaboration ownership collaboration dear required privilege mentioned code pm together pm thanks client,internal_it::Internal Project,dce00d7f11d4b78ea49f2ee2a5244a1a9d1d172c6df537ff741f561db8f8025d,internal_it::Miscellaneous
po template changes po template changes hi please thank engineer wednesday pm re po template changes hi had few updates these final ones fingers crossed moving please ensure po reference quoted invoice order avoid delays down decimal points decimals item price po terms conditions format justified layout example attached word doc possible align total under ordered appreciate cheers re po template changes hi done please regards friday december pm re po template changes hi attached contains more changes text please ensure po reference quoted invoice order avoid delays red better visibility bring quantity description pricing item description attached example cheers december re po template changes hi made requested changes please about po language templates each best regards engineer tuesday december pm re po template changes hi reviewed po amendments hard code text please ensure po reference quoted invoice order avoid delays center deliver name word promised text requested promised dates correspond date arrival location under words price ordered next figures example thanks december re po template changes hi modified po template test example screen also test phone entity please thanks wednesday december pm po template changes hi follow instructions amend po template test instance accordingly attached copy template currently questions please let hi kind enough change cheers thursday october pm re po template changes hi work progress moment po template extent his best tweak things around changes suggested ones presented attached please let concerns respect points addition phone under section intention automatically these by near future text saying invoice rejected po number reference please ensure po reference quoted invoice order avoid issues invoice processing mandatory po please ensure po reference quoted invoice order avoid delays removal promised date requested date po which currently disrupting way po displays items addition inside po against each possible bottom table avoid confusion raised about localization change po language depending entity which also explored agree important countries please let wish drop by further detail thanks kind regards thursday october re po template changes hi guys progressed action kind regards head wednesday pm re po template changes hi attached po which help format thanks po template changes hello per discussion morning interested find out further customize po template version extremely hard too lengthy attached sample file outcome produce by per discussions back few points wanted cover were addition phone under section intention automatically these by near future text saying invoice rejected po number reference mandatory po removal promised date requested date po body highlighted yellow addition inside po table avoid confusion etc kind regards,internal_it::Purchase,8271fc42e096163dcb5f6ae1a32da48ad95aee7d58d90d403511ee707612dbb0,internal_it::Hardware
editing rights pas urgent editing rights urgent hi please bellow best regards engineer editing rights urgent hello please editing rights he these accounts he needs update forecast apologies minute done possible much appreciated thank officer ext blvd,internal_it::HR Support,2edffbca449a4457d709730fcdd25e8f449fc31411ac4dac10ce565fe533a3c2,internal_it::Access
access to information user requested installation hello user asking she install her lap top installation available via please advise how proceed cases thank best regards engineer ext information confidential legally privileged intended solely addressee opinions expressed mine necessarily represent opinions susceptible interference intended recipient disclosure copying action taken omitted taken reliance strictly prohibited unlawful received error attachments please notify delete accepts responsibility information errors omissions misuse act committed omitted communication doubt please verify authenticity contents please rely own virus checkers responsibility taken by damage rising out virus infection registered under number whose registered old broad street kingdom provide clients each subsidiaries separate entity has liability entity acts omissions,internal_it::Purchase,abf11809cc3615e82d3717da75ad2672189859ca81acd5554c05b577047c9c16,internal_it::Access
printer supplies printer supplies hello make order printer supplies printer floor color laserjet pro unfortunately supplier procedure talked she told she never made order she more information please help,internal_it::Hardware,0bf8f4531034262810f1557e26e252c693d5ba5992c628d366b18ee58a2d3bf7,internal_it::HR Support
access to re hello please error contract document help link layouts source download contracts insights successful sow insights release error head contracts,internal_it::Miscellaneous,ec6b63aebacb1c77c89c8958a4905570b85fb0fc9b90a0c690f1a1dc893b27cb,internal_it::HR Support
tm mercury advertising and tm mercury circulation services tm mercury advertising tm mercury circulation hello two were recently added snow tm mercury advertising tm mercury circulation these replace tm mercury neither close codes assigned please close codes tm mercury both tm mercury advertising tm mercury circulation thanks application,internal_it::Miscellaneous,87e742264938bf8ea13e43ef758042b38e56ff195bfc09098713af5642a53314,internal_it::Internal Project
requester preparer buyer roles for managed services technology requester preparer buyer roles hello please requester preparer buyer roles roles thank best regards vetting officer street center,internal_it::Hardware,02144e39f38397a20ec9a2f4582ab86264e046714eab7e94887a6e4e61c65ff9,internal_it::Miscellaneous
relocation to bucharest add to relocation add hello since relocated unit please ask add usually add sort him additional please let provide thanks kind regards,internal_it::HR Support,19563fa567a5a88156232d005f394986624afdab357c399b9ff3a7e1f274ee95,internal_it::Miscellaneous
notifications for changes changes hello once user has created please make adjustments user every change progressed closed further details required side please let thank,internal_it::Access,d68b2c1d1e5402280faefa38f0f203f3b5febe4abeebf6381e0e3ce104d435cc,internal_it::Miscellaneous
admin rights on local machine rights machine hello due change rights machine coming permissions revoked thank,internal_it::Miscellaneous,1461d6eaca0847c27ef4f8daf989a29a193fdb3bb1bc336e150f225514dd6060,internal_it::Storage
set up and install latest apple and prepare for purchase hi please tickets assign two tickets each each different serial number please tickets these subjects each tickets created total secure wipe verify functionality unit sale install latest apple prepare purchase apple reg cd apple cd apple cd apple cd apple cd apple cd apple cd apple cd apple cd apple apple apple apple apple apple apple apple apple apple apple apple apple apple apple apple apple apple apple apple apple please let questions senior engineer ext cell upcoming days off february phone number please consider environment print,internal_it::Hardware,620dd8aeab7388ba16b5a66be764c3bf4a4bb3a1a293d9936766ca36bf584a02,internal_it::Purchase
schedule final reminder notification for the annual it satisfaction survey schedule final reminder annual satisfaction survey hi kindly schedule reminder tomorrow st december annual satisfaction survey attached find relevant provide morning updated number complete responses received kindly ensure out around let require assistance gladly help thank wednesday december schedule reminder annual satisfaction survey hi kindly schedule reminder annual satisfaction survey ensure thursday december tomorrow morning provide exact number responses received far update figure please update accordingly note schedule final reminder next thursday st december thank care,internal_it::HR Support,090ee724fb71916128a80cd0bac8d4f91b73e787956798f34012692dc14d0636,internal_it::Hardware
policies missing for policies hi friday results noticed he comparing write write missed policies please investigate he included policies assigned correctly him he needs resources regards,internal_it::Storage,6fc92ceb475c9099bc56d7419ef05f977bc15b681dbc00c38cab6408e2238129,internal_it::HR Support
all list dear va si head,internal_it::Hardware,bc285d9b2a1e39dc072748aa34dbd507f60c43ad1fb5c1c9bd87df358b26173f,internal_it::Miscellaneous
apply restrictions to hi member needs added device disconnected disconnected disconnected also restrictions rights others thanks,internal_it::Miscellaneous,0003f27a3d669525f572561a5f90b83639414f2576ef0b0eb052fce1be599bab,internal_it::HR Support
no longer compensating for a low input voltage compensating low input voltage name location floor serial number device serial number date code informational compensating low input voltage,internal_it::Internal Project,b5e31078584b964b5f6dd4437ad3024b28f6b0f0d8352653897677f960b7daea,internal_it::Hardware
suppliers report suppliers report hi please thanks tuesday december pm suppliers report hi help reducing number lines suppliers report tools reports shared folders custom suppliers report suppliers report same folder please old suppliers report columns marked red attached report columns marked remain also help reducing number lines each supplier currently report brings banks supplier has report bring primary electronic also supplier created multiple entities each entity has different remittance advice each entity report bring two more lines same information addresses remittance report bring remittance advice corresponding entity filter report supplier well understand mean misunderstandings please let thank regards officer,internal_it::Storage,0ed6505cb87c04428f15616d430a102bee34d7c85cd0d3ed9e546f91f61c1c13,internal_it::Hardware
access needed to oracle to submit and create needed submit create hi also options submit process create moment options thank kind regards accounts payable,internal_it::Internal Project,5f34d51b063fda62fc3020be4465f4bda3f9571ae085bfe505985bb428826424,internal_it::HR Support
new headset request re headset issues hi again updated status resolved maybe clear happened found out issue tested unit worked found issue resolution working headset unit working unit tested he took him after testing functional unit regards re headset issues hi thanks tips tried contacted did again matter how troubleshoot drivers port plugging headset nothing helps few days ago tried headset unit same model worked issues plugged worked think headset itself faulty even brand took out unopened regards,internal_it::Administrative rights,40f05f75fee28c29f6e91464fa5b6d44355aba6d0265913b4012f084b5ace08b,internal_it::Hardware
reminder chart review reminder chart review hi guys perform tasks please disable re task needed thanks leader friday december pm reminder chart review please review chart update needed,internal_it::Hardware,9ceff32380d69274f62d90ec9e9459a14ed1da4cd862019bddfe63dafc47a751,internal_it::Internal Project
request for access hello order upload resume help thank developer,internal_it::HR Support,a3bc405ab9a11939e85ce47c436e6ce9fc91c92594747a7c406b93311abbc187,internal_it::Hardware
re modification re modification also thank thursday december pm modification hi please delete thank lead,internal_it::Hardware,01ba18380809b00461a60de5c14864d48da03271d916f6b183871c0ca646be6d,internal_it::Miscellaneous
roles roles hello please provide roles added his thanks kind regards leader,internal_it::HR Support,cf4335edba5db7fd5972622f3f479105b805b75f267d8f831abbb54dfc38b790,internal_it::Miscellaneous
provide public key for slave wednesday december pm provide public key slave hello please log assign regarding please provide public key user slave machine connect target machine garage sale job regards engineering lead,internal_it::Access,614f506c1c1cff3cd779786f325b2e2ec5270a9729d47502d4b3167ce88d9b6e,internal_it::Hardware
replicate the color code updated calendar app hi please replicate color code categories well ones thank november re updated calendar app hi thank help calendar looks great noticed entries calendar displayed times please way keep colored ones thank november updated calendar app resolved fellow think query logged has resolved did well details reference summary calendar app description re logged calendar app resolution added colors good provided resolution response issue persist recur resolved please best provide assistance matter how how how warm regards ext ref msg,internal_it::Miscellaneous,22d313a3b856027991636f005965751fb8f95c45bac06a0ede7e04092b215f2e,internal_it::Administrative rights
reopen re weekly template sheet has assigned hello please advised working completing unknown hello please kind reopen thank great best regards analyst,internal_it::HR Support,173de6c8311314205463c4a0d42d43744380e9f3a4de24ddf1bccb5a481bef65,internal_it::Miscellaneous
setup issues and for setup issues hello please subscription seems initialize also problem log please everything thank,internal_it::Purchase,ecc36c2b9dd91789c05ecff60012608c054a0736bd91b165fd2af32f4d940c91,internal_it::Internal Project
add to all staff la mailing la mailing center va ne la ca lists legate va ii si la developer,internal_it::Hardware,8f5a108327873845272964491d1d8d861f4e70c5b4ba442a7a4572e2d52b125e,internal_it::Miscellaneous
acrobat acrobat hi needs acrobat pc please let license create information install software received thanks senior engineer ext cell upcoming days off february december phone number please consider environment print,internal_it::Hardware,90a9c4ebdd4642131eeb7e9e7ea7916eb7c26fb11e8c07d8fbd601d9f3c83c6e,internal_it::Access
oracle holiday codes please action hello requested holiday clear code book assume holiday come after please advise date november please action dear part established processes each required submit his weekly basis each friday past must submitted receiving because haven followed process please action possible breakdown please log accordingly training materials available id by each wednesday past period then also notified country date total days,internal_it::HR Support,dd23c09d44da26822e4b6a848cafd9801d8fd84ad0619a9f531f8e0cd34ca127,internal_it::Internal Project
update the lock screen with the annual it survey link message update lock screen annual survey link hello preparing next annual satisfaction survey aiming launch mid next informed possibility also update machines lock screens text survey link hoping gain more visibility encourage response rate please advise add survey link text about satisfaction survey how take information proceed changes survey link personalized image information confirmation provide relevant accordingly looking forward hearing care,internal_it::HR Support,e8246cbb9c21b3dacbe2541834ede3b735a6dcccc7712775b18513f99bc87fca,internal_it::Hardware
to update update hi please log order add please assign queue best regards senior engineer wednesday november re hi please note needs too port question please feel free best regards,internal_it::Hardware,381f76f83aecc382de232ef74de1883b598408aebc0dfdb09654e12924551bd6,internal_it::Miscellaneous
activate location for dear please bellow assigned thanks kind regards analyst tuesday november pm po separate fie submit october conversation receipt po done si tot si inca receipt blanket po tot ca se receipt tot receipt care receipt sin care la po supplier si pot face receipt ca receipt tot po pot ii cancel cancel recept el tot po tin loc si cancel pot tine receipt si cat,internal_it::Access,dbf568c63c5649b26720e604394c5789230677f235f6e29f13d110ca0737252d,internal_it::Purchase
line management career coaching coaching hi dear please make these changes starting december made thanks member return maternity december become active december become active december maternity december maternity december maternity head,internal_it::HR Support,e4df8b2ef17ae9ef567e422fd696149affe48f35feb6289596a9425699d7cd94,internal_it::Miscellaneous
physical access for physical hi please allocate card please also physical within thanks tuesday november physical dear kindly physical within sixth floor possible he has started work november thanks,internal_it::Access,6e153a3f74139a6686bf02ba8750ac6413d5a196c10586bff139ba482735a2d7,internal_it::HR Support
quarantine retrieve how retrieve tried work november image removed by dear image removed by urgent massage pm kb deleted automatically after days change frequency these within log,internal_it::Hardware,8a8212b6277bccf442f6f4f206563bcb7397a79d7fb63242f6b7099f0e289478,internal_it::Miscellaneous
security access saturday th saturday hello please assign thank engineer ext november saturday importance high hi please add tomorrow saturday november thank director,internal_it::HR Support,4a4841f7926dbd539387c8e4d0b7b559223a47bfd2196cc2486956e3960738fa,internal_it::Hardware
oracle access hi please help granting folders items contracts contracts invoicing contracts costs thanks lot kind regards accounts receivable accountant id image,internal_it::Miscellaneous,3a64cbab04d96b971ca40107087546addd077cea45ba72a69149930007701154,internal_it::HR Support
new recruiter bod re recruiter hi please kind regards tuesday november pm recruiter hi help subject joiner her name she credentials her let regards recruiter,internal_it::HR Support,1732381203565d5e44520d95df87a9f7583b1f9e0ac417cdf5d5d5dba6ee8ffe,internal_it::Miscellaneous
need a partition cleanup to update to windows partition cleanup update dear please provide help cleaning partition order update find more information thanks best regards tester,internal_it::HR Support,c65628b38d923e98117a7c50127b6aa7c845f3853c0a8a39691edc34d476dd9c,internal_it::Administrative rights
improve design for its improve design hi suggest improve design application comments attached best regards senior analyst,internal_it::Hardware,5cedcceeddf86799185a2e2f33992f7e950c87922303421717c9b4c407ca7426,internal_it::Miscellaneous
need to install on computer problem already solved by local technical team bucharest install computer problem solved by technical hello yesterday needed install got help by yesterday needed rights log regards software engineer blvd floor district,internal_it::Hardware,8b0ef34054d0c71f6c20be0a229eb2977963d1b30bae1d20b7d4f7e527a2dcf0,internal_it::Administrative rights
windows installation md time installation dear install today pm best regards software tester,internal_it::Administrative rights,71b984d91008aede0db9ee364e1510afe5c73a49659e0a3df173b20d253a55c2,internal_it::Purchase
new client modifications oracle client modifications urgent dear please help client which assigned change spa created code move spa please find attached setup form updated regarding contract approved change contract please find link contract id appreciate give resolution today thanks lot officer,internal_it::Internal Project,c61c40277917f90c93de4a596fa22ba6eca2a40a661fe25ad671a8e9cf780a53,internal_it::Miscellaneous
new delivery reception hello received items backpack please advise please log thank engineer,internal_it::Hardware,15147de756866e585a420b37b2551f4f99338c259d6099b541f9b9872373dea1,internal_it::Purchase
change backpack change backpack hi backpack years good want ask change old returned colleagues left regards developer,internal_it::Hardware,78653575d2fb4ff1832e6349531a871aa209e914579b27cbf4c6c582b34d2f29,internal_it::Miscellaneous
notification dashboard maintenance work dashboard work dear dashboard unavailable st november wednesday please notify user attached document engineer,internal_it::Access,404167eb9d78efdfb8b145cca18104dcbd1cc416986f98af639264ac00b2b4b2,internal_it::Hardware
hot spot for second floor hot spot second floor dear please provide mobile phone hot spot second floor needed today couple thank regards leader,internal_it::HR Support,85b1db2c6f643dbf9a1d3d9e856264a07900a0db70d7c9ca9359cd5112e03730,internal_it::Hardware
changes oracle changes hello please find attached file recent changes please log matter assign tracking purposes thank kind regards,internal_it::HR Support,d90cc143a3b271821d0582b364f5c2f2c87d7990934f11817af2c3f01122380e,internal_it::Miscellaneous
ad access card automatically logged tickets to be modified hello please modify categories automatically logged leaver tickets populated shown attached print screen thanks,internal_it::Access,a0d54d0da8e0b97427aeef76207697cf8cf1559b0cdb139c5e28958b3fc07d08,internal_it::Miscellaneous
help please help please hi created link layouts pages target lists final target accounts action default unable because checked out how done how reverse accessed edited again help please cheers head id image,internal_it::Miscellaneous,44af8ad09046a507d36d874a1d7d29043af5417e965b853e2d1a8f3648783661,internal_it::Hardware
provide cable and to cable tickets hello please tickets walk locked provide cable provide cable thank mobile,internal_it::Hardware,c4fb6f92c00058c66c3b5300e3944585b39b86cdf39c8471eaaa7f133ac8b117,internal_it::Miscellaneous
new booking account oracle booking hi please help create booking margin attached form tried via create tab run via sd thank program upcoming leave none planned,internal_it::Internal Project,5f7ab7fa87c2855ed945af2247d30b3e4e1d12a5fdd80d9e2ebfd21dc4a7fc3e,internal_it::Access
possible re possible hello unfortunately received same kind again yesterday afternoon find attached please take thank regards,internal_it::HR Support,59f57b9ef9c75cedd86aee20a52b55133086a231ff3750e2850a401baf2ce4ce,internal_it::Hardware
please open a request and assign to please assign hello please assign directly order link both cards fiber switches thanks senior engineer,internal_it::Hardware,921e67bfbc2f65e6269c611300876678ba4c0a30e611f08ed442abe41a4521b9,internal_it::Access
board configuration board configuration hi please assign please board filter columns thank,internal_it::HR Support,de3ef844b6d067e427c68fe888511c56892b9737bac8c920aa29497fdf0d2406,internal_it::Hardware
access good morning currently working relating client success stories order analyze inputs accounts tab please help best regards,internal_it::Access,d947fcbb497d1eb476cdddb353cb848343e45fe183c18db30fccd8ee29da588d,internal_it::Hardware
mobile phone replacement tickets hi today tomorrow which unusual assignment reported two issues directly helping out has return requesting appropriate tickets raised keeps running out drive despite consciously store drive mobile phone work plugged making mobile phone more than take phones mobile reasonably reliable preference regarding brand os thanks kind regards,internal_it::Purchase,ab6df21d0d7541edfe9bfc036ba531ac71f810fd2fec0fca81ccf124585103c9,internal_it::Hardware
service support description pas re description la hello please location thank respect thursday october pm re description pot link se pare ca merci thursday october pm description hello prepared draft description appreciate bring inputs document suggestions require additional clarifications please let also schedule call over details thank,internal_it::HR Support,b70d76fe88b1ed2b4234a37ac9fb67996ac026b0a615ab06ae234b5cc00aeef4,internal_it::Hardware
amend list com amend hi please kind replace further information please hesitate thanks best regards care,internal_it::Hardware,60512e73d68f5f2eb198640752bc042d030a03c13187232a7adfb9c53ee0fa29,internal_it::Miscellaneous
multiple under multiple under hi guys please per please investigate has assigned per image kind regards administrator,internal_it::Purchase,71e9cb70f812320f87aced32fcebcc02b14871c88b821d6bf7b09e1ed83bf5cd,internal_it::Miscellaneous
re pipelines for multiple sites channels re pipelines multiple sites channels hi guys please he po absolutely critical him please process priority thank wednesday october pm re pipelines multiple sites channels think expired needs assist review interim director water street floor ny dial ext fax wednesday october pipelines multiple sites channels hi added requirement improvement suggested today about making pipeline by multiple sites created item please review requirement thank senior analyst information transmitted content communication confidential intended intended recipient affiliates subsidiaries intended recipient hereby notified information contained transmitted communication dissemination copying communication strictly prohibited received communication error please notify immediately by replying delete,internal_it::Internal Project,5868d0c9c2fc079c981ddfea2d2271ddf10c6519c96cd0f4bae3fe6e27ca1ee1,internal_it::Access
approval flow timecards action required entries hello please log call thank regards october action required entries hi recently has updated setup approve button thanks october action required entries task application entries details assignee assigned date task number recommended actions entries card details card period status submitted card comments reported code type location task details absences totals location details days comments mon wed sat stop stop stop stop stop stop stop apex scaling automation performance regular planning country enter comments about entered by regular planning country enter comments about entered by code regular planning country enter comments about entered by disciplines regular country enter comments about entered by daily totals calculated type code location task details absences location details days comments totals mon wed sat stop stop stop stop stop stop stop regular apex scaling automation performance planning country comments regular planning country comments regular code planning country comments regular disciplines country comments daily totals related links comments display history updated by action performed assignee updated assigned assigned assigned assigned assigned assigned assigned assigned assigned assigned,internal_it::Miscellaneous,5431aeeefc5e9d024e437073e5eb79d4c9f9fa409e2041109c7e30ac470a6182,internal_it::Internal Project
import of final for into import final dear please assign thank kind regards analyst,internal_it::Purchase,a63aa1ca0070501d969aa2b3ff7180de61576679b5f7ebbb127fb9018377d91a,internal_it::Internal Project
calendar for absences tracking re setup form confluence hi generate calendar absences tracking,internal_it::HR Support,a0441eb3286c87e3057a1218bfae4875fb5862365ce0e6db65af407b990c60a5,internal_it::Access
access to boxes via boxes via hi please add required routing options mentioned individuals thus via public note make sense create manage these provisions bulk comers thank test consultant mobile,internal_it::Miscellaneous,8b9ef8f081867ea61fa144002993bb671cb5ad0467d3b3ddaf0b2f750fb4cd05,internal_it::Hardware
admin rights rights hello observed rights anymore tried setup tool testing unable since required right next step obtain ask thank,internal_it::Storage,16d45e732d5052bc3f7ae8a6517de3d4b0432f0a24d4b355745a0141f9883763,internal_it::Access
change for re hello please thank october pm re please find attached assume friday october pm hello please fill date thank,internal_it::Miscellaneous,b5bc1ba05e5a706dd989189ff7716f048a38321ada17ea763e4891c110fbfb10,internal_it::HR Support
suspect re thanks probably find active accounts inside hopefully nobody replied please add kind regards october hi received attached saturday looks subject body unfamiliar strange combination employees please investigate kind regards senior developer,internal_it::Access,22869511014349cf267a3f3184bb05914f4057083368ebd93399ea834bceb7b2,internal_it::Miscellaneous
admin rights on en rights hello update others require rights computer number connected wire engineer required install software test different configurations procedure thank much senior engineer,internal_it::Administrative rights,9e9a519f9ab016ca9bdd9431f08e2f6ce02ab237637e6b9b6150a1e3b285a883,internal_it::Hardware
leaver tickets audit leaver tickets,internal_it::HR Support,4f8b817edd8eab23e8579939492fbbb9b47c94815b7099effee4f9e58a504481,internal_it::Miscellaneous
re we updated please prepare for sale en for re updated please prepare sale dear please let closed action required completed removed marked disposal sold owner please reopen regards officer,internal_it::Miscellaneous,53ba87fb62dcf5793155617945de51353625eca61693ce32dd97d4b175cea685,internal_it::Hardware
re action required approve requisition re action required approve requisition please separate tickets monitors thank october action required approve requisition care la lead october action required approve requisition task application take action links actions approve reject more amount entered by monitor inch wide type monitor justification order process booking least screens opened same mailbox costs booking tool processing bookings also front copy id passport critical double information processing booking make booked properly having additional monitor mean more efficiency approve reject lines monitor inch wide type monitor requester assets accessories task closure monitor inch wide type monitor requester assets accessories task closure monitor inch wide type monitor requester assets accessories task closure monitor inch wide type monitor requester assets accessories task closure monitor inch wide type monitor requester assets accessories task closure monitor inch wide type monitor requester assets accessories task closure action history approved submitted future approvers framework application identity view task details,internal_it::Hardware,2917d77ddf2d87f9bc3ada7d43390c17a910cda39d90a16e7c1485a3d3daa0f7,internal_it::Miscellaneous
keeling has finished his engagement with but one of his time cards are still the saved can you please move it to the submitted hello please help has finished his engagement his cards saved please move submitted has extended two months looks his disabled please enable asap he urgently thanks october re importance high hi locked out accounts unfortunately cant please let thanks re let re hi tried characters got same entered meet minimum requirement string again re hi which characters think characters enough thanks hi unable again suggested changing forefront gateway which mailbox change again succeed accessing submit updater responds entered meet minimum requirements input length chars mixed tried passwords too screen outputs error please re action continue error please administrator chrome best regards,internal_it::HR Support,94686c724fddcffcc9d4bae2bb154bec3c41bc4d8e8a4450600791713056ab44,internal_it::Access
allow access via allow via hi please allow via kind regards intern mobile,internal_it::HR Support,abbe42e920399c031034d32f8fdee7a4b1a2fbf4b980a88e48b57ff21c07e907,internal_it::Hardware
zephyr project setup zephyr setup hello synced about official tool test test cases he informed zephyr level created inflight give members best regards senior tester mobile,internal_it::Internal Project,fbeb3c66358f8b2f22bf5b5a0421ef7584fff51bbacc3ca4468bb3d814a313eb,internal_it::Hardware
access for environments environments hi please granted part other details needed please let thank,internal_it::HR Support,6afe80439d70868001baa4d1ed5bfcd597c1324664c6fc436695fe712f87aaad,internal_it::Hardware
update mappings on accounts update mappings accounts dear also assignment please note related best regards engineer tuesday october re has assigned task also assign task work best regards engineer tuesday october re has assigned movements were accounts out client card software solution computer connected electronic control techniques lines discover id flight software tech ice idee iliad press leading way manchester germany restaurants assembly cards other others others others cost red recorders reproductive medicine jersey route canada college fund electric simplify digital germany macedonia sonic studio mobile st st re logic digital texas resources title resource underscore music manchester reading unum veritas mobile growers working zoom cluster seven rainier communications tuesday october re has assigned specify more details about best regards engineer tuesday october re has assigned good thanks more mapping according structure update best regards,internal_it::Hardware,3e5b2cd04a46b38e531f124db2b49cdfad074fe01cfd38cc2219e63e03f15303,internal_it::Access
missing information for active directory information active directory hello please update information related active directory location job title job grade etc kind information give her rights platform thank design lead,internal_it::Hardware,679f513731f1494e29fc05acd09fd532a39ed98c3f52afff89ffb2f3e935f04b,internal_it::Access
migrate to control hello please create tickets assign queue migrate migrate migrate kind regards engineer friday re control hello guys please turn off won anymore create join under name help configuration after build did yesterday control works fine details schedule call kind regards engineer friday control hello far setup did issues caused by distance satellite ensure control by takes must requires control migrated populated afterwards moved back please work together ensure addressed high priority please reach out additional resources committed effort lead,internal_it::Hardware,e3000af22cf8baaf696f2e91d41076b143da23405abab3ca2686458b0bf18514,internal_it::Access
missing hello advised visible due view contain increased view visible waiting updates best regards engineer hi please advise thanks best regards,internal_it::Miscellaneous,95efa3f8fe617e2fc2f7cd132a62b7c998bd5c4a511b22775687beb8c448d489,internal_it::Hardware
oracle sign issues sign issues dears assign please regards engineer sign issues importance high good noon dear colleagues since yesterday sign help possible create urgent thank specialist,internal_it::Hardware,a11e3ce198ce217f0528e0223db0a16f4d54c7562ce03cac54ba935b2c7d37c3,internal_it::Access
leaver open tickets leaver tickets hello please update procedures automatic templates tickets related leavers these directed instead thank regards owner,internal_it::HR Support,ab5e99dc345739c23633d15bd414fa661202e663660f02cb2c07d26776815cd4,internal_it::Miscellaneous
creation of a new project and re creation hello ramp formal understand generate code discipline call tomorrow about schedule thank lead wednesday re creation hello thank contacting pleased help creating fill setup form which attached let best make call please assign thank great kind regards engineer kind regards wednesday creation hello sake ramp process joiners aiming create boards defined remember helped create colleagues help thank lead tuesday re grooming board hi how doing today everything great awhile since talk thought follow regarding please advise updates side assist wish wonderful kind regards analyst pm grooming board hello working currently board want grooming board refining stories prepare ahead currently please help create please let information require comply thank lead,internal_it::Internal Project,0dee28fc7c032137085d6bb0148fc5642164bd34ffbb53066b8f8ffaa92e4ed7,internal_it::Hardware
time entry ticket request data hi re doing requests user experience exercise digital share requests spent mitigating user issues these processes please let provided help thank senior,internal_it::Miscellaneous,645bc1eb7d5c792088d05d4d0460ec88fd2b745607637373bb4dbdb5df518b4c,internal_it::HR Support
help help hello which groups enrolled please find her thank lead tuesday help si si mine engineer id,internal_it::Miscellaneous,cca3723de5befa7bacca0c4927d1acae783487c2c472eb48c803b362229073ad,internal_it::Hardware
request for hi please assist creation attached thanks head,internal_it::Access,12d45515c0b6cd7e3a74b17d13dd1e24454d81228ed110afffc84246f679383c,internal_it::HR Support
server hello please advised scheduled works starting pm experiencing issues upgrade operating polls down during thank engineer friday pm re face se la lead re tot upgrade si fail tine si alt si engineer friday pm la control ad site la lead,internal_it::Hardware,664a7fe2231c90deb6184cab7625cf48a5b4884d434b1a3c19242610efd930ec,internal_it::Administrative rights
belgrade users users dear please log users per attached instructions picks please let coordinate works together complete users attached thank regards lead ext,internal_it::HR Support,6aca240dad180c683f1caf590c06cedf28a57df7a3bde2922264954cf72da3a5,internal_it::Access
changes oracle changes hello please find attached excel file changes kind log matter thank kind regards,internal_it::HR Support,0e47a83eaa40e3311812a20bd77b517c1914991ee8e49c99ec9e222778d489b8,internal_it::Miscellaneous
provide access to servers for additional test device provide additional test device hello wallet mobile app needs testing which gave number devices please provide device well se developer uses phone addresses which device needs host intern host proxy host proxy test host test proxy host test host inside secure thank consultant mobile,internal_it::Hardware,c3a47e1302f1c45fbf2e18664eb24ae8b5f35db80c4e6dc61f3154012c27cff0,internal_it::HR Support
access and permissions permissions dear please make user has same permissions ones colleague has thank,internal_it::Access,10f0ea2d19bf4579761e1a076cb1c5389fb2a8a1f39e8210774bf7c18cf3dadc,internal_it::Storage
contact update update hello please update details thank senior tester,internal_it::Administrative rights,d75c37fc58917ab04ce285311dd726dedaf13bc31beb8e42c6c5d69a92b22bb6,internal_it::Miscellaneous
enable for enable others hi please help points please enable role requires traveling often site urgent moment few cannot floor yesterday entire connect st floor other floors rd thanks,internal_it::HR Support,18c4d626aec533c36e2f2d1b9b2d498026d62b119fbb5a32ed7e1f8fd169b772,internal_it::Hardware
tech support storage tech storage hi amend follows please leave leave leave add regards,internal_it::HR Support,5ebd20214be54275414e494b3cab23171b3b31f820017beb778c41da3264a11c,internal_it::Storage
access to mail dear colleague leaving tomorrow he responsible leads expect further mails hence ask give myself possible best regards senior main main,internal_it::Storage,93de3af462469be6b824678595183520d057c8be9065ab8981e803d6a0f78cc3,internal_it::HR Support
mail about registration name please forward leader thanks dear sir madam thanks reading letter letter regarding brand etc chinese registrar received registration application found main body brand same name therefore verify two companies affiliated please asap thanks cooperation best regards fax road,internal_it::Purchase,918a4c19444d954774e05f0537847330e0105f48e8ecef2dc569921a66f1301b,internal_it::Miscellaneous
adding a new issue type issue type hello ask how add issue type story test etc thank discipline lead,internal_it::Miscellaneous,270f88275524b548c8d2019aeda811c6486e1020ed0666534c2614962d2c3724,internal_it::Hardware
for with mail re hi perspective speak added configuration details etc think side order make ours please relevant ask assist kind regards hi kind pour side regards,internal_it::Miscellaneous,e823fe405c4c342b47a4112e0c487564fc343590c97eda422c30636c555bdc85,internal_it::Purchase
activation on employee locator activation dear wondering activate profile application due moment appears looking forward,internal_it::Access,dbee0bac61b0f2fdc17e46cbb97f5ec322859fe6466e8c1191cebdf3afc36b9e,internal_it::Administrative rights
update re update hi thanks please convert well thanks again,internal_it::Miscellaneous,09efe5f28e5e2d55687922a4b644f734e478c98a89d7c26905480b31afe89aa2,internal_it::Administrative rights
custom views custom views dear colleagues please help explain how custom views create leads coming via leads leads which disqualified leads which qualified thank best id image cd,internal_it::Hardware,7ed4f6e06c8d5b71cf39382e24e536045bdfb652f57f31c228b98b57f37304c8,internal_it::Miscellaneous
access to scheduled process for new entities scheduled process entities hi please thank kind regards friday pm scheduled process entities hello please created entities scheduled processes example fixed assets report these books please attached accountant,internal_it::Hardware,54b015886914fdc43b092c8dd00ee352ed696c2e42048e5f16ef2f15e3d9a1b2,internal_it::HR Support
re please action missing time delete re please action facility thursday pm re please action ca pus public holiday cod holidays notice rd blvd rd floor thursday please action conform unpaid leave pm please action dear part established processes each required submit his weekly basis each friday past must submitted receiving because haven followed process please action possible breakdown please log accordingly training materials available id by each wednesday past period then also notified country date total days,internal_it::Hardware,5ad0b79628a7722bf06bb03dd9b1ca5e030525a387981c5e4f560ca2ed086759,internal_it::HR Support
re your input needed grade changes re input needed grade changes hi name qui ones regards wednesday pm re input needed grade changes hello error where appears added also version made updates accordingly added too updates done side thank lead wednesday pm input needed grade changes hello ne pot face sync care face merci job specialist wednesday pm re input needed grade changes thank member head pm entered noted spelling error name qui qui ones instead please let fixed well thanks head,internal_it::Hardware,0a7c774968d97ef5db56f21228fe15875e9f17a3287657a9129db687bf646f82,internal_it::HR Support
need access to the system hello please advised logged queue regarding which believe manage please take log side closing down due application kind regards analyst,internal_it::Miscellaneous,c8339bcb8ba5c921c2942356425361da7feb0ab271df6b035e636aa7d2d70811,internal_it::HR Support
encrypted portable for data backup re win upgrade thank kind regards infrastructure ext phone tuesday re win upgrade portable please thank kind regards engineer win upgrade hello guys tomorrow he want upgrade his os he solution back his secure storage assist him solution please thank kind regards infrastructure ext phone pm re win upgrade backed kind regards re win upgrade hello thanks updates tomorrow he upgrade his os event good want join,internal_it::Storage,d9bd8ae5659ef32af8f2d09966c74067c103cd66fe96ab9555b1b795a3393b28,internal_it::Administrative rights
virus or virus hi please attached thanks virus sh location lead,internal_it::Administrative rights,9fbe08b631473e29bffd5f98d3d18fb3b577db9553c252e4160b5c3a5be2f650,internal_it::Miscellaneous
oracle back up approver back approver delegate hello please back approver period she annual leave advances approved her thank programme portfolio officer,internal_it::HR Support,8467ddae32e9bfc6a300c451a7c48a05ba752ae46af1b5f8e4af6e1ea836e05f,internal_it::Miscellaneous
ram upgrade request for information upgrade hello upgrade currently installed sufficient daily work several instances visual studio instance browser thanks software developer,internal_it::Hardware,c9a25358210fa26fe84966cfb05df45ee2c99ae4b5dfd27436ff405cff2ee6be,internal_it::Administrative rights
contractors list contractors hello please advise code offers cost recovery create please call assign thank kind regards thursday pm re contractors thanks please assist setting utilizing attached setup form let additional information best date thursday re contractors hello thanks confirming please find attached code form which pre filled please feel free alter information once complete please forward thanks kind regards thursday pm re contractors hi option thank help date thursday re contractors hello doing well picking separately quickly turn things around recall recent call contractors process mentioned raised directly by reach perhaps decided right approach raising two options table correctly flow offer proper visibility potential costs contractors raised by report based information furnished by contractors raised by resource code created pm based information furnished by once decision gears motion make thanks kind regards contractors hi per call today please find attached investigation performed contractors filled column po also funds left po note none these combinations except which pending yet po mentioned call work mechanism give authority over contractor costs raised form although raised flow,internal_it::Internal Project,6d7e50934216334afc3ec757d30d7300c826fd898ade451e487a693d02b3894c,internal_it::Hardware
device request device hello mouse keyboard attach possible pro thank lead generation,internal_it::Purchase,3e354d8f172c20694f9fe1701c3d2df7f7a9ab3cde1f8dd7b368742fdcc66718,internal_it::Hardware
tv projection th floor tv projection floor hello guys help link working good usage display information kind regards,internal_it::HR Support,450a0c03794e246f9ccb880c21cab324e0b1572a3d019dce9f5f9e141b2bdec9,internal_it::Hardware
assistance assistance hi please assign kind enough assist advice thanks whom encourage keep excellent work,internal_it::HR Support,cb339054b3eda15674ed751b68c5f8b0d443dcc72411847d06b4048f7b3f8f28,internal_it::Hardware
feedback question on the feedback question name rating suggestion help text editors were text especially comes feedback helps lot improve visual text by underline color words bullet lists etc especially visual helps lot thank,internal_it::Access,3eb9ce3e92dcb088bfb892910c4003e00e2dcf3957831b9f902b886dd41dba07,internal_it::Hardware
hi purchased type hub sn his future pro order number please create allocation item perform order number by tutorial thanks administrator mobile phone,internal_it::Hardware,cb5dfb2c9eaa186665e0b1cef73c871a40a1930203b692eb02b4985b96442ffa,internal_it::Purchase
almost there please update contacts by monday the th your input needed almost please update by input needed hi please re incorrectly solved also please ca complaint name assign little unhappy how handled spreadsheet updated attributes which make eligible enter programme eligible understand also attaching communication please note informed how resolved passed engineer engineer did repeat information times feel free details want please assign relevant progressed per requirements thank wednesday pm re almost please update by input needed hi please corrected spreadsheet please make import map corresponding which thank saturday almost please update by input needed input needed fellow has placed awaiting response status input order closer resolution response reference summary please update by hold details hold details hello received errors during import more description hello identified old pass across agile acceleration more good change status awaiting user resolved after pending feedback calendar days response kindly touch updates want re how warm regards ext ref msg,internal_it::Hardware,c4428df8c064feb94dbbe1b2f4b8cff6971171f996bd4ff6e48feb95eabf7041,internal_it::Miscellaneous
proposed new employee proposed dear considering please note overwrite record future let once done kind regards wednesday pm re proposed hi joining needs revert back contractor status until his date october thanks mobility officer re proposed hi please updates thank,internal_it::HR Support,b02094adcdb3bf5622d6f1f9bc90e3a799ea95d3015c0d77e090e581e78959ca,internal_it::Hardware
hardware allocation tickets hi work please log tickets allocation upgraded bought po wireless mouse keyboard backpack upgraded bought po wireless mouse keyboard backpack monitor kind regards administrator,internal_it::Purchase,4b9f4f9c1a21a9e1572c13388a6331ecd70280b61875de90479f9861327ae784,internal_it::Hardware
access to inflight project application level wednesday pm inflight hi assistance side users inflight repository also thank head,internal_it::Access,d079b6b4d7a66201eb55366bfa2f860a192c0c8a1d53bd2e58a6602bf779e973,internal_it::HR Support
rights into oracle reports and rights reports hello help please rights transactions details report member reports order create cost customers st options moment leading person please him provide approvals thanks lot kind regards facilities id image,internal_it::Miscellaneous,8963561f9e80b11389f82baf61fb3a646e200db6a40eeda3f34abfdd149539c7,internal_it::HR Support
disabling access to the device re july vulnerability results has assigned hello issue vulnerability easily solved by disabling device which believe sends via please forward question appropriate let safe disable feature thank engineer ext,internal_it::Hardware,516d01170a4cfc1111547e767e62fd2a7b16b7b5846912ace2c454c2a39b5d97,internal_it::HR Support
windows rebuild friday pm rebuild hello guys please allocate thank,internal_it::HR Support,e4a96ca410e707888fcbe6f494b5367e4d5e44bf31968da6ecc7ea3a90bd421e,internal_it::Hardware
write and read access friday pm re write approved head friday pm write dear perform better share invoice daily help thanks regards main main,internal_it::HR Support,a5f86c20813230180f75ce1198315a0148e9ad94206e97e8ac6a057135d189c9,internal_it::Miscellaneous
access needed to restricted area for new colleague friday needed restricted area colleague hello since allocation restricted area colleague card number thank,internal_it::Access,ec5e325e960880a692d1e864887eea82168017440128f259160a72a88e78183e,internal_it::HR Support
check permissions thursday re item publicly hello please log assign queue thank senior engineer re item publicly,internal_it::Purchase,332ccd1dcd073256353054d22974ee39b86d7caa8515ccd989573ebe11d784fc,internal_it::Hardware
tuesday pm cases hi clients having error maybe please thanks regards architect notice leave st re cases won let even which attempted times error each re cases link review download next regards architect notice leave st re cases hi hold files created during code review stored confluence instance despite resetting twice help after target well cases challenge by possible thanks march re cases per call update target progress regards architect march cases regards architect,internal_it::Hardware,b9868cb722bedf05c8992f3c026637c09692e953853f5965e46881beedc15d58,internal_it::Access
software transferred from cd to pm software transfer medium dear please log assign transferring software she needed cd thank kind regards engineer,internal_it::Administrative rights,b7ea9eb888da441c9a38e0b404fde840bf3f3047c6fe092b6273e13ace815756,internal_it::HR Support
new for fishing thursday pm fishing hello has created fishing leader create which include please help create fishing similar br senior tester,internal_it::Miscellaneous,e4c81813b1b102d6c188caf77483b48d5d399851caf8765821b874d03b77472c,internal_it::Access
project for pc thursday pm pc hello installed pc steps taken software regards,internal_it::Access,8582e2300d60b62c4e555eb9b064d9698f9f0b16d175dc7f847949b32ef32616,internal_it::Administrative rights
add and to career management tuesday pm re hi way complete please add view organization chart user friendly more practical way opinion section thank tuesday pm hi kindly make change step instead view by view by then search right name then find name find per attached please these steps let view looking forward hearing thank kind regards rare analyst ext hub july pm re hi followed steps cannot attached want mention role thanks july pm hello thank bringing attention kindly ask follow short guide order view steps reproduce user has distinct persons directory person gallery organization chart tab window view by wait refresh please let encounter difficulties while guide result looking forward hearing thank kindest regards analyst ext hub july pm hi section please thank test consultant,internal_it::Hardware,2ed831764f00ebe2d3fc43aea579e402db71079aa6d7db70c24477e0050dd361,internal_it::Miscellaneous
oracle salary cost recovery tuesday pm re salary recovery hi everyone provide finalize task please code add recoverable second part july thanks date thursday july salary recovery dear help creating cost recovery code against please instruct how thanks date tuesday july re salary recovery hi good thanks pleased board role solution proposed by sounds fine she best advise thinking costs pro rata salary cost budget please advise good tracking along other transition members too think worth checking details how work each item salary cost recovery described per diem also recovered against against code approve accommodation purchased locally same code essential think best advise help let thanks july salary recovery hi everything well side notified about role transition currently picking plan pass interim identified somewhere regards assignment needs attention since continue based offering remote recover salary cost while working had conversation convenient solution create cost recoverable code against which example during working reflect ratio since cost covers more than salary filling accordingly pro rated salary cost recovered by other costs accommodation per diem etc included letter assignment reflected under budget looking forward view order conclude thanks,internal_it::Internal Project,decc155d2ce7df915775361e5be7b4ae8db69d89d46f1acefe62cb3e89e3b5f8,internal_it::Hardware
new projects required for client tuesday pm required client hello please assign kind regards tuesday pm required client hi please create within client thanks regards,internal_it::Access,496af040b6b51760d73ea995e15ae83ad12fb28e5d5e7504630d5784f59175d5,internal_it::Internal Project
add ram and drive tuesday pm please add drive increase performance hi please add drive increase performance regards senior tester,internal_it::Hardware,f85674d73d10806c5b56b25e3cc6844e8718015dd35d7395b4c313dfb24559d0,internal_it::Miscellaneous
edit july hi please add way provide permissions avoid going every want add person thanks application engineer ext,internal_it::Access,97395c1034543a664a016e30535667de4c895c5a5caa4b7f275cab13f2f49d24,internal_it::Miscellaneous
free space on partition on personal friday july free partition personal hello please log assign queue clearing disk partition thank best regards senior engineer,internal_it::HR Support,a3e2cd48d5985e582d9fffcd92414deef02504dd46ce940b470826267cf398c9,internal_it::Hardware
snow licenses and wednesday july pm snow licenses hey please take snow licenses reallocated understand tickets raised reference thanks,internal_it::Access,f1c3e87585a58d89a4ee1e788cf74474db6c81f87d03845610615825c7067984,internal_it::Miscellaneous
options wednesday july options dear please redo options done by thank best regards country,internal_it::Hardware,a4350610775dbd7d6cb9990ef53cde6329a3c0ee96d7ab6fdde5621e609b34a3,internal_it::HR Support
change the broken network cables from floor wednesday july pm change broken cables floor dear please help changing broken cables san floor thank best regards agile safe next annual leave july,internal_it::Miscellaneous,71489bc13725edd81f10302d56ee7047f225ec3e049007117424fe7eff55a032,internal_it::HR Support
ament templates tuesday july pm ament templates hi guys please update templates mentioned attached typos mislead users thank,internal_it::Access,48a8c37901b0081ea2ff79975f32ba33b0bfb0be19e19e43463b1b335e15968b,internal_it::Miscellaneous
oracle time entry for employees tuesday july pm employees hi please assign thanks analyst july pm employees relating please tasks amended by same task structure other locations same task structure same task structure thanks july re employees hi four tasks created by default each then add amend tasks suit needs tying identify appropriate person assist setting tasks back identified right person thanks july re employees hi log tasks planning etc applicable activities please add order log actual activities thank friday july pm re employees please again senior tester friday july pm re employees hi cannot add task log friday july pm re employees hi instead code appropriate task thank senior tester friday july pm re employees hi seems code work friday july pm re employees hello option enter code card regards administrator friday july pm re employees hello everyone please issue solved therefore ask submitting cards let other difficulties encountered reminder absence module yet fully configured usage please absence codes created circumstances leave annual absence leave special tasks public holiday thank senior tester tuesday july pm employees hi everyone experiencing issues complete sheet problems working fix affecting fixed once issues resolved thanks has by protection more visit,internal_it::Hardware,54f88c3e3bcc771062ffdd3f231770285d7a948ccb6d3fa9b24bc37c8e3a5dcd,internal_it::HR Support
access to local environment tuesday july environment hello environment work thanks,internal_it::HR Support,5e5978121a051c4dedd6ec6bbd4ad40d4dbcb27547d6f24d4f85175a47081f60,internal_it::Hardware
oracle problems july problems dear please log assign helping fix issues thanks kind regards engineer,internal_it::HR Support,4879f3cfb28abe196bd8abca8f904767bb05194e19f5ea56593f012773ed3d7c,internal_it::Administrative rights
remote access to team friday july pm remote hello certain resources please help by granting required members remote environment database please approve thank,internal_it::HR Support,952fe2467b79a27784482fe8abe4478dd0a79bd3653166f1931fd3de8425e523,internal_it::Miscellaneous
updates friday july pm updates hi please update opportunities moved except which thanks officer,internal_it::Hardware,bb80d37a997fe71f41b94de25261d2f05e6c6e5fc26798fa79671069a164eca7,internal_it::Miscellaneous
updates oracle friday july pm updates hello please find attached excel file updates leavers july please let additional information needed kindly asking assistance respect logging matter tracking purposes thank kind regards,internal_it::Hardware,5327d7b2eee0516eabe4dccfa270504da4bacd3e0665bde138b1e35be76554d9,internal_it::HR Support
access from friday july pm hi please resources while connected thanks,internal_it::HR Support,537872044a89df3f9db0198045edfb5c04b6de2a0bc1cd4891a45ada8ac0d538,internal_it::Hardware
for access friday july problem client hi clients expressing problems towards installation please provide details help,internal_it::Hardware,ac9a8289ab1718f744429f0ebbfa655fe0f5098ff67bb1650023482626669aa7,internal_it::HR Support
access to list wednesday july pm dear ask please add thank officer,internal_it::Miscellaneous,f123e85f7db40b303c226ae4f7574400604f5d60fb878f94424f1780429e193f,internal_it::HR Support
extend partition size wednesday july pm extend memory hi lacking memory partition over other partition kind regards developer,internal_it::Storage,f415ec78077e694baa984b9526773b587f1f83bb041ab400321f77258cb20216,internal_it::Hardware
pm changes oracle wednesday july pm pm changes hi please assist changing per listed details thank hi please log regarding pm changes thanks please let further assistance needed kind regards analyst re incorrect flow care vin la si inca va heads discipline ca pm disciplines hods analysis architecture testing,internal_it::Hardware,fe93978d255904d06cfba262bdcbdb654b9622f538cc7bba4497cfa81fe67c82,internal_it::Miscellaneous
project tuesday july re attached updated july pm importance high hello please advised granted also users cannot create creation must complete attached setup form required information create further assistance please let analyst ext hub july pm importance high hello pretty urgent rights create by regards,internal_it::Internal Project,63c3ca6a99747e97b49515cee0d9611e917eeaa4a5f63897f898f51dd2aae593,internal_it::Access
add users the network tuesday july pm re add users si el va intra maine tuesday july re add users please help tuesday july add users please include users,internal_it::Miscellaneous,65ec9336518922c3aa817ebfff7b4ccd0fed69033416b9530630a06a1fb81a53,internal_it::Access
lost card swap request tuesday july pm re lost card hi lost card phone thank tuesday july pm lost card hello kindly advise lost galaxy mobile phone strictly card device lost registered please wipe attached guide also permanent replacement meantime ask provide device looking forward hearing thank kind regards analyst ext hub tuesday july pm lost card dear lost card please let order process card change number professional number well grateful communications,internal_it::Hardware,0bc9011d5f9c83290a37b948ede862a266687f0c31533f09035bf64e5b9a88ff,internal_it::Access
items needed july items needed dear colleagues please kindly ordering items mouse keyboard headphones keep provide these items great,internal_it::Hardware,556c21de5d495bb6fee0330dbe5790fba6e8b359f405913ef062420bcfc180c0,internal_it::Purchase
please update contacts by monday the th hello identified old pass across agile acceleration platform please help add imported hold assigned reassign after changes made engineer friday july pm please update by hi please upload survey attribute replace other surveys add survey appreciate done by sorry late raised thank much care,internal_it::Hardware,9dc01b63540b8738ba095e89b5a6e58061bf0b67ab75635edd5e5b8c51136876,internal_it::Miscellaneous
macs conflict issue thursday july pm macs conflict issue hi please log assign thank best regards senior engineer macs conflict issue hello coming back same area helped previously conflict issue because more colleagues joined experiencing same issue did previously details these name ca please let enough require further also please let needs normal flow manage regards test consultant information confidential,internal_it::Hardware,48e3b9b4edcc5d011250f4622c865b705a41b3b7032f964ef762312c3088a27f,internal_it::HR Support
remotely access on songs project thursday july pm remotely songs hello music songs want work remotely resources deploys saturdays needed remotely thank,internal_it::HR Support,e67ae759643ea4287edf2e1d54880b765f802ff383ce54e315058ddecfac1cf4,internal_it::Hardware
notification help us roll out chat to all help roll out chat,internal_it::Hardware,8edf3fbfa82bba1af5663bb2a6a0a3390b5ab7574943354156efc3ee85cc7d0e,internal_it::Miscellaneous
access to new mail box wednesday july re add user hi please too thank kind regards friday july add user hello please note has completed part further assistance please let kind regards analyst ext hub thursday july pm re add user approved successfully added best regards thursday july pm add user hello owner mentioned groups please approve kind regards analyst ext hub thursday july pm add user hello please add also share her mailbox thank kind regards analyst,internal_it::Storage,536ee9dbfb04d7ba39060e191cf6a67763e279000548b54dd4d8c6147b5bb7d1,internal_it::Miscellaneous
contact list last used for incident wednesday july pm expired certificates incidents hi guys please phone needed thanks,internal_it::Hardware,f256a37b73e03622a136fdb0fa377668e4f98a44fc0b082a06a98f5c274cc25f,internal_it::Miscellaneous
ticket for hardware retrieve wednesday july hardware retrieve hello guys please assign queue retrieve old since he received please kind regards engineer ext,internal_it::Hardware,6ee26515bdcbc277be2a4c0397f4736e3b3c8809f2d69ab886969a56ce6c9c5b,internal_it::Miscellaneous
service now changes july pm changes hello view within seems changed changes related myself changes left had selection pane please advise br infrastructure consultant infrastructure upcoming annual leave st july returning,internal_it::HR Support,eac3d82db9960afaf17c0d6265247639d9318c74272b608f0ce7ac1efa334086,internal_it::Miscellaneous
content changes july content changes hi created task please take enter changes needed please work implement change same way did explained by change status pages same internship programme internship programme internship programme internship programme additional explanations please let please assign queue thank best,internal_it::Miscellaneous,5f2971280da44d522c2b567fcbc908b39c8cb713e17c0a4fec0f5d178bbcd7e0,internal_it::HR Support
en pop friday pm re hi arrived kale requested by needs installation tickets please help discuss which user upgraded machines supplier deliver remaining modules mid july lack deliver faster memory upgrade thanks administrator phone friday pm re hey done guys copy she decide users which upgrades thanks administrator phone friday pm re hello clarification needed installing modules her purchases thank engineer ext re hello received modules skill invoice pieces regards engineer ext re way premises depends driver route latest invoice attached per best regards macedonia friday re hey client eager these deliver he talk thanks administrator phone thursday re hey let way said rest follow possible invoice things done thanks administrator phone thursday re order supplier sorry coming back possibility partial agree qty think deliver rest next shipment weeks best regards macedonia thursday re hey progressing well thank administrator phone hey skill pretty please help thanks administrator phone,internal_it::Hardware,7aa9f0f91eeec72257cd0d9f2f6a060028195bcda4b0996bac5e76a7667e2755,internal_it::Purchase
permissions friday pm permissions hi per communication please pm black duck view ca pm pm fie pm done pm merge thank engineer,internal_it::Hardware,880ebe7e13c779de1fd67a47080ff829167d6f26cb2007655af7402ba3021cff,internal_it::Storage
access to wednesday pm re hi again think clarify cannot pass enter identity tried error cannot log verify entered identity application administrator continue instructions how thank wednesday pm hi please rights taking over role thank,internal_it::Hardware,347dd14b6203908138639effe9b7adf491ed620831dcf483b82571000ca2f23a,internal_it::HR Support
servers wednesday pm hi please thanks engineer,internal_it::HR Support,c5a52785bef2beec4fbdecd043687023c4d263264050a078cda37d19d60ad2fb,internal_it::Hardware
external account for den wednesday pm den hi received provide den publisher ad moment please help these requests tried log did work let approach different way thank officer,internal_it::Hardware,1c995d933c75786627c4535448ffec96e2e7972cedb6b27704ab3d783a80cfa1,internal_it::Access
change thursday pm please code also he martinez regards qui ones senior,internal_it::Internal Project,b1c59ad186f36ba014205ddffa0a46bab9284b40c79c35fdec1ccf1c51e9c780,internal_it::Miscellaneous
missing rights oracle to add tasks friday pm rights add tasks hi enough rights create task similar rights example manage plan even code which manage plan thanks program,internal_it::Miscellaneous,2494280726557e3584bc12d46d1ddbbe60e7c6d3ef9b5b2afe85ace07606dbc9,internal_it::Storage
add me the am support pm add hello dear please add mailbox thank kind regards,internal_it::Storage,0d5a998405bf72618374ecbf61e201a79dceb40a5f18d235e2479fbcebfb2a67,internal_it::Miscellaneous
set a new availability date for and re errors task details hi help issue regarding these two codes bench told availability date these codes enter timecards these codes until july thank,internal_it::HR Support,c76f599e6385209541e1aa5f35fde5d7525db6c8f970ee7ba4607f2a0249bb63,internal_it::Internal Project
changing security for caps pilot and caps pilot pm changing caps pilot caps pilot hi caps pilot caps pilot allow running nodes secured by basic authentication changes starting tomorrow evening great right changing kind regards,internal_it::HR Support,3698fcbeb02beb59cb8f1d1a047b0294c0675fe2fc1dd567932cb166580c89af,internal_it::Hardware
installation en pm re installation hello please separate tickets each order install app best regards engineer,internal_it::Miscellaneous,99676fdcd73a2b45073e6dec4ed4998213a74a844696f2c4e979b493dd5d681b,internal_it::Purchase
create list friday re create conf mobile hi please find attached setup form note owner few organizer perfect create add these four existing br date thursday re create conf mobile hello please advised order create corresponding require completed confluence psf kindly complete attached psf provide back looking forward hearing thank kind regards analyst ext hub wednesday create conf mobile hi done client mobile please assign add rest permissions br,internal_it::Miscellaneous,b930d91e64c004b495dd8333bd76c36c95c45961bf9112e9e6e5b9db05ac5ff4,internal_it::Access
request outlook groups friday pm hello graduates trainers si si mine si senior developer,internal_it::Miscellaneous,c7f2a6460a6611be09fe6082a23bf334749f8069eb5c97deaa1970e103898856,internal_it::Administrative rights
reports unusual traffic thursday pm reports unusual traffic about detected unusual traffic computer checks requests robot did eclipse titan eclipse titan chrome chrome hit confirmation button proceed best regards,internal_it::HR Support,5bab66d70c4a6a58c3fed2b032f48f070a5e4197f9005749066f378cbee594b9,internal_it::Hardware
notification cr medium has been by a tuesday re cr medium has by hello please find attached requested form change takeing please let change affected best regards senior engineer please consider environment print tuesday cr medium has by hello summary wireless controller has approved by please wait until completed starting kind regards ref msg,internal_it::Hardware,851b953f3371cc86dc7e3e05ef43acea9dccb1be4a9771f525dd046023788744,internal_it::Miscellaneous
upgrade ram on upgrade hi upgrade additional member myself please proceed thanks tuesday upgrade hello teams upgrades lap tops additional order perform related testing please organize upgrade thanks,internal_it::Hardware,9b33672dfdecd883a284be7f2cc50f0e4083ea3328b76cc29516568d5a199cae,internal_it::Administrative rights
windows updates check status of march kb thursday pm updates status march kb dear please log call status mentioned come back commented table status column kb name status march kb test march update kb march update kb march based kb regards leader,internal_it::Administrative rights,04926724fc0f4ce829b2a31bc0b40447e83f87cffd3c6c8086dfed3803542a30,internal_it::Hardware
nexus admin rights for she migrate packages after how migration nexus package which uses she she requires rights order create repositories tuesday pm packages moved nexus hello nexus la si cum la nexus package care ca ii rights repositories,internal_it::Hardware,5773aac00c62cd2dacfa9b1db20859ce1704fe98c9465ce0a9b7587bdf22a858,internal_it::Access
demo server friday pm demo hello please regarding enabling demo having problem creating best head,internal_it::Internal Project,2ef7bb9ae36610e8435758bbcad3975cc7e4864e9fab0f2ef1407b8f60e375d9,internal_it::Hardware
create mail contact his name credentials him,internal_it::Access,a97e47d94208890fe2e3a18437bcbfb3292046ff9159ce67019e01edafd53620,internal_it::Miscellaneous
new starter oracle project tuesday pm re hello attached find document filled required please let help regards test consultant tuesday pm hello please fill,internal_it::Internal Project,1a0d517180fbe332ada74e80c09c7d25a7dbd08c2abf3a8c6a0d3b0f16356e93,internal_it::HR Support
issues thursday issues working once administrator rights removed unblocked issue thanks,internal_it::Hardware,b3299b3b1b25da3fc16283dd649347abafc53f32974aba177ed0c11aad731de1,internal_it::Access
strange strange hello received attached want br analyst developer,internal_it::HR Support,7e0d3572081ed6a6f5daa2f0075b5d7b476f85ae4b545a1d241f1b67ac888af9,internal_it::Hardware
thursday pm hi teams part order number replace today reason informed display cracked piece needed improvise updated represent recently received upload label attached sorry about supplier mess thanks resolution please log replenishment thanks administrator phone,internal_it::Purchase,e4a16f2db0d843ef69e25059c6eb01c417a6151caf0f3c1d83b83781bca09061,internal_it::Hardware
line manager tuesday pm re update tuesday pm mine ca si si ca la tine developer,internal_it::Miscellaneous,95462e6febc64df8071b2573cb7c0ef901f94f571a18eaf018307f47131f273d,internal_it::Hardware
extension cord needed tuesday pm va regards accounts payable accountant,internal_it::Access,795df1ef0644d860e908163b041a649f8bb11c01627f9080d1594fbdd1082b0c,internal_it::Hardware
server for the discipline tuesday discipline hello were several occasions discipline wanted store view own work together different locations mainly apache running possibility installed also also let developers via load sites files transferred via git storage suppose more files also images needed think even enough while important discipline come across trainings school other graduate programs also without own dedicated right colleagues bench going receive useful store sensitive information rather than seeking free thank developer,internal_it::Hardware,ebf08cfb597e968a49424d2325f17c1398248926f32d6235adb3c36f49d468f6,internal_it::Storage
new headset friday pm headset hi headset regards,internal_it::HR Support,cd381eedc6f9c87ef36782f46892a241bde35a1541dee121205c77bda75bd2c2,internal_it::Miscellaneous
windows for the its team en wednesday pm re hi per thank hello please log install each based availability ours please advise suffice thank best regards leader ext,internal_it::Hardware,2ab6591aaf253f157c620efd4fa3de558b8b2b9f4bc193c4d6e62a7bbdea7597,internal_it::Purchase
windows tuesday pm dear win installed understand way appreciate installed faster having freeze abnormal resource utilization issues version cheers architect architecture,internal_it::Hardware,79cc514f0cb9d822260efcf64d61093384ac783f14781caa1b4232b0544711a4,internal_it::Administrative rights
platform access request user provide effective date,internal_it::HR Support,78b70091399e60bd41a632a6aa236d56a71fa759dc504cf568f36355c14986c7,internal_it::Access
set account com at outlook pm hi possible well grateful communications,internal_it::Access,14fada05fb919579be10273c94e8c3bf8b4f32fe49eeebaacd0023775780dabd,internal_it::Administrative rights
feedback question on the feedback question name rating poor too complicated submit simple feedback thank,internal_it::Miscellaneous,ba7c467ef4e5ac8eae002f4c2002fd23b33407fb6941df35a76d1573283d8e52,internal_it::Hardware
request additional mousses thursday pm additional mousses hi please assign two mousses till colleagues during visit thanks senior engineer cell voice,internal_it::Miscellaneous,42a0fa29e2e7388f006413f250d797bdd6f03877d363bd3e24b67ebe8ec7c209,internal_it::Hardware
new for wednesday pm va cat si preferred preferred ca preferred preferred preferred senior developer,internal_it::HR Support,8f5312970294c7fab8f0f1ce577f5620be19fea818744e754f6d13436f955f05,internal_it::Hardware
export request friday pm re export date friday export hello working migration part migration matching two provide export containing addresses users also attached thanks digital solution architect,internal_it::Hardware,25e14bf95c4726032dbcacf0d259fa250421e4c28d9fd360aec54ed7506933a9,internal_it::Access
period close activities for next week pas wednesday pm period close activities next importance high hi please kind regards analyst wednesday pm re period close activities next importance high hi please proceed activities afternoon copy forecast period forecast period copy budget draft budget final forecast period budget final pm groups make second copy costs part which prefer keep owners locked out two days more until confirmation costs please let once done plan out pm tomorrow morning advise opened forecast budget final thank regards,internal_it::Hardware,fafb6ca13ddf91c8eeeec5e7bf84f42efce93c7336f5a117d5ece36559ce0932,internal_it::Miscellaneous
am mobile service now membership thursday pm mobile membership hello please mobile please let added tot manger thank,internal_it::Hardware,3561fe558ca89472acf5ef7e04191af65e76857aaa381aef5ce4806a3c4831d3,internal_it::Miscellaneous
access wednesday pm dear kindly ask provide bellow location possible library forms library reports view please let additional information needed side gladly clarify everything kind regards,internal_it::HR Support,7024abdf41ad975f4a229c074cd83a91ee04979aa9d3026c693b48e2d4b4bb8f,internal_it::Storage
the new team member wednesday pm member importance high hello please help write sr automation tester member best regards upcoming annual leave,internal_it::Miscellaneous,18d1bca3991655745361f93bd478e0adacde9d14b4ca8f87e046183486114c42,internal_it::HR Support
add agencies to wednesday pm re added hi please add agencies provide log details thank person cottons centre street se number sentinel person welch st johns road number welch kind regards,internal_it::Miscellaneous,55f764af99680dae592b61770d15d6b4f0ab3915f90b466cb6dd49a1694d13d0,internal_it::Hardware
oracle role for wednesday role importance high hi kindly asking role preparer comes shortly change position mobility officer name employees entities understood role called preparer please role let everything kind regards starting st maternity leave please requests related colleagues assist mobility officer,internal_it::Miscellaneous,531aff98033bcb6f6ef11f7e9072366c8e264b16e74d9ac628a26a5e805bfc80,internal_it::HR Support
hiring managers tuesday pm hiring hello kindly ask add hiring user thank,internal_it::Access,fc8054b38b074b02eb97878dccbea9b86b8966303f3a21c521027769c417adf1,internal_it::Miscellaneous
enable service now access to the pm re hello please proceed actions enable regards infrastructure friday re hello decision synchronize order restrict users accessing knowledge about again back possible regards infrastructure friday good morning well has created under checked requested synchronized thus moment unable create kindly advise also synchronized looking forward hearing thank much kind regards analyst ext hub thursday re hello please proceed regards costs please consider member approves costs license created etc regards infrastructure thursday hello please advise part regarding please advise approve costs license best regards analyst community builder ext hub wednesday pm hello please create same level thanks technical leader,internal_it::Hardware,a61987eae7c91d4e7d069f98a80ee5ba02cf43c7b33a6288cbab037d7d5490f6,internal_it::Access
oracle cloud credentials for pas database pm hello want order app please over credentials work usual user name appreciated thank,internal_it::Access,615d10ffbe32d92dfdcfb79dbe9d06ff1eeaf210e97c680e4186a432cbb9287f,internal_it::HR Support
access to to project for smith and friday pm rights dear please give same level also please give ask given thanks officer friday pm rights help order accounts same role needs same rights where pm role accounts add tasks es accounts merci program,internal_it::Access,5bc8f52ced54c3aea77bae47b0199eec5541d19c8e151c42189989fec55eae1d,internal_it::HR Support
required to functions wednesday pm required functions importance high hi please help view delete functions reports layouts community highlighted red upload change information level today thank,internal_it::Miscellaneous,645b2c97611d40cae55d2998991f4cf813dae546beee46d20f93f0a1a1b867d6,internal_it::HR Support
custom access wednesday pm custom hello please provide custom member named she resources accounts thank,internal_it::HR Support,2f8e768ebf9e3b959b16158401beac3e6d9e11d5bc86c4cfef5e3b84ab5d350f,internal_it::Access
remove addresses from tuesday pm addresses hi please addresses corresponding ad accounts disabled false false false false false false thanks,internal_it::Access,8308a470377f3acf81ccb6c054949260f5358180fa5188adcf1ede9314d8c631,internal_it::Miscellaneous
remove from list thursday pm hello please regards senior software developer,internal_it::Miscellaneous,a5efe959b66e596f4f2395d0a65e0a7ff604b48e7d43cf6b3987bb855988afc2,internal_it::HR Support
to be added on new pm pm pm ca inca pm pm care sectors pm cam refresh si ca el va sectors accounts hub pm pot pm sorry pm pm fie logo pm thursday pm re added hello please informed created accounts sites order manage site please guidelines follow link id more information please hesitate best regards engineer tuesday pm re added dear please corresponding codes stronger together engagement please owners administrators each thank friday pm re added hello please provide information sites order properly sites stronger together engagement code users permissions level code users permissions level code users permissions level thank best regards engineer thursday pm re added hi discussed earlier please create by also newly created stronger together engagement thanks thursday pm re added hello please informed predefined structure accounts sites created separately under accounts best regards engineer thursday added hi kindly ask create under sector please add please let other needed,internal_it::Access,b498d86939cacd7d9cf2b6516f5d11d598793093a740151b075063f7bfce974f,internal_it::Internal Project
move from to wednesday pm re thanks everywhere wednesday pm hi kindly advise where change looking forward hearing best regards analyst ext hub wednesday pm hi please move client thanks upcoming holiday floor blvd district,internal_it::Miscellaneous,335e2daad2e736e7a77b9daaa33a2077a07b8e1e5323617f1106a7222b9bde07,internal_it::HR Support
issue with laptop storage wednesday issue storage importance high hi problem storage deleting removing much cannot keep working manner gig which completely causing fail etc please investigated storage extended asap thanks,internal_it::Storage,c9e981e37a991c0af1b03d7722d24f536852c17fe84bec03ac4e48b88f0e2db4,internal_it::Hardware
your is ready tuesday thread ready hello guys believe legit poses thread cheers ready hello latest currently performed arc document thank,internal_it::HR Support,8a26eb9d73dcc14d59a7067365760a0d6e0fabf5719621e8287a76f1941bf226,internal_it::Hardware
production redirect from to should keep its path and parameters pm production redirect keep path parameters hi please assign task hi search redirect rules production environment make rule keeping path parameters making switch staging works fine scheduled tomorrow morning thanks best regards application engineer,internal_it::HR Support,3846850e1cbaf561fbf9d28ff33d3681f568baeda9e22544ff4ead0292150e92,internal_it::Hardware
ticket setup client rise tickets hello please rise tickets setup setup setup setup setup setup client kind regards engineer,internal_it::Internal Project,95a773b69278d244aee6060ec018e28a60ec013ccaadec5e656709d4cb7394ec,internal_it::Miscellaneous
direct reports missing time wednesday pm re please action reports hi please make stop well over possible she has also left thanks,internal_it::Hardware,ddf51729030fe1e3e60d4b02a8e18e943186b93cac2c3d734629b163a98542c5,internal_it::HR Support
deactivate archive wednesday pm closing dear started closure phase client kindly ask deactivate archive site client site close codes updated found thanks officer information confidential legally privileged intended solely addressee opinions expressed mine necessarily represent opinions susceptible interference intended recipient disclosure copying action taken omitted taken reliance strictly prohibited unlawful received error attachments please notify delete accepts responsibility information errors omissions misuse act committed omitted communication,internal_it::Access,1866f861c58b5b9ccee75eeffeff2c92363c7a222fff8d74db46b499ec54653a,internal_it::Internal Project
career development site details thursday march pm site importance high hi please find attached problem person has received grade increase july she received role changes unit understanding valid promoted person promoted grade which please clarify error thank next planned holiday st wednesday march pm re site hi shows promoted date attached best wednesday march pm re site hi hold salary changes holds job title history addition job role regards march re site thanks also heard changes titles cost living adjustments listed promotions way options titling these changes these considered promotions best regards wednesday march pm re site hi levels added assist regards march site hi administrator population realistic let thank,internal_it::Hardware,b0c3dc976c576a633535cdc85a5e9076f4724f098fc964eba2965eb7a1ba5ce6,internal_it::Miscellaneous
weekly closed defect report wednesday march pm weekly closed defect report hello please thread please log advise reference number thank lovely best regards analyst wednesday march pm weekly closed defect report hello please arrange automated report stopped unsure recipient required thanks march wrote please find attached weeks closed defect report regards ref msg largest multimedia publishers award winning portfolio brands important notice attachments meant intended recipient also contain confidential privileged information intended recipient reliance disclosure copying attachments strictly prohibited please notify immediately by received by mistake delete attachments views opinions solely author necessarily represent companies hereinafter referred tm tm accept liability content consequences actions taken basis information provided information subsequently confirmed writing although every reasonable effort made keep free viruses tm accept liability virus transmitted by attachments recipient date virus checking software subject interception monitoring operational reasons lawful practices parent companies registered canada square canary wharf,internal_it::Miscellaneous,9237843c76d6d37cb8c51857973ab44e5c6be16507ea60c0d83304fe3340e6cf,internal_it::Hardware
replace files for service tuesday march pm replace files hi please help replacing again files attached please let restarted thank much,internal_it::Hardware,8dc95abb65455804f71f2425699668ce821797a69185f7fe9ddbdbd002f62d8f,internal_it::Storage
project code change tuesday march pm code change hi please change allocation thank kind regards senior,internal_it::Miscellaneous,02f6e5cdf0773fa49dabf8c1f6e4802481b9e6a5c9a1338d159bee86c8a7cf12,internal_it::Internal Project
permission to delete personal filters service now friday march pm hi please log require permission delete personal filters delete option greyed out kind regards,internal_it::Miscellaneous,66a6a7d6b8a4ddcf20d0db9e37189da50d46565867904b1b444573ca4c894a61,internal_it::HR Support
poland it audit part friday march poland part hi guys please also import sn remaining detail information attached resulted part poland help accurate information across poland confirmed thanks,internal_it::Hardware,0269cec121efb95e66551ee900bf7301eb93bbe2d03c2a06c669128fac162b9e,internal_it::Internal Project
please create the outlook agile area training and coaching wednesday march pm please create agile area training coaching hi please create agile area training coaching display name agile area training coaching contain give rights add more members regards agile,internal_it::HR Support,4bdb71d2d40d5ca8bcd15a1d57ba66a8683207275aaee723f74ca20508f6a9ee,internal_it::Miscellaneous
merging two partitions on wednesday march pm merging two partitions hello colleagues please merging hard disk partitions thanks best regards,internal_it::HR Support,514074baf8f535458e50f17c09377cbcc0a502307a2645e140e46aad672d4a1c,internal_it::Miscellaneous
fix poll monitoring template wednesday march fix poll monitoring template hello please fix poll monitoring template snow caller monitoring thanks kindest regards analyst pl starting st replaced,internal_it::Miscellaneous,cfb876813d54683724088d8c7a82a4a7b04b61db7354091b5e72525c98309e8d,internal_it::Hardware
site thursday re site working thank thursday re site hi please permissions were configured properly best regards engineer thursday re site hi please let site asap thank tuesday pm re site hi seems upload files please make upload files thanks tuesday pm re site se mine si thanks friday march pm re site hello please informed created site order manage site please guidelines link id awaiting create ad groups meantime add directly groups order work urgent more information please hesitate best regards engineer march pm re site hi code regards march pm re site hi code added loop thanks friday march pm re site hello order create site please provide code application review thank engineer tuesday march pm site hi needs per provide more details needed please help thank tuesday march pm site hello assist let thanks kind regards infrastructure annual leave march tuesday march pm site hi received site has created details described name name application review she has added ad client configuration officer added client administrator over resources git etc yet then fill name later make add person developers added client developers underlined groups created specified added thank,internal_it::Miscellaneous,799f9550d6f3fd51b0d45224bd7a5435b9d64ec138b8b6276635192cf0f1b540,internal_it::Internal Project
read to demand file tuesday march pm demand file va la demand file agile blvd district ext,internal_it::Hardware,93223bcc8f064cb76f9c3fd9c3df4019404cd85520979fdcf46a51c9592ac4d4,internal_it::Storage
low disk space on the primary partition march pm low disk primary partition hi having partition which primary size partition primary partition out merge empty partition push regards tester,internal_it::Storage,a43d7e2289bb22fa4d00848fcf193f5734efbf2b64e2c050039b905edb109ede,internal_it::Administrative rights
exchange connector updates thursday march pm connector updates hello guys change date opportunity connector thank cheers thursday march pm connector updates hi please update opportunity close date also date overdue understood during review meeting discussion client progressing pretty good please create also contract connector facing troubles changes recommendation ask let further guidance best regards programme portfolio officer,internal_it::HR Support,edc4b8be0c4db93a0301fe975578ae36119c764f20556e9a2c8dae1a9197b163,internal_it::Miscellaneous
access to thursday march pm dear please train interns git kindest regards ga par consultant,internal_it::Access,3faf5cc021126328491139693493ae2fb70c77155b6345e045060f9fe0b69f7c,internal_it::HR Support
create sub categories for thursday march pm create sub categories hello please create additional sub categories under application telephony under sub category android thanks kindest regards analyst pl starting st replaced,internal_it::Access,f9ea9da2a3b0a02e4c5c4cec580c44f980c1d340af4ec0bae4e9a6cc53d73181,internal_it::Internal Project
edit mode wednesday march pm mode hello modify issues change restriction please regards tester thursday march pm hello please add user regards tester,internal_it::Miscellaneous,eb10085719d4b0a783165d5610d75a8287481c4ceea1c78e499a7fed9afa9f64,internal_it::Access
access request thursday march problem dear problem log granted view planning please asap thanks senior tester,internal_it::Hardware,d74fc7eec566879b69e168500adb5cc4d6bbf770fa4c1655ebaba6862ccb8835,internal_it::HR Support
account tuesday march pm dear colleagues please add engagers thank officer,internal_it::Access,d536e56e4967dc21321c9c2a3a0d54857e34b84533e31b6fcd92300116dd87e4,internal_it::Miscellaneous
change mailbox name notes wednesday march change mailbox name good morning shared mailbox please changing name redirect coming old name possible thanks accounts receivable lead,internal_it::Miscellaneous,e36ea7c656d4448d500d4d72b0a974ff7f1c7e7612b7a786adabe4a66b040210,internal_it::Storage
update rights for pas tuesday march pm update rights hi please updating both roles assigned far none update thank,internal_it::HR Support,8ffd36acd3393e3be80cc26f7c8474b784394fee6157518d94d20b9f08a1e54e,internal_it::Miscellaneous
space archiving on account tuesday march pm archiving hi running out please offer assistance br,internal_it::Storage,82f3cf1b07bd0005126550341962b928427708d8d912011bbcafd85923a82704,internal_it::Access
pm assignment request for march pm pm assignment dear colleagues please assign colleague pm starting today regards,internal_it::HR Support,40523570478c1a2bdd27befc6abde1b2a2554ab9103107ae0c87375c3b6aac4c,internal_it::Miscellaneous
requester preparer buyer roles for verde managed services march requester preparer buyer roles hello please requester preparer buyer roles thank best regards vetting officer,internal_it::HR Support,3f9fc790bdd4089d8dcc1c51b4348f1bb5d3f1d3b04fd080f7dd445d77651fe3,internal_it::Miscellaneous
new purchase po friday march pm purchase po dear purchased equipment product unit price lead catalyst base march con catalyst march cab ace cord right march included stack catalyst plus stacking module optional march cab stacking cable march included cab stack cable march base nm around march waiting more ca ext ant march con ca march bracket low profile mounting bracket default march included ceiling grid clip recessed mount default march included series software image march included ant dipole ant march ct upgrade options controller march con upgrades upgrade options controller march ct adder licenses controller march con upgrades adder licenses march racks cables sundries product unit price lead rack zero rd march va march high duplex single mode os march patch cord cat alb march march si march patch cord cat march patch cord cat march patch cord cat march extension cable black march plastic march velcro wrap strap black march audio video product unit price lead edition trio trio trio visual cables cable mount yr yrs premier march upgrade premier st yr upgrade trio collaboration available product purchase march phone ships phone edition requires greater includes cable cable order separately yr march premier phones priced per phone march phone date moment products marked red where yet please log installation please take consideration mandatory receipts section order receive item ordered how video kind regards administrator,internal_it::Hardware,0df653d437415998f48646a211de718365aadcfeda4c5ca4935faf471e6ae20b,internal_it::Purchase
access card tuesday march pm card hi please change building secure area floor thank best regards,internal_it::Access,9b990dcfc9f7e90870730e8fc8c20b628df3b0341537febf3cd65fc7b646d88a,internal_it::HR Support
request to remove remove account and fuze conference account from the leaver template march pm starter leavers templates amended hello want ask snow options create create fuze template fuze leaver template thank kind regards specialist pl,internal_it::Access,14c9aabd2e6f910c043af9c85e0fbcbb7d010038d27b360bf2612cf527314799,internal_it::HR Support
march pm hello purchased adapters requested by adaptor mini female adaptor male female please log replenishment thank please perform thank administrator phone,internal_it::Hardware,a75fb146e40fe4c8debc3a93bcf56ccdf4043a28a14470fa96804162ae9e557b,internal_it::Purchase
mice friday march pm mice hello please log mice replenished her thank engineer,internal_it::HR Support,591809c6d080d525c2a706dd2b0eb3edf53a917fd6d04e3e090569236c7197a2,internal_it::Purchase
access list hopping stations thursday march pm hopping stations hello please add added thank best regards test lead,internal_it::HR Support,0684bd7599e56acd359c04486df80877dfafd1493e587fd33928f3fe8a0094f0,internal_it::Miscellaneous
zephyr and zephyr add on for wednesday march pm re information coming late also zephyr zephyr add order create execute test cases test scripts thanks tuesday february pm re attached completed form additional questions please let thanks february pm importance high hello please fill attached form return kind regards analyst ext hub february pm importance high hi program please take procedure possible thanks kind regards test lead ext,internal_it::HR Support,88f6301f4380f3b37542717603cd852a8e9b890fe59fd1ba5597922d8ccb0ad0,internal_it::Hardware
subcategory tuesday february pm subcategory hello please subcategory needs linked application category type sorry short notice configured possible please thank much,internal_it::Hardware,13e562a08297406ddf4462beb42d20474c56b0d17cae21b37b6f8f0efa726299,internal_it::HR Support
access to february pm hello please permissions confluence folder thank engineer,internal_it::Access,5b7e722962afb2df35d44b92b33a24305409d2edca86f257e018328d5b3b5282,internal_it::Storage
mail february mine bun junk,internal_it::Storage,5457db72939aed9f04ae06f0c3d3dd49db664b9f2bc469f7779befab653d878c,internal_it::Hardware
ms needed thursday february link install file create two diagrams next think link please let asap make other arrangements apologies urgency realise until went thanks february link install file hello please link install thanks senior analyst hi please link install hello thank contacting please assist thank much,internal_it::Hardware,6bd2f7cad93e97eb75e7a5373326bbffcaa33cd146e935e4a8ef3b308b68811b,internal_it::Access
possible mail tuesday february pm possible hi investigate cheers senior developer ext,internal_it::HR Support,b3384adca75db2ca9e472d89d70a5455b3c274dc2d8d21d2a03f354edb2ae745,internal_it::Hardware
press site to site adjustment new endpoint tuesday february pm press site site adjustment endpoint hi please forward teams action change scheduled tuesday february wednesday st march also needs coordinated teams rely please liaise inform ahead change thanks client february dom re hi related update side location everything ready change taken complete down via down whilst update endpoint endpoint updating endpoint thanks press suite,internal_it::Miscellaneous,5796f1b647f50464d6c7ef66c0a7b0d3f9bc4563d1587f24545ef0ededc81fa9,internal_it::Hardware
wants to access end project setup form project repository tuesday february pm wants setup form repository please give accept decline,internal_it::Access,3d89ff3632cc7ff2a1fc0269f3d2ce1c1daeb6492eb8cc6ab14a7428f04d4353,internal_it::Storage
yammer conversations not appearing one com practice saturday february pm conversations appearing hi please make conversation looks today conversation appearing thank,internal_it::Hardware,b14495763eb7ff9585e688d36c1c69d2834e568019fc948e4daf9cf6631e20b8,internal_it::Miscellaneous
oracle entry problems friday february pm problems hi please rise kind regards friday february pm re problems found work around blocks work drag down strange blocks work difficult navigate around these added please february problems hi unable enter information moment form pops enter normally tried browsers same problem connected issue interface looks bit different looks entered saying work which recall previously screen advise please thanks client engagement,internal_it::HR Support,de5a5efedfe0c774e77ec99f5590f65f8735977eda7ea4208211d09993bfbbf8,internal_it::Hardware
access to friday february pm client hello please create user intended order provide visibility progress client side regards,internal_it::HR Support,d98ff082aab59dd1b7f18d596824d7d64a2ad1d143a829b0bbca76fcb445451e,internal_it::Access
jabber account to be closed friday february pm re hello by colleague obtain she also recently updated jabber higher version testing add anymore sincerely friday february pm hello please provide justification license also please note order activate license logged different tickets jabber deactivated awaiting response thank analyst ext hub friday february pm has assigned hello please advised record number has assigned please review details take appropriate action reference number details null choose template applicable please provide short description details name software add requested testing location location please link kind regards ref msg,internal_it::Miscellaneous,ab51c23001d41c78431acb41627e9c4c3530b732cafc086fe263e80fc7f29f2b,internal_it::Access
access to thursday february pm hello want give permissions find repositories folder please help thank developer,internal_it::Access,717ce39d16a5c77fe12e34678454cc19fcd17fcd528c755d3c63fd5e02d0af99,internal_it::Storage
invalid oracle code thursday february pm code hi tried code got error error invalid please advise thanks,internal_it::HR Support,90ac36f58223c7cab0a56966f88e471877872606177d2c78335afb127ce6747b,internal_it::Internal Project
commented notification for migration wednesday february pm commented migration hello please advised february addresses changed cause unavailable around minutes until records updated please report issues by quoting id please let require additional information about regards february commented migration short description migration view comments additional comments thank confirmation scheduled change occur please let questions thank kind cooperation kind regards transform globally australia additional comments hi change happens after pm migration take let schedule possible next please exact date migration take issue relevant communication affected users thank february commented migration short description migration view additional comments hi colleague approximately minutes downtime while updates globally old kindly let proceed scheduling migration kind regards additional comments hi thanks details filter out expecting outages during change window please proceed scheduling change next wednesday thursday after pm thank february commented migration short description migration view additional comments thank feedback confirmed migration related solely outgoing traffic changes needed integrations configuration tunnel configuration migration solely outgoing traffic types traffic accessing instance integrations traffic aiming accessing instance which resolve via port hard corded configured restricted instance range then provided addresses then action needed please let which next schedule change migration kind regards transform globally australia additional comments hi checked filtering applying instances infrastructure please migration affect instances regards february commented migration short description migration view additional comments hello name assisting answering question change has scheduled yet until let which scenario explained addresses provided reason communication migration level action proceed scheduling change simplify process follow overview infrastructure change going change instances range unique each two paired regions changing these addresses unique information action needed scenario rules ranges then required add unique information scenario rules allowed elements which require add then changes needed done kindly two scenarios configuration provide also date schedule change update related instances dates started onwards action needed upon confirmation scenario applies provided information were added scenario applies configuration needed then change perform migration updating reflect instances pre defined information shown please let achieve within next weeks sooner surely better speak please then enter change number over phone call routed engineer owns change question working zone please note working assistance call person assist thank cooperation kind regards transform globally australia additional comments hi please change scheduled provide addresses regards february opened migration short description migration view additional comments dear valued regarding upcoming infrastructure change improve performance availability instance unique each two paired center regions changing these addresses these addresses provided by instance via part change review required add appropriate configuration ensure traffic allowed instances additions required resolved addresses each center region addition accessing instances please also validate integrations via note also accessing instances personnel contacting guide making configuration changes readiness more information about change recommended changes entries please refer frequently questions kb please review communication include questions within also please visit sincerely affected instances instance instance instance,internal_it::Miscellaneous,e660cf34a1754125f88a41a710371aceb9e2e47ea1e14f9420b78a74eb0889a6,internal_it::Hardware
add photo outlook thursday february change photo hi change photo opening browser tried user pass pass seems enter thank,internal_it::Miscellaneous,292e7c77c57b8aad930022ccb39b6a9b41ba9c254d5241796529954f7af00fa3,internal_it::Administrative rights
new organizational unit request belgrade customers users hi created order add user accounts created users per procedure thanks,internal_it::HR Support,8182a04a57964d2d9b4d3f30c1f4b472a8ccfe5d62ae01900e5760634ce9eca0,internal_it::Access
request to send mail to all bogota staff wednesday february pm hi please thanks undeliverable has failed these groups because permissions ask owner permissions then again more information about issue code diagnostic information administrators generating remote returned resolver authorized id wed id wed content type application name content transfer encoding binary thread topic thread index adj importance high priority date wed id references accept language content language has attach mime version transport hosted originating return path response suppress,internal_it::Miscellaneous,8f50c51ca6de0b15a3645e343f61c57e60cade459683c64d15626446c181ac78,internal_it::Hardware
welcome message signature review tuesday february pm signature review dear please review attached signature leaving thank,internal_it::Storage,e95b440c0604d4766da788ce6f13b082afd199d0ad9cd5e8c9af7392523da89a,internal_it::HR Support
db backups needed for career deploy to staging tuesday february pm backups needed deploy staging hello please log database backup core databases tomorrow february thank best regards application engineer,internal_it::HR Support,813f7253e688b2e403e571a2bc7ae0c2ac7686bcc99c9d472dd978eaf17948b4,internal_it::Hardware
network document access tuesday february document hi please allow documentation layouts forms receive error thank,internal_it::Hardware,eb509f5752632dd9252334ea78722539388c8deabe9fd4f2c5b14e68c1e9d163,internal_it::HR Support
access to info tuesday february re hi update please information has requested by tax authorities thanks wrote hello addressed questions she previously involved supporting active extract reports answers questions morning thank kind regards engineer,internal_it::Hardware,f40083737bae8ca43c90424c6575ac914fd2f9cd646e878f0772ad7bd23a9f5b,internal_it::HR Support
sea support team address february sea hello please link sea assignment thanks,internal_it::Hardware,994e5cfee9ddca6abbb63ec3e9f732a6ced1055a8f89c2fab5a91c008546d5cb,internal_it::HR Support
make visible console thursday february re required hello please proceed creation best head thursday february required hello please approve please advised compatible jabber looking forward hearing form thanks kind regards analyst ext hub thursday february has assigned hello please advised record number has assigned please review details take appropriate action reference number details null choose template applicable please provide short description required details asap order daily collaboration remote add requested unknown location location please link kind regards ref msg,internal_it::Hardware,ea5bae4d2b64e66e2e74645ad6f2f7f622c6c2256f41f86fb3a0f646d1baa4a3,internal_it::Miscellaneous
pas project setup contract signed due going she has approve please advise invoicing done by per advice raised commercial friday february pm setup has assigned hello please stream assign thank analyst thursday february pm re setup has assigned please red color thanks thursday february pm setup has assigned hello please provide information date clear date moment let bid margin yet let hopefully modify once calculated by colleagues setup thank regards analyst wednesday february pm setup has assigned hello please advised record number has assigned please review details take appropriate action reference number details null choose template applicable setup please provide short description setup details contract signed due going she has approve please advise invoicing done by per advice raised commercial add requested location location please link kind regards ref msg,internal_it::Internal Project,c28a144f2d8f109378d5233bc641ff80fce770c3f66c9a030ab4ceaab4e423f2,internal_it::Miscellaneous
setup backup for databases friday february status hello please log setup backup databases assign name databases backups listing name rec model type backup simple never model never simple never kind regards senior engineer,internal_it::Internal Project,b78e12ca3d68e8bdec611259cbbb8bd12c5004013ceb143258e6f1484f6d69a0,internal_it::Hardware
access to all staff and all staff thursday february pm urgent importance high hi please until today possible substitute head approve thank head,internal_it::HR Support,dba5b106f00f62bbd28cad988eab5ba0412f5663c6b776dfe56c97b0ce9369b6,internal_it::Miscellaneous
create new owners com wednesday february pm re owners importance high never mailbox please delete mailbox follow initial thank officer february re owners hello please advised created mentioned shared mailbox per instructions kindly note took setting owners mailbox owners owners please note process take until add profile please attached file additional information issues changes please remedy kind regards analyst ext hub friday february pm re owners hello please create named owners thank kind regards analyst wednesday february owners hi advised possible create approvers each confirmation by default please create owners include also add needed main location apply anywhere please further information thank officer wants documentation hello owners please approve contribute also require demand looking forward hearing thanks kind regards analyst ext hub pm wants documentation responsible testing candidates allocation shared excel file opened positions please approved by deliver by accept decline,internal_it::Miscellaneous,9044f59db9a5344a9c1a880e098c8155e999b1d95f670dc310d3c40ea4ae66e5,internal_it::Storage
new project wednesday february pm hi final interviews decided great tool organize ourselves please create called interviews where administrator lead give others modify template thank lead,internal_it::Internal Project,7ae139b222f773e2e999a6f89d7bbeab1975f4c5e360ab2a497a885096d13a86,internal_it::Miscellaneous
wrong ad tuesday february wrong bun la ti tuesday february re fruit la,internal_it::Hardware,109a2ee803f893783f2048b7cfef3b536d6e4dc80304f0b83d90e66911a92092,internal_it::Access
credentials for web february pm re credentials hi technician charge manage find details thanks february credentials hi help credentials machine which assign please best regards test consultant mob zone,internal_it::HR Support,e3a13577902d8fc9c2a051675e4d72d18e9ab4380c18b15342d949e5e443fd64,internal_it::Hardware
restore project service offer performance testing friday february pm archiving hi forgot please additionally think has archived please restored thanks archiving hello please advised offer performance testing updated more than ago according policy archived going work let note restored anytime by analyst,internal_it::HR Support,b0ed152e5f7727c3e87e8593d0ad666d70a72c692fd7036b184f76fce53cc9d7,internal_it::Hardware
install win on thursday february pm re quotation thanks please log upgrade done her code best officer wednesday february pm re quotation hello regards speak about os install effort code please note pc then license covered by pc then acquire additional os license thank lead wednesday february pm quotation hi thanks please advise require code installation please provide effort estimation number best regards officer wednesday february re quotation hello everyone respect please advised placed order os installed boys advised going rebuild hence he she required back files his her folder meaning done best effort basis well clarifies query kind regards analyst ext hub tuesday pm re quotation good evening asking please also advise licenses allocated via cost please return re she addressing question relation thank administrator phone tuesday quotation hello please price device type vendor device os type os release galaxy tab android android recent official version testing period please take developer versions pre checks please also advise licenses allocated via cost thanks officer,internal_it::Hardware,65e22060ec163f61be3911963c4e0f6781f42e82c74c41ba664e312046ad4771,internal_it::Administrative rights
time sheet rejected wednesday february pm rejected by hi has come back rejected by clarify issue has multiple codes which approver rejected please clarify steps find out cheers head digital,internal_it::Miscellaneous,36068eed004eb5f90219853f102aed6537530abb00494654596d8dd53a11a2a5,internal_it::HR Support
access on managed services pm hello invited meeting link documentation active existing upgrade requirements design regards,internal_it::Administrative rights,78e0d4102422c5c399d03011cb8374ee6232b9995812b63b056542adf1b38116,internal_it::Hardware
access to new and re demand weekly update please same too thanks re demand weekly update hi please location please consider approved by thank officer re demand weekly update hi thanks officer re demand weekly update hello please demand file colleague well she demands thanks wednesday demand weekly update hi please update demand file by close please make add relevant fill columns create file best regards officer,internal_it::HR Support,4e77112d053df7ec1434d926258033ad04e70fff2b4c099b36a5659b800fcb5b,internal_it::Miscellaneous
space on drive required drive required good morning please take add drive thank tester,internal_it::Miscellaneous,e84e79d9ece73107ebab4acc3ca046f3e60cd6a927355fcd61a58109f1b54fc0,internal_it::Storage
laptop change change hello please help by raising change thank best regards senior engineer,internal_it::Hardware,94ba21cc38346486cb2126d57e42521078f810b7aecf4471418715be35d01561,internal_it::Miscellaneous
buyer rights needed wednesday re buyer rights needed hello approved please also provide preparer rights entities please tickets thanks kind regards wednesday buyer rights needed hi guys member kindly ask him buyer rights entities kind regards administrator,internal_it::Storage,d99b374754254b3b0ef29fcedf5c92e6a9bdc6502ec1adec74d6e2f4b1cfaf39,internal_it::Miscellaneous
access for the team to visualize all po on all entities tuesday pm visualize po entities hi please rise thank regards tuesday pm re visualize po entities hello please advise thank regards leader visualize po entities hello please member module order visualize po entities members regards leader,internal_it::Purchase,a0364256bc057a6cc42c332c99e1b52313eb9ebf59da8769d1c760d5713991f2,internal_it::HR Support
access pm hi please add administrators thank consultant,internal_it::Miscellaneous,5c5262cb658a15fd7d1979304792c43ff0d7acaae5b4e3b7f36c32489009ff3a,internal_it::HR Support
new project for school thursday pm school hello experiment upcoming school starting track presentations stories assign trainers update status comment history presented by whom etc kindly ask create named school similar give give other possible also helpful calendar widget free thank front developer,internal_it::HR Support,b34f726f2c797f8c292d6c66b887fd6f47699f1447663163a486577f678267b9,internal_it::Internal Project
info request list of event ids being forwarded to from domain controllers thursday pm event ids forwarded controllers hi ask think which event ids forwarded controller event logs logging did about two years ago cannot find also event ids forwarded same controllers reason ask examples event id received by other controller suggests controller configured forward event id going against against other causing generate event ids guess configured forward event id added forwarding every other please event id included forwarding then affecting investigated provide dump event id entries currently stored log store kind regards information compliance officer,internal_it::Hardware,d4bc134dd4a7d811189d9be4c85da0d9e88b7b100a43e58615077743e8e9b5ac,internal_it::HR Support
can access one thursday please help descriptions view best digital,internal_it::HR Support,ec3ec4e7a123f4123d04e36b770344e287dba8a6bb29e3e3f14b4640342d51f2,internal_it::Hardware
files too large to upload wednesday pm hello ask assistance series videos uploaded quite large size help matter thank,internal_it::Storage,6dac5b650157092d5744e3e8d9d6a9c42c6de59286358ae3f2f4a5ede30a390d,internal_it::Hardware
add fields to project tuesday pm re hi make available affects version assignee component description due date environment epic link fix version fixed build labels linked issues priority reporter severity sprint story points summary thanks tuesday pm ca affects version assignee component description due date environment epic link fix version fixed build labels linked issues priority reporter severity sprint story points summary senior tester,internal_it::Hardware,145677cd5a060e580e3a45dd042967d6d4557bcfeffc4c526689f14b32d60f16,internal_it::Miscellaneous
failure for friday pm model commercials getting failure person undeliverable model commercials has failed these groups due permission issue rejected by moderator accept certain senders restriction preventing,internal_it::Miscellaneous,545979cb22b4e755b7951459ce9941e663b0b27f3bcc54c64ff33701d72be774,internal_it::Hardware
access on to new team members friday members dear colleagues please folders disciplines testing testing colleagues thank kindly senior tester,internal_it::Miscellaneous,f840a92af834a41e78893735e05dd42530a9c1e6f9bdff1fa366387fa0c18d74,internal_it::Storage
integration on new pm re thanks looks done thanks re hello migrated other libraries old please migrated link library best regards engineer thursday re hi please help opening regarding thank wednesday hey guys please take saying thank tuesday pm re hi moved programmes under programmes moved content other programmes macedonia nj listed image under archive folder blueprint programmes which contains copy old site none macedonia nj make sense re hi please give examples verify thank tuesday re hi looks done blueprint under programmes macedonia nj hi content migrated please needed let issues wednesday pm re hello migrated link fine best regards engineer december re thank please also help migration content two folders thank december re hello please informed created site archive document library also created programmes change blueprint added promoted link more assistance feel free best regards engineer friday december pm hello please find queue thank analyst ext hub friday december pm hi guys forwarding owner old noted sites please help create site under called archive where transfer content archived under two different programmes change blueprint tentative sketch attached keep touch clarities thank,internal_it::Hardware,848a4a3c5e71d70803753cdd7988e917dec113e6e956e213f2d399c5ba64a449,internal_it::Miscellaneous
personal cur thursday personal cur bun cur dup cum mb spa la,internal_it::Access,a59703bce9a47a4329be692d2e92af49811c5d5cb5013b5fdb1a27ae31a09266,internal_it::Hardware
requests vs windows wednesday pm requests vs hi during audits noticed assets responded requests order better understand how possible please let configured respond requests connected networks marked public thanks,internal_it::Storage,02fce119aa2a68a6d60fe967890302603dabe6a1cd89a82aea0faf49307deede,internal_it::Hardware
access tuesday pm hi please user needs rights order currently error error user active databases please administrator thank,internal_it::Access,f81b4442bdc3d0f736a780a0de5d5ed711f65d3595fce4991aa5b4f1421ecef7,internal_it::HR Support
can access domain pm hello floor connected slot,internal_it::HR Support,3c70750270fe7407aca041d1ff8e1fc0dbb5b72633c4b0a690af7ac607c90d70,internal_it::Hardware
can download the pm download software hello software which offered download participate tenders public germany download regards senior main main,internal_it::Administrative rights,99c82979b2d5167c50ce3d18ed7019036d414ac1de2ee150b90b4ce5e970a22d,internal_it::Hardware
account for milos pm hello please resolve asap starter he he jabber communicate his today thanks senior engineer,internal_it::HR Support,fccfa3d6b130c6eb37bbcb7ce9a6ab4a9fb9ecfd324075010be22f9e8c8fbd56,internal_it::Access
service now access for hello please dashboard possible please also replicate permissions thank,internal_it::Miscellaneous,4e634bb11e2a34912f6bb7fc01ff82bc81d04970260c6dc4c645e2e4c0d5c5dd,internal_it::HR Support
amend service now and fusion for and wednesday pm starter hello please note changed both follows require further assistance information please thank analyst ext hub tuesday pm starter hi please create due by unfortunately visible thru simple search possible change let done thank kind regards analyst,internal_it::HR Support,ea8a070ee8075eaec62e32e8233343fcc415b87c282c420c1548bc111eb82ac5,internal_it::Miscellaneous
partitioning the new laptop tuesday pm partitioning dear pleasure assistance creating partition drive hard drive which store files jar also want purposes thanks best regards,internal_it::Hardware,e6ff8e56475615f5f0874544d0bf153c2e62ab2722c39b2b2e162a104833acaa,internal_it::Storage
eel additional rights tuesday december pm eel additional rights dear please additional rights eel assign desks thanks lead,internal_it::Access,a6f2dda2e135f7bb1646bd579b5ade1fa689172643cc556106b1efffbc2792ce,internal_it::Hardware
ability to modify site contents on practice core skills tuesday december pm ability modify site contents core skills hi lost editing rights site core skills please make owner site restore lost content thanks,internal_it::Hardware,4523e23076838927a4a4f67a2f1c1bfc6ec10d65f466de4e12e57179583ad133,internal_it::Miscellaneous
access to network create pas users thursday december pm users suffice kind regards analyst ext hub please take few moments fill annual survey feedback sweet thursday december dear few colleagues further application appreciate task completed possible since few other task depending completed then thank senior tester,internal_it::Access,a1ddaf29989cd95fff8b3df82bd9fb752ce47b1580b35a5bc115e45297c9449a,internal_it::Hardware
add people to tuesday december re wants importance high hello these persons folders had old furthermore clear path location where files stored because looks migration complete mess lost client files sensitive retrieve matter urgency these moved under discipline visibility restricted members kind regards tuesday december wants hi please listed thread add groups shared had several issues regarding permissions added different groups part groups make hub thank leader,internal_it::Miscellaneous,d78a8bcd139584e4664c6eccd47f2fdf8c15f45c578c1350b8336ebd85ac074c,internal_it::Storage
access to tuesday december dear please change rights also head discipline reports thank head,internal_it::Miscellaneous,a1e4af1dcc1d47966f80536d3a58cbce5e22de0163de48ba89f479871e2a4786,internal_it::HR Support
add and remove users from ms team account and change owner to december pm invoice available invoice id hi please amend name add please kind regards planning officer infrastructure upcoming holiday december st march december invoice available invoice id hi invoice ownership please advise needs done thanks saturday december pm invoice available invoice id greetings re writing provide electronic invoice billing period november november additional information regarding individual charge details history available billing cost sincerely produced distributed by avenue north seattle washington bound by specifically objects term condition other provision which different addition provisions agreement agreement materially alter agreement agreement which submitted order receipt acceptance confirmation correspondence otherwise specifically agrees provision written instrument signed by products governed by agreement linked purchase these products added reseller agreement updated march more information about these changes changes,internal_it::Hardware,ed783fbee44bf39f02e965fe8746bf5ef5a50a1a78bfb304fd90bf1584a86e54,internal_it::Miscellaneous
revisal to be installed wednesday december revisal installed hi please help install revisal application location store human resources revisal revisal app tried myself seems installed pc instead thanks,internal_it::Hardware,8b09ec1ff9607940c5caa0a370adb63cd680952ddbbd1d469bcfb8dac0fe1e38,internal_it::Administrative rights
access tuesday december pm hello please has tried accessing her credentials work error maybe problem usual logged code let further information infrastructure annual leave december tuesday december pm re hi problem enjoying stay please everything thanks,internal_it::Hardware,c315b42506ad144ceb28cd0c2b8802d1387bdfd94754b6cb79d06285d5b71dde,internal_it::HR Support
social add to tuesday december pm social hello addresses social colleagues thank find out more about experience blvd floor district,internal_it::HR Support,830e225e4e7fb938f7da6bbb471acdaf2fdf4cf693a8506e233f7419d963aa6c,internal_it::Hardware
please action missing time tuesday december re please action hi resolve add per against applicable code believe code task appropriate arrange call show her how kind regards planning officer december please action hi please advise thank december pm please action hi supposed report sails way kindly information thanks december pm please action dear part established processes each required submit his weekly basis each friday past must submitted receiving because haven followed process please action possible breakdown please log accordingly training materials available id by each wednesday past period then also notified country date total days,internal_it::Internal Project,d583a19e2d3d3824be013ff73a3022f4c3fcdcea1c97adf76be8082515dc9f90,internal_it::HR Support
need creation of address the entry needed creation deletion,internal_it::Access,3b543905d6eececcda242ddc9f4318a28787ce0914a5f03ab34f4992fffe6e0c,internal_it::HR Support
report december report hello help getting report organization currently shows name columns available salary review report export definition run export salary review report active employees thank head,internal_it::Hardware,40cfc51ecb68557a93c6ab90ee691dd825c0fdc97be1d57466fb0fee93c2696b,internal_it::HR Support
project documentation migrated to new thursday december pm re documentation migrated good afternoon spreadsheets reside forms ad cannot find anymore thought maybe had moved part find platform provide assistance please thanks december documentation migrated importance high hello please advised documentation stored has migrated sp platform please let issues accessing site require change permission levels thanks kind regards,internal_it::Hardware,4796e89a3bf33a8c20e7e8444e18774b2c5e4b995f02131a9e5cccb0ca81dc59,internal_it::Storage
suspicious thursday december suspicious hi received suspicious believe please attached received engineer,internal_it::HR Support,a4a3e84c1152a5a685761d692bffd461ce57951022c3fd20dc82530f6a76d49b,internal_it::Hardware
joins wednesday december pm joins hi guys please resources per attached thanks,internal_it::Internal Project,08a6af7f9318c69a4e09108ca6c06e185db08f789004db7e6fccf03c09722c66,internal_it::HR Support
laptop for client tuesday december pm client hello client today tomorrow he provide him work please help he user user fine he needs available regards,internal_it::Hardware,184315c804079273106213e86a73f77ecc0ce342c83100a5721b9cfa5983e62d,internal_it::Access
create configuration for pricing engine december pm create configuration pricing engine dear please create folder attached assign dedicated slave machine please assign permissions folder slave machine individuals code thanks head tuesday november pm create dear please create contain multiple repositories commercial accounts please find attached setup form please assign thanks head,internal_it::Internal Project,18edf64132096d793864625a13a27353eb1a1d7edabc6e8a7799344e9f56cd35,internal_it::Storage
set up new environment pricing engine friday december pm pricing environment pricing engine dear please environment pricing engine please find attached environment setup form provide technical details thanks head,internal_it::Internal Project,7f2799e5c3fccb1c0eeae690a36d218abe4da83e21cfa93037198f98ce8c6d6f,internal_it::Hardware
access to through wednesday november pm dear needs recently had instance instance within setup while logged cheers,internal_it::HR Support,9a5bb9ad824ce0683332e30599bf14a5a1b2ebc847da2eaa2f324c337b65f5cd,internal_it::Hardware
request for creation of for belgrade wednesday november pm creation dear kind create characteristics name benefits benefits members owner mails allowed please create ad thank much country,internal_it::HR Support,9d67a081ea9f252dbfb4ba85868f6337823bef1b42a9bedffe0fcdde4c335482,internal_it::Access
oracle timecards inquiry wednesday november re days morning has removed thanks november days importance high hi please let cannot control over days delete feature going available delete asap thanks,internal_it::Access,183567fddf08a74983b54b2eb9c81ebec1e3088bfd2638d31d63c87065778507,internal_it::HR Support
access tuesday november se si va software developer,internal_it::Hardware,78e9cba6da60284fb7358b147820d9b4fc537e94177efeacd52ca32056d910ff,internal_it::HR Support
outlook change november change dear please thank,internal_it::Miscellaneous,7bacbac0fa8b8424857b23e8005c801129c7dd1d9aa524e4917dcd6ff7bef8c1,internal_it::Administrative rights
cannot access drive friday november pm drive hi drive pc visible please shortly assist thank,internal_it::HR Support,059025943da0862b0fce018241d80c7bfe79a99a065974cc42033994b0af5bdf,internal_it::Hardware
access for all clients projects thursday november pm re clients approved side wednesday november clients hi please client sites further details needed please let thank officer,internal_it::HR Support,cd522c69c2921bb5d88d4e130203497ddcc23c31be15872637b90814550ef35c,internal_it::Miscellaneous
new migration thank create folder give her ownership rights she owners members ad groups added task next sprint things done faster earlier thank best november pm re migration layouts hi approved thanks november re migration layouts hi thank much clarification understand owners add sub site within make owner thank best date friday november discipline owner re migration layouts hi thank prompt discipline per name site old let change want old called created under hopefully possible please let clear thank friday november pm discipline owner re migration layouts hi want become owners agree entered filed site owners migrating content by themselves find videos explaining how easily id thank best hello please approve creation site regarding migration provide documentation how migrate guidelines regarding uploaded id more assistance feel free best regards engineer friday november pm re migration how information hello help update please thank wednesday october pm re migration how information hello sorry delay totally forgot about please migrate site under change name kb also library items migrated well layouts please help well thank friday pm migration how information hello move beyond beta phase excited site transition site which launched st old records show site owner receiving site transferred please close down otherwise please continue reading transfer old site think where files find description where files placed hub content employees locations content events reference links disciplines content links files profiles connected official disciplines practices content links files profiles connected official practices functions functions sectors content files profiles connected sectors links toward accounts hub content files profiles connected accounts links toward please note site bit slow working make better weeks drop let where site located under function site name site old let change after site owners location where want upload files site transfer relevant editing rights also guideline upload yourself recommend upload relevant files delete rest download create archive next two weeks files old afterwards old become two weeks means unable change upload files download moment finally after date proceed closing down kindly note deadline site file transfer october enjoy browsing looking forward thank kind regards ext,internal_it::Miscellaneous,31bba2bf7f045b672b7a835544f2b9086378a7ca98ca29381b031b716dd6a925,internal_it::Hardware
set bone as pm for project code wednesday november pm re change he code he best regards agile next annual leave november december wednesday november pm re change hello please disregard needed require currently pm pm kind regards analyst ext hub wednesday november pm re change hi best regards agile next annual leave november december wednesday november re change hello respect please provide updated configured change kind regards analyst ext hub wednesday november change dear please replace code thank best regards agile next annual leave november december,internal_it::Miscellaneous,0bd409e479386a4987e44780a3e6ac6b4ec978a29c8ad8a0a2e2c7cbdff5b8ed,internal_it::Internal Project
new pas rights thursday november pm rights hello dear colleagues please commercial part clearing order forecasted thanks clearing analyst,internal_it::Internal Project,ae1a7fa5c55671aa133edb625851c54ffd756cfbca0c65997ba9dc4638aa9b99,internal_it::HR Support
new pas re forecasting access thursday november re forecasting hi seems sees his forecast greyed out although he needs permissions he officer thursday november re re forecasting hi perhaps doing wrong cells locked guess permissions issue code also has same problem ideas thanks november re re forecasting hi tried morning worked let problem remains yesterday said period close today cob officer wednesday november re re forecasting hi tried earlier today save changes accounts today did say update forecasts tomorrow thursday find out thanks wrote hi make changes forecast unlocked editing thanks,internal_it::Hardware,cf242cca021e6a4f4b9e7bb3ced2e73b18fbff17ce3a03ac5582fc112ba8c9d1,internal_it::Internal Project
please set up weekly complaint report notification wednesday november pm feedback progression please weekly complaint report hello please report weekly complaints opened name please name helps wednesday november re feedback progression hello thank detailed added comments maybe short discussion teach least best fastest solution weekly basis about complaints tickets name sorry did bit lost these reports information contain tuesday november pm re feedback progression hello thanks escalated complaints due lack apologies today were escalations probably took initiative after yesterday steering meeting looked number outstanding complaints clear escalated filter yet implemented both receive alerts attached complaint close breaching please were received probably receive these coming together other hundreds least option also complaints feedback owners tried find report did couple avoid future himself recurrent calendar appointment complaints he has issues taking priority he cannot follow schedule take part quarterly meetings good idea meanwhile commit updated report outstanding complaints owners older than slide added report received by work believe good report help speed handling complaints want outstanding complaints dashboard dashboard embedded true dashboard ca tab ca breakdown source element scroll bottom feedback owners outstanding complaints opened dashboard again cannot find ones name lot information let help mitigate risks progressed complaints tuesday november re feedback progression la ca complaints ca ca si la minimum pot ca ca ole object picture device independent wednesday re feedback progression hi discussed progress complaints within weeks provide feedback tickets outstanding complaints implement filter dashboard identify complaints kind regards appointment pm feedback progression wednesday athens where inspire meeting room floor hello appreciate reviewing how feedback handled during improve make please suggest meeting outstanding complaints id added date resolved date closed date forename surname summary category sub category sub category assignee escalation level low satisfaction score git feedback complaint sputa low satisfaction score phone meeting room feedback complaint sputa name change feedback complaint sputa low satisfaction score stash inability create user feedback complaint sputa complaint issue feedback complaint sputa low satisfaction score browser automation selenium feedback complaint low satisfaction score move feedback complaint sputa thank,internal_it::Hardware,9a0a631e6ba87b8ff28c589c6ed1524839d5cee747ec4e202ae13ceda0bb7435,internal_it::Miscellaneous
notification please install credentials binding on master wednesday november pm re caps please install credentials binding hi please informed about change raised regarding installing requires restart planned friday regards wednesday november pm re caps please install credentials binding hello cr si si fie scheduled ca dam heads ca termite november re caps please install credentials binding ca se va november caps please install credentials binding change respect wednesday november re caps please install credentials binding ahead head mob tuesday november pm re caps please install credentials binding hello proceed installing mentioned by regards tuesday november pm caps please install credentials binding importance high hi context caps slave registered slave git push git tag git installed display credentials binding credentials push thanks help best regards software consultant design lead lead,internal_it::Access,d04c40f0db9bbdaebbe558f9f51c2a2987f6305e70a9295e238862c020085ef1,internal_it::Hardware
install wednesday november install dear sir madam please install pc tool order working appreciate treat high priority best regards analyst,internal_it::Administrative rights,41685512f72ff30307d1419c5cde7ee9af1fd74cc6f40f0e3183f45eb37c4202,internal_it::Hardware
admin on november pm re permissions installing hi again more information issue seems troubleshoot playback also install tools thanks november permissions installing hello front developer install which ask credentials after getting credentials elevation required which means permissions order installed help thank,internal_it::Hardware,aa87ca2c94c1a3b7fd9899f6e5cf9bee9e32fd8c74d0c6dd2ca72b1f07a2a16f,internal_it::Administrative rights
token thursday november pm token expires hi please log queue thanks november re token expires regards november re token expires hello please assign spare token has confirmed his location thanks best regards engineer please consider environment print thursday november pm re token expires hi spare tokens needed tokens were ordered individually directly addressed user won take deliveries kind regards november re token expires guys provide additional order fob thanks november re token expires hi please thanks november re token expires hello per logs haven confirmed please suppose order receive token after provide sn assign user thanks best regards engineer please consider environment print tuesday november pm re token expires importance high hi has fob thanks october re token expires hi thanks token expires hello colleagues hardware token expire probably received receive stating token expires please default replacement tokens by locations thank best regards engineer please consider environment print,internal_it::Hardware,f8e94a4f8df26ecf529bb440f2b7e91b11f24e578ce4392c5514d43bb529252d,internal_it::Access
add to the client support managers thursday november pm restatement hi please trail add client receive these cheers head mob november re restatement hi please ask add ones managing lists regards thursday november restatement importance high hello please add myself has suggested appropriate add client cheers head mob november restatement hi did circulation groups needed communications updated costs revenues looking tm lines costs added please back want find out cost going good validate expectations hits accounts expect these costs loaded friday retrospective corrections thanks november restatement importance high dear please note has updated latest results cost import procedure costs updated import procedure means sept restated old import procedure importing costs included items were items also balance sheet items approach has enhanced costs costed imported code has costs values reports available related costs plus balance sheet items costs costs imported because costs report has different source than costs pl because columns different old columns cross reference two reports assignee costs salaries taxes has ledger cost values versions removed these restored asap restatement part issued identified incomplete historic has lead restatement reconcile position has notice change days members teams resubmitted annual assignments restated per agreement asap october over next few days lines asap october over next few days please attempt deal right teams asap rights thanks please refer section entities,internal_it::Hardware,6e81893ce23bbcb284bec45f85604abd08b6f3cef0201479344bfcbbbbfe85d6,internal_it::Miscellaneous
new project thursday november pm re thank please attached form filled details thursday november hello please advised template creation attached please fill return log process tickets kind regards analyst ext hub wednesday november pm hello pre created client attached creation form thanks,internal_it::HR Support,36fa44769c0ef9807a339ee0ce8e1cff3c9ab2b92732012b08a86231f151b5fe,internal_it::Internal Project
update projects thursday november update hi please under assigned mobile next vacations,internal_it::Hardware,6b020f788a834e2f306f50af5166e73e5db207ea9975b3f16b66d9d303b10356,internal_it::Internal Project
employee info missing oracle wednesday november pm re thanks wednesday november pm re hello order log please advise which etc filled kind regards analyst ext hub wednesday november pm hi filled his employment records please advise person number country expense segment expense segment unit entity employment location spare job discipline grade assign assign ass type ass number assignment type person type center developer technician center technician active thanks accounts receivable accountant ext,internal_it::Hardware,d56907250098d2ed49ac95564c4fdf361680dcb5ea5b1aeadc6c716d2ec018ca,internal_it::HR Support
move all staff november pm re move hello containing users please let further assistance needed thank analyst community builder ext hub november pm re move hello wondering quite unusual want forget anybody communication thank best regards infrastructure november pm re move hello process further please bit more want provide users best regards analyst community builder ext hub november pm move hello change november inform person impact by cr thank best regards infrastructure november move hi guys raised which moving default gateway hosting approved by cab hoping implement thursday november during change users client disconnected regarding work thanks mo senior infrastructure consultant registered under number whose registered old broad street kingdom provide clients each subsidiaries separate,internal_it::Hardware,f7c1d3d264f82c045202e8e13dfdaa2e63e9ae0d1c9581589072536c23dfe8f6,internal_it::Miscellaneous
oracle statistics november pm re statistics importance high hi owner user expect technical solution come subject matter experts number please follow please senior teams investigate propose more high level technical keen understand cannot done more interested having information publicly available users way please take ownership sponsor initiative follow completion let enjoy information along rest thanks client tuesday october pm statistics hello please advised order user confluence require created users confluence by default owner required please take consideration resource accessible users said please let how wish proceed looking forward hearing thanks kind regards analyst ext hub thursday october pm re statistics interesting work out telling good idea also evidence progress product bedding october statistics hi guys please come solution authorized ad user dashboard disseminate information interested progress issues reported rollout module discussed during meeting friday beginning improvements stakeholder communication expectations progress transparency improve these visualizations client wednesday october pm statistics hello please follow link order dashboard kind regards analyst,internal_it::Hardware,3ef4905f9ad84b8441d5268d26199f7472e3d7a6c18f69d0a32065fb9f895ce1,internal_it::Access
urgent access november urgent hi please consult bids provide training winning process required approvals thanks,internal_it::HR Support,dc1cab70950bfcc52326de25bb78c4bcb54083d066c40b00165169cccd822b6a,internal_it::Miscellaneous
join date to be corrected oracle tuesday november pm join date corrected dear please help correcting join date which he receives messages similar related which he thanks tuesday november pm please action hi received saying report days rd joined report days validate please thank best regards senior software tester colombia tuesday november pm please action dear part established processes each required submit his weekly basis each friday past must submitted receiving because haven followed process please action possible breakdown please log accordingly training materials available id by each wednesday past period then also notified country date total days,internal_it::Hardware,bcbe87c7f8d708974b9ba7eb2b4218bb8ce862318854ed48c3d3135af1ce1d06,internal_it::HR Support
access wednesday november dear allowed please kind help issue order find passwords guest thanks kind regards,internal_it::HR Support,6d4b9c3805dfd4058d11f1141202e6335e2212db9286bc9decea6fb098134015,internal_it::Access
change password for oracle expense app october pm re mobile version safe secure known by several possible change choice thank october pm mobile version hello please advised credentials remembered by phone prompted each app change phone require application installed different phone valid second installation assist please hesitate thanks kind regards analyst ext hub october re mobile version hi performed steps success how change thank thursday october mobile version hello order mobile application please follow steps step download install mobile device step run app step press agree step next fulfill step host user name locally change later by yourself after part empty step press done step press encounter issues please hesitate thanks kind regards analyst ext hub wednesday october re mobile version hi please help connect mobile suppose generate done rest steps thank regards,internal_it::Hardware,e8a5506197db49ece272f89d9f7ae317013fec5c837025d742ef489abb0fc088,internal_it::Access
ad account creation for users thursday october re groups hi please create groups follows users groups,internal_it::Miscellaneous,6c54a637d6930284c6cf6157023830ae34b27ce30059050f78f5ca23f8bcddd5,internal_it::Access
permission to send to all staff and to all staff friday october pm add shared mailbox hello regarding ask please permission members thank much best regards specialist,internal_it::Miscellaneous,35b87cc8c020e59b0073fe1b76f0e0f25eb463e93630e91308e136b92c4b7bfd,internal_it::Storage
pm instead of friday october pm pm instead importance high hi guys please adapt acronyms currently stated pm creates confusion across please print screen pm,internal_it::Miscellaneous,394d1d32a98c06d1606897f526f96fae790a2f9ee0ec4d62b382f929b39ed615,internal_it::Hardware
ms friday october hello installed thanks,internal_it::Hardware,39d1f3ed37603aa4f2e86a63038e200fd71510552e42c3058b57b019e3effeee,internal_it::HR Support
pm change thursday october re hello please help thanks thursday october re care cat si loc stingray analysis consultant thursday october main change form care merge la la thursday october si care stingray motive ca la pm loc la pm analysis consultant,internal_it::Miscellaneous,3b9011f12c2687b50e18b0156ad83980da85e74700a6651e3849d6c622eb7163,internal_it::Hardware
new final interview dispatch wednesday october pm dear please create named final interview dispatch colleagues added si thank kind regards,internal_it::Purchase,290bcdbdd3caffd9097949ec73d00e76e6b499bcf65e2d5ed1c5379966108592,internal_it::Hardware
forecast reports new pas october pm forecast reports dear please let way extract report contain forecast moment extract report forecast by together report similar analysis report old let questions thank planning officer ext,internal_it::Internal Project,37ed912eaceb1e3bc2a4d3d155f24d3a06d928f9a84cb421fee557d2e04adae8,internal_it::HR Support
oracle fusion expenses app credentials october app credentials hi please provide details app thank image image,internal_it::HR Support,67a34d2561308c4e49559a5450f6a5d83a794ee3363c364826562f98fb1d0c89,internal_it::Internal Project
you have been assigned a new tower friday october pm assigned tower hello please provide monitor moving tower floor october thanks best regards tester thursday october assigned dear assigned starting issued by reason entire moving eel please link inside please eel thank eel,internal_it::Hardware,79e6a6aba5d8c75d71b373b94cde774b149eb1affed7008e1f1fccc8fec30ea3,internal_it::HR Support
help with oracle thursday october pm re hi please help getting phone raised returned thanks senior,internal_it::Hardware,f8f4edd02e98c188a5dd090acb63212907cbb77541056c6077ec02a5c01853ce,internal_it::HR Support
install a new printer th tuesday october pm printer changes hi please tickets printer test rename printer test printer passed testing period owned by install printer printer floor printer currently connected floor further please let best regards engineer,internal_it::HR Support,b5e030996df21b4873dd64850f3bdd422eaf5f037ca5e6c2a6c43d80003d4134,internal_it::Miscellaneous
new pas issues wednesday october pm issues hi update forecast where cannot update please attached example please update forecast accordingly thank senior,internal_it::Internal Project,2f62b203357c87c81aee0e9135c166985f6cb3118bddf48119348c175585b92b,internal_it::Administrative rights
new pas client monthly report template access wednesday october pm client report template hello client report template thank wednesday october pm client report template hi requested attached client report template please also location where upload reports reports community receive error view form hit refresh button please ignore normal behavior tab restricted thanks officer,internal_it::Internal Project,fa0bbd9e58c0dcedf79efc97e23f78803e78dce78fea8df6bf18363429ca454e,internal_it::HR Support
wireless networks scan bogota wednesday october pm re wireless networks please ahead kind regards october wireless networks hi kindly approve bellow thank analyst ext hub wednesday october pm re wireless networks hi had chat about advised him approach did approached regards wednesday october pm re wireless networks hello please advise log kind regards analyst ext hub tuesday october pm wireless networks hi please each location except assign these tickets members order perform rogue wireless networks by attached procedure questions please hesitate thanks,internal_it::Hardware,a373a5f79e86530424a24dcafeba7894f6515d4cd04ad27fd4786e2026db2504,internal_it::Miscellaneous
access to share photo kick off wednesday october kick off allow thanks wednesday october kick off dear colleagues pictures kick off event arrived out share photo kick off thanks,internal_it::Hardware,ed0097ffd4a0f745dfbdfd8fee76993cf92742a9c02db0eaf6491292910eface,internal_it::HR Support
requested items by report tuesday october requested items by report dear please log call help issuing report requested items resolved by grouped by client stacked by assignee owner tried different ways cannot generate valid seems trick again regards leader,internal_it::Purchase,7d41fa23495536e7bfd0877dee37203d826d6a86d0dc0ef6ac0541c1063e2029,internal_it::Hardware
team new member file shared folder access read friday october re member hi added please attached regards friday october member hi please add process his accounts thank analyst ext hub thursday october pm re member gentle reminder concerning points thank tuesday october pm member hi guys member developer please add him please add him protocol client please add him user other according attached thanks,internal_it::Storage,b7f1e9ac40731e828864cff42ac14d07b445088bd2fcd3e52e5b1050aff1b32d,internal_it::Miscellaneous
access request for a list or library thursday october pm library requesting library links library manage setting library note site site site provides central storage collaboration information ideas site tool collaboration tool communication meeting tool decision making site helps groups work teams social groups share information work together example site help coordinate calendars schedules discuss ideas review proposals share information keep touch other,internal_it::Hardware,dc925c8a21cdab0f54589fa8dbf4edb963e7656f28ae4224e95a2e7ef1d03c32,internal_it::Storage
slaves thursday october slaves hello please turn slaves physical machines located thank regards engineer,internal_it::HR Support,11cfac21b90c740898819551a4c429944af7a3d82223b781d29fe713273f3fe0,internal_it::Hardware
access needed wednesday october pm needed hello looks cannot pressing passwords tab engineer hub,internal_it::Hardware,820eb38031db6f4099f1935ce4ba2e2dcd9a03b9e32e4b61485f5ff71ef8cd9e,internal_it::Access
tokens received wednesday october pm re tokens received agree user regards october re tokens received were even find out where users kind regards engineer october re tokens received hello individual tokens out listed availability kind regards october re tokens received dear tokens renewed location where also kind enough help taking back he leaves friday by then kind regards engineer october tokens received dear received tokens today users which tokens assigned located other offices tokens renewed kind regards engineer,internal_it::Hardware,c4e36bb718e05e8566db3ad4a95867ad4eee5095ab3d425060e71c892cc25e22,internal_it::Access
service transition setup mobile support for october transition setup mobile morning guys attaching completed sn transition form logged assigned accordingly thanks,internal_it::Hardware,cb1737c247f1a4a9bfe868799420c9ae700a7869bb3efe7f8738803c76659ee8,internal_it::Internal Project
security membership tuesday october pm membership hi create called escalations members make owner maintain members please also make owner existing maintain membership too future issuing update process explain escalations created kind regards information compliance officer extension october re membership let escalations sounds good polite excuse out let leave him out thanks october re membership hi option po requests then continue shrunk create called escalations shorter name provide instructions exists categories severities which supposed guide how kinds incidents creating thus instructions provide good excuse provide awareness refresh doc context which referred add other real incidents provide wider higher escalation kind regards october re membership hi information part remit agree little copied operational escalations alternatives create separate containing by others escalating incidents significant impact requires defining multiple levels incidents which comes own challenges rely solely inform involve relevant matters requires clear expectations regards relevant think these two work invest reduce number thanks membership hi want continue member included seems sensible thing fall back awareness let think getting too much thanks,internal_it::Hardware,87c7197b347f91e7ce810fe2c99c47f86725dbe051a00ec7cc9758017ac5de00,internal_it::Miscellaneous
sd configuration audit october pm sd configuration hello guys issues has brought attention right complete configuration machines setup sd assets feedback also least allocated lacked proper amongst which users did rights machines order must added administrators users groups console user present which required order users least machines outage best recall outage trainings yore user rate well shared suggest reviewing machine owned by members order make needed assist task well least equally well placed please find attached let add thanks,internal_it::Access,1e8c5e2572dabb69f01331a44de8fb6de4d827e2f78da9f71d9e810b9991995a,internal_it::Hardware
testing device configuration october pm testing device configuration hi please handed over mobile test device connect thanks,internal_it::Purchase,c7450c925a66a66ef7fbabd8eeae375ec0706bb9c403262dc95ff35aa2c8af67,internal_it::Hardware
links friday pm links hello please add next links needed swagger index thank senior tester performance lead mob,internal_it::Miscellaneous,cf681580541283783817f99fb5a31de987c9825f3c756d225e95b8ee57c46bd2,internal_it::Hardware
october re urgent intervention hello please log thank engineer october pm re urgent intervention sorry change ask port staging production instances since intra tunnel normal port october urgent intervention importance high hi test stage please change please inform client waiting urgent feedback stage test ext,internal_it::Miscellaneous,a3ebe8570b023cf3b1ac9eaf35e3dc57897d637a36948d41ab4580f6a320eb51,internal_it::Hardware
permission to send from friday pm permission hello please thank registered under number whose registered old broad street kingdom provide clients each subsidiaries separate entity,internal_it::Hardware,b90850749543e994471a942bbe931c35babc1168c44e553eb7bdedfe8d829d79,internal_it::HR Support
project access request file shared folder tuesday pm member hi guys member please add him please add him protocol client please add him user other according attached thanks design lead ext registered under number whose registered old broad street kingdom provide clients each subsidiaries separate entity has,internal_it::Storage,5d1505b2785cae7734dce7a6ccd69c41d18515211818ed2405efe186703028fa,internal_it::Miscellaneous
new discipline name wednesday pm discipline name hello discipline strategic growth which change corporate please strategic growth selected going forward retained history add corporate job details record has discipline let regards,internal_it::HR Support,69c146e982c9133541101149d608cc039e2f9e1f8e7e16cfb35700981d4e6abc,internal_it::Miscellaneous
server side where we can deploy the app wednesday pm re permissions hi priority creation two git android regarding create side where deploy app going machine has has running container tomcat machine host couple written accessed by android app re building think needs dedicated machine reliable needs accessible please feel free directly needed thanks senior developer wednesday pm permissions hello please provide more information second part side where deploy app exactly regards analyst ext hub tuesday pm permissions importance high hi please help actions git repository android app side colleagues side where deploy app developer develop app until next help appreciated thank communication specialist,internal_it::Hardware,017010b2c0e1d1b3c11b7cb12f51ca4135923d5344ad970659f378c42401e0aa,internal_it::Access
oracle mobile app credentials wednesday android app hi please provide android app thanks,internal_it::Administrative rights,b9bfbd5694aa2bb2c6fa4f2d1a25f37cae67946886e975c010332c3190df7f47,internal_it::HR Support
please automatically add the colombia number the for meetings pm re update create colombian number conferences same other locations hello please automatically add colombia number meetings similar other regards update create colombian number conferences same other locations dear further recent communication believe query has resolved resolution response please let further assistance matter reference number summary create colombian number conferences same other locations resolver description kind regards ext ref msg,internal_it::Hardware,111a178961b021c9bdb19adbdb80568d2c5bc62a872b7c4710b1ac5fcc9c058d,internal_it::Miscellaneous
access to pm hi guys order complete daily tasks please help approve needed thank much,internal_it::Miscellaneous,0f58d96cd5697666f30ea9cb3e69100b7752a97454354b4030bacddbe769469c,internal_it::HR Support
allow mails to be sent to at com from outside mailing accessible hi please client reported receiving error thank senior,internal_it::Miscellaneous,f6c5e3617a20df5e6ae172b01e9a4a6db75cb1db768ecc20e07129b32ad508ec,internal_it::HR Support
view connections issues urgent view issues urgent importance high hi kindly ask provide order connect excel installed view app make regards floor blvd district,internal_it::Hardware,95512f2c87d26ff95ec5b8f583f7f52b05f8b53d4170bc28fc54fd8f9f75d198,internal_it::Administrative rights
import the new templates on computer thursday re update import templates computer hi implement word templates templates great advise how thanks regards update import templates computer dear further recent communication believe query has resolved resolution response please let further assistance matter reference number summary import templates computer resolver resolution notes description wednesday july import templates computer hello everybody templates how import computer order document required style appreciate instructions thanks kind regards recruiting germany main main kind regards ext ref msg,internal_it::Miscellaneous,e7a18f0a09c432830c1f711fa05d792ce6b6a4a0400de9e97dc663c3c377c550,internal_it::Hardware
hr us list friday pm hi please assist process changes let kind regards friday pm re thanks agree suggestion please proceed thanks regards hi onboard thinking amend follows structure members proposed structure act back needed let thoughts kind regards,internal_it::Hardware,f8173938dbd5f95ea500c9534ac82fe05f1bd8c1d14d3a73103bd80ac7deda68,internal_it::Miscellaneous
possible new security threat new quarantine account friday pm possible threat hello think received opened nor accessed links wanted inform potential threat information please cheers friday dear has created has quarantined order confirmation kb manage quarantined must create unable button please copy paste browser default locale once then release released deleted automatically after days please further information about please tip multiple addresses link these together single convenience log manage aliases,internal_it::Access,2d4575d50271158d56506a3094c0b9d098d62cf1d5cbbaa1abcc8cf1a2895bcc,internal_it::Hardware
extend project end date to pas thursday pm extend date hi please extend date thanks senior,internal_it::Internal Project,26842a1a586114509bed4106ad3b873c51369aae0ec61dc88465823e053262a3,internal_it::HR Support
annual service test service test tower and name tower location tower test test tunnels primary links down offices primary down how implement via change expected outputs test document scenarios test down test down,internal_it::Hardware,ec9e93f0ad418d7d36545c8461650f771a5cffc1af1f459b98cf294729da5d39,internal_it::Miscellaneous
absence schemes wednesday pm re absence schemes thank much regards wednesday pm re absence schemes hi please find attached file completed absence public holidays work patterns schemes information about usage hi please log thank kind regards analyst absence schemes absence allowance public holidays si work patterns si ca se va maine si update cat excel kind regards analyst,internal_it::Hardware,eb8a1eee047081638de0d64e6bd066b31e2ce3e64008be74ecbfdc2466011114,internal_it::HR Support
access to unit forecast required tuesday re unit forecast required approved side same level rights thanks pm unit forecast required dear head testing unit forecast please assist kind regards test consultant registered under number whose registered old broad street kingdom provide clients each subsidiaries separate entity has,internal_it::Hardware,1f0456abc93809725aa47dba21366710de8e40b9414902ac66718fa1a4cb1f19,internal_it::HR Support
need urgent help oracle pm urgent help importance high hi urgent help resources haven submitted leaving leaving holiday tried together add haven find module her please call together help identifying module her client asking invoice every gather members appreciate help thank officer registered under number whose registered old broad street kingdom provide clients each subsidiaries separate entity has liability,internal_it::Hardware,a1b0859a5cb8b15b05c3f60e3a7808753bb416e0f167314cf17c90e9d4bb3cc5,internal_it::HR Support
oracle friday pm importance high tried log without every id wont allow please let id tried sr director,internal_it::HR Support,01142b8273bfc93a7bd4df5d7fde98b9218acab6f5e2a4682451fc5c5ef20ddb,internal_it::Hardware
remove project code and holidays approver press account friday pm leavers press hi perform tasks person listed she moved link code holidays approver regards,internal_it::HR Support,5f906185fc8ccece0e8a62611a6b223004f03cca94cf8ed44215cf1d199c7657,internal_it::Internal Project
new printer friday re printer hello please inform about printer rd has renamed according naming convention thank engineer re printer please find queue please belay req date saturday printer hi guys please add printer same latest thank date friday printer hi please log partially install printer rd floor also log please add afterwards please attend morning over weekend complete among others,internal_it::Hardware,587b434efd1f8cfa0c71ee0ac5647b47475ddbe983a0850acdc962e47eaa2bc9,internal_it::Miscellaneous
updated start dates colombia starters thursday pm updated dates hello employees colombia started different date initially stated please find dates name name date joining please update wherever done thank administration officer,internal_it::Miscellaneous,78d6b07416c948f98cc8293cb9adb961eacf1ed922abe7c9e5f45702027517fc,internal_it::HR Support
access to mailbox mailbox hello please disable forwarding mailbox disable his required anymore thank regards leader,internal_it::HR Support,b32bbd8150ccbefe25cd1aec3beba4e4a43ccb826e2c92b0183ca518b6e800e7,internal_it::Storage
user creation sonar thursday re hello please add next sonar marked color therefore sonar created by regarding profiles choose profile by choosing configuration profiles were attached existent profiles agrees certain requirements call identify rules custom profile regards thursday re hi confirming ideally everyone sonar reports cannot done then individuals possible also ask individuals elevated permissions ability define profiles etc thank wednesday pm re hi replicated job under sonar reports therefore steps job job framework sonar job framework sonar sonar job changed git user reusable git sources pulled by instead maven build step goals changed deploy number build number clean compile number build number since maven goals getting skipping sonar analysis due bad build status failure added step analysis maven pushes reports sonar please sonar reports sp sonar dashboard index also granted view sonar reports noticed too late written parameters nexus repository build deploy maven goal artifacts were pushed deleted nexus sorry added profiles widgets etc sonar help please unblock reusable ad since known issue regards wednesday pm hello please assist regards analyst ext hub wednesday pm re sonar hi think more details understand needed expectation which push sonar then sonar create push update additional metrics subsequent pushes also give push assign permissions assumptions good also provide user guide how job integrate sonar thanks head wednesday sonar hello please advise ran successfully find name sonar regards analyst ext hub tuesday pm re sonar hello link framework thank lead tuesday sonar hello please note granted generic sonar where log yet find framework sonar ran successfully sonar maybe provide link sonar call hold awaiting response regards analyst ext hub friday re sonar hello understand these steps sonar sp sonar sessions authentication failed enter credentials other hand please let thank lead wednesday sonar hello well kindly attached guide advise steps integrating sonar completed find framework link created by under slightly different name steps taken sonar pm provide details once appears sonar create needed also also updated configuration plan exists tracking purposes looking forward hearing thank much regards analyst ext hub wednesday has assigned hello please advised record number has assigned please review details take appropriate action summary requested item details null choose template applicable please provide short description sonar details user provide link updated aims platform connect main app has called framework sonar sonar user by says authentication fails please help sonar link forms sites procedures view add requested location please link kind regards ref msg,internal_it::Hardware,298f9c1dac2a811e59fd7fac132c5ec3f262075230aef9632e9c67c3dc286906,internal_it::Access
access for bucharest space pm hi please help floor he leave give thanks pm re important ne care spatial alt wednesday pm re important ne spatial friday july pm re important sip si wednesday july pm re important sip el thursday pm re important screen thursday re important rug strange declarations secure fie screened shared re important la pot thursday re important thursday important si va maine la la maine se va introduce si face la va client important personal,internal_it::HR Support,d4895964e367608e674f19639085d87304b8b525717897a931406688d8199387,internal_it::Hardware
remove from as leaver thursday pm re granting person owned left give rights easier by myself others also has removed example other changes needs done thanks thursday pm granting hello please advise has configuration plan please update back kind regards analyst ext hub thursday pm granting hi please help giving please give also rights also please setup thanks thursday pm board hi existing board view detail thanks head testing,internal_it::Hardware,a537f50b06eea898f9ba2709b1b02076b5eb4b3ce645ff124c36938f4e2baf93,internal_it::HR Support
to on thursday pm hello because user permissions please help thank senior tester colombia,internal_it::Access,c04e0ae3a009941a5672ef01769cf8d13f62674ad1a7f9dd260b6936d501dfcf,internal_it::HR Support
info required thursday pm importance high hello help submitted final approver requested additional information please find attached information by after submitted information final approver seems redirect him where how submit please help figure out please help logging issue thank blvd floor district,internal_it::Miscellaneous,c6f81dc1d0f1eefcdfe165ccf372dd0636aefe5aec2388851c9f83f46f8cf16a,internal_it::HR Support
open for required thursday profile working thanks engineer ext,internal_it::HR Support,51ece1f3d9332a1b70d4771989248b7ac43b7e9667e42ff2da02240aff97dacf,internal_it::Administrative rights
wireless access to wednesday wireless hi gain via wireless impossible right confluence near wire meeting room ideally apply restrictions looking forward input thank senior,internal_it::Hardware,b2299595ec73f54a3fb6e266cdd7949f79cdc02f81687e55d042e369446c1bc5,internal_it::Access
permissions to create jobs tuesday permissions create jobs dear please adjust permission also create jobs jobs require additional permissions his role which makes lead make other changes after moves thanks head,internal_it::Access,aa6a5a6f94d11afc2099a9db9225409ac22e7052c4110b707e2194c034e40227,internal_it::Storage
leave codes friday pm leave codes hi possible receive leave codes bereavement leave etc thanks planning officer registered under number whose registered old broad street kingdom provide clients each subsidiaries separate entity has liability,internal_it::HR Support,3be9f8f0ddf27c5c7f339e999cce6c6d2f7035bcf0f8828557a1ff0ad91e30a6,internal_it::Internal Project
return to its thursday return hi please return please provide regular thank officer registered under number whose registered old broad street kingdom provide clients each subsidiaries separate entity has liability entity acts,internal_it::HR Support,d33e00e973497d88e1a4604a0386d950f4440a6c4ffd9d784f3976cdae5b8d35,internal_it::Hardware
maintaining rag status pas wednesday re maintaining rag status good morning looks please thanks maintaining rag status hi colleagues enter rag status moment thanks best regards,internal_it::HR Support,2205c5073948c582cfea8f14aaed72e0893754f7bfc40bb3c4d649ee3ba2b449,internal_it::Hardware
dashboard maintenance work dashboard work dear dashboard unavailable tuesday please notify users attached document thanks engineer,internal_it::Access,934add93c4f2482fa695d299be0bff203970c8298e4a5bb7b5aad4e2609aa95e,internal_it::Hardware
access to opportunity tool wednesday pm opportunity tool dear opportunity tool production opportunity tool public tried credentials believe proper rights thank kind regards senior software tester,internal_it::Internal Project,a7052f845ac253054b6462c083cbbe1b49bef5cd3fc4499275cb485bd2aef2aa,internal_it::HR Support
new sites could wednesday pm sites dear kindly ask create two sites client site details found attached template similar great site details found attached template similar great default thanks officer,internal_it::Internal Project,c1467c7d1992bd60de20f7d879dab14135fa3ee0d7b812978029759229a4499c,internal_it::HR Support
project access license tuesday pm re update generic hi has tried he cannot log his credentials please helps has worked past he also old mess things also raised his certain reach him related thanks tuesday pm update generic dear further recent communication believe query has resolved resolution response please let further assistance matter reference number summary generic resolver resolution notes sin provided per description generic please log others once provided thursday pm joiner hello joining next he recently accepted offer he he possible he part code please tickets confluence environments stag test test test test license please make tickets raised requests let other details required thank kind regards ext,internal_it::Hardware,427152db00d4b3600180378047542654a2342d07bb6d3b454498e96e48127146,internal_it::Access
monthly pas activities calendar pm activities calendar hello please view activities calendar cheers application problem,internal_it::Administrative rights,66ce5f9f8336052769dd6699cae9f73a4065e2c6df3423694d5907c859d4b80e,internal_it::Hardware
project does not have any tasks with oracle fusion friday pm tasks submit task thanks registered under number whose registered old broad street kingdom provide clients each subsidiaries separate entity has liability,internal_it::HR Support,3c63b9b3905defb5ed6fff57dc66238911734140b17042e58a075fe0c0eee9c8,internal_it::Internal Project
project access environments re generic updated forms configuration view thanks friday generic hello please provide updated configuration plan kind regards analyst ext thursday pm joiner hello joining next he recently accepted offer he he possible he part code please tickets confluence environments stag test test test test license please make tickets raised requests let other details required thank,internal_it::Miscellaneous,940e17da16a41434fde317fa55e3f7baa71292fa8a6a9ff5adad8fa6f530e143,internal_it::Access
access to friday pm technical interviewers hi please provide bellow link regards thursday pm technical interviewers hi link where find technical interviewers document named technical final evaluators forms ad view ribbon hesitate bile bile please add technical interviews awareness colleagues providing technical interviewers want overburden colleagues regards specialist,internal_it::Miscellaneous,dca1fb41cc7ea0492347f5736e3277f7c59379df44890d70284c836a7f293187,internal_it::HR Support
working hours adjustment employees unable enter attached screen displayed instead regular report screen affected users available submission problem friday pm errors hello teams contract possible synched demands inserted same added her code cannot her she cannot her please fix thank officer,internal_it::HR Support,3d2d77f20caa81c1333d97c6b347d2a0988869338e0063485bc305db70867cd4,internal_it::Hardware
new path paths thursday pm requests hello dear has come make arrangements help setting couple things please help out creating assignment called contain please also create paths let call paths please path other clients paths add paths path also included path routed primary has included extensions details needed missed let thanks,internal_it::Hardware,af013756306bed416b3e37baee21940d91ac370c7eb3d5f1a10be48ce815fef1,internal_it::Miscellaneous
procurement thursday pm hi guys please profile entity her buyer role incomplete stage she cannot process requisitions po kind regards lead,internal_it::Purchase,46e68913187aa4b8e755770d09cba7e8e0eb172078da7cd553cce15b2df2af01,internal_it::HR Support
oracle fusion app pm app hi looking app phone allow record more easily lot getting receipts etc quite challenge please give instructions app details please thanks client,internal_it::Hardware,9d3b16f8bb4edfda65346df749da30f4196c860c4a45728506c82def83846758,internal_it::HR Support
request for conference code friday july pm code hello code order via thank much best regards cs tester,internal_it::Hardware,26d45044f23ef3e4b58c5b4d568abd2647dfb60d9c9d2a304645a94806bb8f03,internal_it::Internal Project
oracle thursday july pm whom concern having difficulty logging tried sign regular credentials luck create somewhere thank,internal_it::Hardware,59d9a057d84dff96f603136c6ca76392c371967ba4c73fb80506c581ef1e0a29,internal_it::HR Support
changing field opportunities july changing opportunities hi help changing opportunities date date listed clients were moved other therefore opportunities linked please note tab each every client specified action needed realty fanatics how works doe mountain top advisory learning maps reproductive medicine jersey route signature signet st stream companies campaign fire triple threat communications thanks next planned annual leave officer,internal_it::HR Support,94584f1df9b45e84b9ce6011952e7e96e2b84968eb1f114b5a2e682267317624,internal_it::Miscellaneous
fusion wrong mails thursday july wrong mails dear ask please persons seems ones thank officer,internal_it::HR Support,1f2b4431f02a700e869df26930a9ccb68f8f5d89ba3aaaee871bee0716adda71,internal_it::Miscellaneous
remove access from tuesday july pm please hello please advised regarding confluence owner required platform removal separate assign appropriate other resource require removed please let kind regards analyst ext tuesday july re please hi connect resources secure dashboard cheers senior software developer date july please hello please advised connected kind regards analyst ext july re please hi cheers senior software developer date friday july please hello please number sticker pc code starts kind regards analyst ext wednesday july has assigned hello please advised record number has assigned please review details take appropriate action summary requested item details null choose template applicable please provide short description please details dear please disable receive want added thanks add requested location please link kind regards ref msg,internal_it::HR Support,5dd2a1af313fe01c39635f3d4d4795ebbe39589b13a002de23c19ea8dd4ad1ce,internal_it::Access
new starter states friday july pm re completed please make procure license fast track software then install take care thanks engineer ext date friday july pm re completed hi apologies document updated both thanks date friday july pm re completed understand form installed worries back track credentials engineer ext date friday july pm re completed hi understood update form jump let must regards date friday july pm re completed needs word excel she needs without install needed software needs listed form thanks engineer ext date friday july pm re completed hi software please advised definitely needed kind regards date friday july pm re completed please make credentials by july equipment software needed user because thing user then needs form created please make items needed user matter how included form thanks engineer ext date july re completed hi required hardware section notes she monitor software added phone she sitting building floor table seats number section irrelevant thanks date july completed hello starter form attached contains information regarding type hardware she where she seated please update form relevant return cannot log tickets without thank analyst community builder ext thursday july pm completed dear please find attached completed form joining nj thank administration officer thursday july pm re kind reminder attached date thursday july kind reminder dear please help completed form thank administration officer tuesday july dear please help completed form joining nj thank administration officer,internal_it::Hardware,2a7f325c35e723d234291a09a84f2099996fee135b3a6e4f797d30ce9a4553de,internal_it::HR Support
instance for friday july pm re instance thank design lead friday july pm re instance hi change has done please log call assign kind regards next friday july pm instance hi because client ask change stop plan instance period available running thank design lead,internal_it::Miscellaneous,46dcdcdf2b868a9344d976823e0d5204df78c90c8e9b7027cf41e28a56e8f731,internal_it::Hardware
approval flow for si timecards thursday july pm re thursday july pm re si care wrote la ca la regards thursday july pm fwd la cine si la fie la si la mine begin forwarded date july la mine si,internal_it::Miscellaneous,9a08aae9e78ae45b09917381e9e2595391868d1202368332ffd68c1cca1c86fd,internal_it::Hardware
oracle manage projects functionalities not available thursday july pm manage functionalities available hello please make manage functionalities performance available moment these available attached thank regards senior,internal_it::Hardware,5ac46cb528eee9a36ac22754d39836bb937de06743b3580be5ced2754307acb0,internal_it::HR Support
testing pm update wednesday july pm testing pm update dear please update testing pm regards head testing ext mob,internal_it::HR Support,71ce90514d218035c395099105deaa0b70cdf6748525150240cf22786d3748ef,internal_it::Miscellaneous
access to july pm hi administrator location where electronic copies contracts kept told please allow user location please additional change thanks,internal_it::Access,fe3bc1a6521982c4e1b293834191dd431bd8477fbcb832d3b4bd9b2a46ae4945,internal_it::HR Support
a for colombia friday july pm hi purchased colombia kindly asking assign tickets building these machines also please log him replenishment professional backpack plus wireless keyboard mouse jug headset thank administrator ext think ctrl,internal_it::Hardware,2e5d35fc37feefb47a04462e76402aa5940261ec6f5d392d64cc4d869d178c1a,internal_it::Purchase
approve for thursday july pm approve hi please approve pm level checked pm code same neither pm pm backup approver sub code due annual leave period both pm approver pm backup approver both added period delay submitting these kindly ask approve pm level thank kind assistance sincerely yours thursday july pm approve ca si mea la ca ca registered under number whose registered old broad street kingdom provide clients each subsidiaries separate entity has liability entity,internal_it::Miscellaneous,e031f9684188315caea892a0f69ff6e0b72a5c1284008d774b3a3e5e60b2c3d8,internal_it::Internal Project
request thursday july re update hello wednesday july pm update dear further recent communication believe query has resolved resolution response please let further assistance matter reference number summary resolver description wednesday installed hello installed thank kind regards ext reference resolved reminder friday july pm re license key best regards analyst friday july pm re hi thank friday july pm re hello per link provided product placed purchase pro professional software application find install please kindly let fit purposes thanks analyst,internal_it::Hardware,d180dd8856c1c22d93a2848093daefc64cdbc063d84c050a92782c80c68da097,internal_it::Access
set as approver for project codes oracle tuesday july re hi approver both codes she going approve leave requests raised under these codes hi please take care part thank best regards analyst re hi thank much her pm codes approve annual leave codes well separate tickets assign colleagues under codes these codes also reach site thank tuesday july re hi granted please let further assistance needed best regards analyst tuesday july hi please codes she covering role both thanks ext mob blvd zone,internal_it::Miscellaneous,279da3b80f871c617c7ff006da0aeeb024e8910219effec1aa481947f93216e5,internal_it::Internal Project
add user to computer hosts file july pm hello please separate va computer hosts file assign permissions best regards engineer july pm queue thank analyst ext july va la care la va computer hosts file design lead ext,internal_it::Hardware,c30bcc39f58305d351f077e1b2d153aa42d36c3310252d8fe85522462e924ad3,internal_it::Access
engagers team friday july pm engagers dear colleagues please include engagers persons please engagers persons thank best regards officer,internal_it::HR Support,b90f686ed619d0069a92149e1f50d90fe82a6a461d802142286d41bab88fb720,internal_it::Miscellaneous
to be introduced to tuesday july pm introduced importance high hello please stage test client engineer engineer additional technical details please thanks best regards,internal_it::HR Support,e4c4c44cb6490a15d9337d51de1d03562eb4e0cb934176dfffa29cf11e050a25,internal_it::Hardware
server stop tuesday july pm stop hi please stop stop script kind regards senior engineer client thank,internal_it::HR Support,2937937cbd27c9c3f3e563d884644daeea2a922e65c3c27532b9524848418464,internal_it::Hardware
career map project request oracle tuesday july re map thank july pm re map hello please advised setup form which blank please provide filled setup form order create required kind regards analyst ext july pm map importance high hi guys please code priority allocated july st thank july map si reminder officer pm re map hi way please fill form attached please note approved costs ones change additional costs needed role location grade days total tester designer total thanks pm map inform create code july st way sorry doing thank pm re map hi map involves cost recovery create codes both please fill attached form code needs upon completion needs date st july please consider kind takes order create let further questions related process thank officer thursday pm re map thank thank thursday pm re map hi thank proposal map ahead thus involves cost recovery must create codes both attached find form code needs upon completion needs date st july please let further questions form best wishes officer tuesday pm re map hi please find role location grade days total tester designer total tuesday pm re map today unfortunately given urgency handle off cost please figure approved map hi everyone please find maps which supported by needs communicated by kick offs st sept please let additionally thank head,internal_it::Hardware,7f9bed17ee260aa3e2a6e189db464ea7a471123dd6c36fe9e07468ee2df57de9,internal_it::Internal Project
reset for mistake booking,internal_it::Hardware,7c8cfd48f544c353003613e2ed496fdb650fac4ac9a7c6b26ad9b23f81196b69,internal_it::Access
approval permissions friday july pm permissions hi approve her requests regarding off annual leave she has submitted queue please wrong pending she br,internal_it::HR Support,4218bf48b3fde5651e783bc2cf15be0c64451610896bc669188e71c162687464,internal_it::Miscellaneous
printer issue printer issue hello we having issue with printer floor tonner empty thank you design lead,internal_it::Hardware,94d7ec74d6b9fec39e3474b549722d7c6a80d099f9e902291775ed78b7da8698,internal_it::HR Support
issue unable to all the files needed conversation with hi dear could you please log ticket assign queue thank you engineer en sent tuesday conversation with hi how you have again problem unable files needed supposed have access files location but some files far aware can you please check thanks hi could you please send link requested view ab dc could you please send what you able sec asked send you files folders you can receive checked your permissions shared with you folders were accessible could you please check if everything works fine for everything seems be thanks anytime,internal_it::Hardware,84a787c1006e16eb42ebbb9deb6e5c1480bb2c4cf03eb9dcd837d1dfb908e3a2,internal_it::Storage
cannot connect outlook to mailbox cannot connect mailbox hello for few months after reinstall have unable connect laptop server order add mailbox error cannot find server could you please investigate what preventing connecting note have able past connect using these instructions here thank you agile en,internal_it::Administrative rights,6ad90ac5c5096d4d358685bbf36a68aace9b1fb81178aac80af66b8a050901c8,internal_it::Hardware
tower down tower morning we encountering issues with tower please investigate with high priority,internal_it::HR Support,1be956f2772fc2d52215a6bdd3c923bc009d5f6868174d81f48c74bb086e31a1,internal_it::Hardware
nj local items nj items promoted for password constantly sent galaxy,internal_it::Purchase,f6551f962ace449f3f3b15b5ab2e89c673a8815e238a4fcca61d58aec10bd156,internal_it::Access
outlook issues when connected to issues when connected dear can connect or while connected constantly get prompted introduce credentials but does accept them web same issue tried deleting related information credential manager does help can something be done colleagues with have same issue thanks developer en sent wednesday ops re portal request submission hello please be informed your created please use attached instruction for for pre shared key credentials contains static digit pin code software token generated via authenticator mobile application code scanner digit pin code download authenticator app your phone android id android authenticator authenticator id open app add authenticator connect open app digit code be displayed follows password digit pin code set up previously for your authenticator pin code once tunnel up you be able jump server server access notice jump server using server you can connect servers your please store or large files your directory you can improve your experience by placing your file or ticking appropriate boxes putty yes motion password please reset your password have send you you can access via socks proxy also for browser suggest use chrome proxy extension en set by following set mode using you can redirect some resources via proxy other ones use access best regards,internal_it::Administrative rights,ebe524e16106d19a51ad113bb08780bbf15d8f4ad4f017427c9f84d47d1e6ed8,internal_it::Hardware
transaction blocked transaction blocked hi could you pleased rise ticket based following assign had transaction stuck did allow make changes into her profile thank you best regards engineer en,internal_it::Access,ddc80d91cee81a00439201fb9ded52eed51fb66fb1f0d1174f6af989780067f6,internal_it::Miscellaneous
testing devices for hi please ask quote for following devices needed our pro retina display processor dual core intel plus graphics apple galaxy thank you projects lead,internal_it::Hardware,264823f7fec9933e485a57d63727ed25acebe6372366475482222d42457dd217,internal_it::Purchase
device needed rug pre se face rom sent tuesday re device needed merci sent monday re device needed ca pro plus pixel plus note galaxy prime yoga tab galaxy tab sent monday device needed si estimate sa sa merci,internal_it::Hardware,b84ee9bb28e70f930606fc540cdc8f5a97549b65cd0975a5f66ad80c38eef01a,internal_it::Purchase
slowness slowness seeing performance issues noticed yesterday id image cd id image cd,internal_it::Administrative rights,8c7500fb5a8d88a9b27f367c7f0c926bd98803b74f00a990566917f132f51e41,internal_it::Miscellaneous
oracle team not displayed displayed hi dear line manager career however able menu dashboard please attached current view view someone have displayed thanks,internal_it::HR Support,dc6982d42c2c869314f366a3a1159268ce32b466e7c1177c679ad19360afd615,internal_it::Miscellaneous
cannot install the printer cannot install printer hi guys girls we have here th floor printer colleagues told access th xerox any window open install automatically have cannot can somebody help with thank you,internal_it::Hardware,f94a2b36d92d11249a5cab1613255c9df2e1ffe0b91cbaaec1f46b566433fea5,internal_it::Administrative rights
outlook link si link si si par sa introduce pass se sip si si,internal_it::Hardware,45de78cc89ce2b0ad301a354a78d82df11b3f04bb751400ae019e2fa66de18ae,internal_it::Administrative rights
project updates lost rights updates dear each month right file portfolio lost would you please take look keep permission have best regards head analysis en,internal_it::Access,2784b2e24d14822f5832a14d54d6a8079dbbe9dbfc0b4fff943a9426426b6981,internal_it::Storage
re reminder we feedback annual it survey re reminder we feedback annual survey hi when try complete survey receive error second could you check please best regards sent thursday december reminder we feedback annual survey importance high annual survey we feedback dear colleagues thank you for feedback provided far we have collected complete responses with your help we believe any feedback useful can help build friendlier more efficient work environment when answering please consider interactions you had with processes survey link needed most deadline st december make count donate for each complete response delicious surprise awaits you you have fill survey provide your address you can be one lucky winners selected randomly answers received be aggregated allow statistical analysis case you have any questions regarding survey please contact customer care annual survey ext,internal_it::HR Support,134407313b4e5bf8bc548590c2fcd1e42a3ae2bebdc4964757df7bcbca3740c2,internal_it::Hardware
issue issue dear please log ticket assign for fixing issues was having with her thank you kind regards engineer en,internal_it::Administrative rights,88c95a8b754a36d456885100803e4425810d7cfe36b548498b6d76da03c6d276,internal_it::Miscellaneous
special leave has been assigned to am oracle hr support incident special leave assigned hi could you please raise ticket for request closing ticket resolved best regards applications analyst en sent tuesday december re incident special leave assigned thank you sent tuesday december re incident special leave assigned hi your request approved by should be queue although request was waiting for approval did reach was able open submit absence generated notification after being submitted by could you investigate why thank you lead sent tuesday december re incident special leave assigned hi your absence request goes your representative only after approves goes your line manager can you please confirm you received special leave request december best regards applications analyst en sent tuesday december incident special leave assigned please be advised record number assigned please review details take appropriate action description special leave hello line manager cannot special leave request for she cannot approve can you please check why thank you manager summary special leave number priority moderate assignment location access incident please click following link attachments image image kind regards ref msg,internal_it::HR Support,e2b00cb1e4bcb02d0e36863b8b07f571a96f89e4c7da4f5f86a8b3ea10cc24da,internal_it::Miscellaneous
system performance issues amp endpoint hello please help endpoint take cpu application use for programing works very bad block sometimes how can fix thing thank you,internal_it::Administrative rights,ec8e061eff5383947c3c785493bad959f386653972843c5f3e14e7ccc8a9c178,internal_it::Hardware
account dear please be advised our colleague can access his using credentials would you be kind look into matter solve issue with his thank you,internal_it::Access,da50229539df9d62d909a5bfd3bc350d0c5297c37961291ce996e57a8dfadbda,internal_it::Hardware
there is error submission of time entries there error submission entries hi we currently confronting error code submitted his weekly card instantly received enclosed telling him card was approved other hand receive any approval notification then submitted his weekly card instantly received same with being prompted approve card but with action buttons upon checking settings discovered designated anymore other members had their role changed reinstated myself but could address urgently have clue whether function expected or keep approving cards automatically regards,internal_it::HR Support,9ba60675c38f172bc9ae70d787ba20a74a2925ba21e5fdb4a94df21a90363491,internal_it::Miscellaneous
oracle time card error card error hello dear have issue with able log card for date range could you please remove row guess help thanks best regards,internal_it::Access,2dc7653f3bb88f157c9f91124c1f3671087e85e5c0ee42728d4abb05a0af45d7,internal_it::HR Support
update update hi should list but currently assigned can you please check thank you test consultant,internal_it::Hardware,d981fc1a47f3a7bb89ed2ab9e652f90885bc7f244faf22da4b280e991356f2e0,internal_it::Miscellaneous
posting a requisition posting requisition hi guys apparently there issue with these couple days when we requisition checked option send everyone requisition was inevitably sent requisition did anyone report such problem thanks for your assistance kind regards specialist,internal_it::Hardware,6c636e2bacbf286624296c701d937f39702f5e2b5a9bda9c7bdea8bd24ef2e10,internal_it::HR Support
issue observe issue hi can you please take look error below overall most can join meetings made thanks sent november observe issue hi recently encountered certificate error when participate meeting sent blocked join meeting every when try with daily integration grooming meetings attached snapshots error here case you can ask your technical have check thanks br,internal_it::HR Support,204184b4c9c58a6a2bd18ec6937ff23ba9c229bba1205c7ea187ac6d1dead41e,internal_it::Hardware
cannot add oracle cannot add hi seems cannot add entry please help analysis lead,internal_it::HR Support,1d23a11c0c5da19b6c02178a7494186fd045928acb4d16da11b6aa12ac3af65b,internal_it::Miscellaneous
to creation errors have generated request request number kindly note after generating request fields within requestor information step have populated properly attached,internal_it::Miscellaneous,a707779177fdb78a2a8e24add46357d085e4c5f888b13d75da67b4042e863378,internal_it::HR Support
alert disk failed alert disk failed hello please raise incident queue fix disk redundancy problem for our controller our controller only recognizes disk raid you below thank you engineer managed,internal_it::Hardware,0f551f93c45e4e4a301300ad969b5aceeca2c14fdf281703b877c230fec65f2c,internal_it::Miscellaneous
urgent request library urgent request library dear urgent request please delete being library well another note please investigate why received more than automatic library sa having same message one below thank you,internal_it::Miscellaneous,37b09ccdd8c1d684d5356ae5e794e06cc0d0ebbaa04f0f8cd7fea7a1692c3760,internal_it::Hardware
issue for issue for hi issues with could someone contact him for how solve issues since can write any thanks,internal_it::Hardware,746c1ddd01522fada354d91e348fe48513ec5432986757ebf688772d81bb898a,internal_it::Administrative rights
issues issues hello today encountered some troubles with setting out app log tried install according instructions received th but also failed case was solved by thought important inform you thank you very much officer,internal_it::Purchase,b90b97413f1fe5e7142f275ba0d4eda4da2c390aff25797594de616ab6789e7d,internal_it::Hardware
missing career field oracle for mite career field for hi could you please investigate why we career field for one person please screen thank you regards senior engineer en,internal_it::HR Support,eb7c5a5a02bb7f9b2d8f7d34c9959a8f5d81de89ff581677858a80509fc2f478,internal_it::Miscellaneous
oracle expense report problems expense report problems hello need your help regarding problem completed couple expense reports main menu appears expense report still pending approval you can below but if enter each reports tells have approved you can image below know if affects actual reports our colleagues requesting but find really odd error some kind would you help enlighten please thanks specialist,internal_it::HR Support,b5d125faaaf1142834e7647fd7c6198092f2b4500c47b5be20537a137933357b,internal_it::Miscellaneous
cannot enter cannot enter hello cannot seem enter for code can you please help with design lead en,internal_it::HR Support,f69317afc8601da5a75be0e9c932058c146131dd8a50c6277552112229d5ee61,internal_it::Hardware
error when trying to access error when trying access hi getting following error when trying access share changed password yesterday cannot get access today regards infrastructure programme manager upcoming leave th st december,internal_it::Hardware,678fa315b45c32d8f26e8c412e618f58e3d6bb5dc7d80832e2a1eab6943fca92,internal_it::HR Support
issues to create a meeting outlook issues create meeting hello could you please help create meeting when try create such meeting receive following message problem even add for for added well logged into for application still receive above error message for version thank you consultant,internal_it::Hardware,93326833108f96c0084c981022ba923d93b6362d42164fa3bd1c09b19ca528c6,internal_it::Administrative rights
your zone awards screen issues your zone awards action needed hi have problem logging keeps throwing screen although entering correct password can you please check regards sent friday october your zone awards action needed your zone awards logo your zone awards dear you have received your zone award nomination waiting for your review please check out make approve or reject have lovely your zone awards images preview image,internal_it::Hardware,2cf729d2f422aefa96b7c5d729f9be0e1abfcfd5544d6b59aa3a31b5f0b58e04,internal_it::Miscellaneous
query after apply process query after apply process hello having data seems proposal data imported into please could be investigated below copy screen confirming apply complete number there error with one leaver end date before st but think should affect apply process regards,internal_it::Hardware,e3ec2d8f7488c95eb48481b449f9c0bda1af433f7941bb2c525c4c762c9317e2,internal_it::HR Support
oracle notifications issue issue hello have contact issue with for each submitted receive same attached with have extremely counterproductive there setting need change for stop happening thank you for your head analysis planned days off th st,internal_it::Miscellaneous,8d704b741139a4f0942f42a0febe1b1d5c7ecd75f08f5a93633931d8a9db9d2d,internal_it::HR Support
problems connecting to open and accessing folders on problems connecting open accessing folders hi had issues with above helped resolve them kind regards administrator,internal_it::Administrative rights,1ed7d863cd187834600edbbade4b34b1c9ff200406855550b3bb9c35299f2601,internal_it::Storage
error with on new pas template not functioning error with template functioning hi trying use template get error below data refresh through excel spreadsheet button or directly drop down connected please advise quickly what should get report working how ie relevant spreadsheet guess template was created with different settings laptop thanks director,internal_it::HR Support,d03a585c92a18359827b32e907c2e9535b35da2c1fea9718e3451943a443fec9,internal_it::Hardware
not responding responding hi experiencing issues past week program responding once enter link any advice would be appreciated kind regards specialist,internal_it::Hardware,3b611d386108998bf627288e92a6052ed15ddd65973d7f6b48fa9f8a5082aaeb,internal_it::Administrative rights
test device problem test device problem hi one our test device problem detect any cards please advise how we can proceed investigate solve problem possible thanks manager,internal_it::Access,4341f26987e184049ef022c35f55a884dc6ff0236de894fcd9aed3a5a8cbd9b4,internal_it::Hardware
authentication troubles authentication troubles hello encountered problem with authentication however also tried reset password but have only rights for problem started yesterday when message appeared introduce code right unable make any operations repository submitted two tickets but can them submitted tickets section need solve possible best regards,internal_it::Hardware,79b3326037582a2d61a96f647c98846351e7d6e966ebb2f85e54ef540f991144,internal_it::Access
unable to add team member pas unable add member hi seems unable add forecast code please note have managed add members but only for one encounter error can you please assist thanks ext planned annual leave th november,internal_it::Miscellaneous,13f5628bc965de236e69b8590c9859cc135f84058db9b6f3a20ae2ffda6465d9,internal_it::HR Support
unpleasant surprise unpleasant surprise hi have tried log into laptop morning get message reference currently locked out be logged how can be typing correct password keep getting even though have tried restarting several times inside understand why prevents any work keep getting message last minutes unable log please advise thank you manager work mobile sent,internal_it::Access,baed1ed958ee843c1cb47d46856e155466dfecf6cca8d8302869f733bc42fc6a,internal_it::Hardware
windows update issue update issue hi colleague waiting for hours for update finish normal behavior please advise,internal_it::HR Support,270cbead48bf6633f082c0ab2dc9cc81a0460ac8c23d628969b4bb4b38c4d299,internal_it::Administrative rights
re issue with unapplied receipts aging report re issue with unapplied receipts aging report hi please rise ticket for below thanks sent monday october issue with unapplied receipts aging report hello projects having issues with aging report more specifically with or customer receipts included aging report based what saw there be problem with receipts have after date looks like listed outstanding or open report for instance for month end close reported issue with aging did analysis described below based receivables aging by ledger report attached unapplied receipts for ones listed table below big receipt seems explain most difference for against aging report also attached was unapplied but was th shown screen below looks like problem with custom aging report handles properly date for unapplied clarification when receipt or created open amount outstanding must be listed aging when receipt invoice gets closed outstanding balance then zero should longer show aging second screen below shows location name report shows correct information if possible review one reverse engineer way showing or unapplied receipts please let know if you have any questions thank you name receipt number due date amount kind regards fusion,internal_it::Hardware,2ab8e3be85dcd5f54fb2c9ac613498100fb431ff89913a79b48f3a1729f4b0ed,internal_it::Miscellaneous
win install issue for win install issue for installation issue ticket si queue mine direct senior engineer en,internal_it::Miscellaneous,9e6add7168757e0297c52db01fcba46061da6b1f0a0524f3ac26b87dc4e254a0,internal_it::Administrative rights
failed update failed update hi guys getting message anything need software architect,internal_it::Administrative rights,cae6a8eada272d3fe001d07609c2a9eeb52d7f9ccec8a672b8be978bcb00f21b,internal_it::Hardware
change oracle change dear can you please make for since keep receiving following error message faces for more information please server error log for entry beginning with faces server exception during regards head testing en,internal_it::HR Support,000e6dfc6f1fa362c7c7e03f0df07e27a9a7e1373ce1628a7ad225d0b55c8db1,internal_it::Miscellaneous
cannot to oracle using expenses read only pot merge la only va sa manager,internal_it::HR Support,c028c9b0faec4a5f59466b53052b021e2332db9a10d1e432b8f8d52e5152a97c,internal_it::Hardware
problems problems hi guys could you please action below thanks incident manager sent thursday problems hi please make someone gets touch with for below incident logged thank you manager sent re problems hi only one ticket being similar below described reached ll check with manager charge case might be related ask get touch with more details help assess issues thank you manager sent problems any idea sent thursday problems hi few have mention issues week being able join calls needing drop off re join etc you aware any issues regards ext mob en glee your zone,internal_it::Miscellaneous,6fbc58ffa5510e86c6b8ddf12ebb7cb31f6c56043bca3bd91cd3e4517e07ce18,internal_it::Hardware
high priority oracle issue high priority issue dear can log when trying log asked twice if want allow be if press yes then directed back main thank you planning officer ext,internal_it::HR Support,5098dfa412120f065d6dc9fac46e2f39bf945687dad20e289a03ac629462fc26,internal_it::Hardware
windows update fail update fail hi guys when trying update get following error thank you senior developer,internal_it::HR Support,ae32cd7d04d9562d4dedc52bb963eae0b77a0b135cb1f7bfacbc810f1032e73f,internal_it::Administrative rights
buzzers from some doors are not activated when doors remain open sent wednesday physical issues importance high hi today have performed review physical controls place our spaces have found following issues emergency access doors floors closing properly due some mechanical issues have found doors open please raise for work together with our facility manager landlord fix buzzers some doors activated when doors remain open moreover these configured automatically send raise ticket if left open for period please raise another make configuration also for doors intruder alarm armed ooh due some technical issues applies for offices please raise another for make issues solved possible shortly with more details with respect subject thanks,internal_it::Administrative rights,05eeb89df05eb715bdac18e4d4676a9320f6bfef7b17b0a88a12ece1cdf2219b,internal_it::Hardware
sound issues solved sound issues solved hi please note we had issues with tv sound during presentation help consider raised issue solved thank you,internal_it::Administrative rights,87d3b0bf65f1e52cba6737d566fa03e4d0fdc7debe8baa16661823fe89de52ce,internal_it::Hardware
error error hello dear after changed domain password last failing please error attached regards,internal_it::Access,8510216c58d27daa864a3dfac83a7753f071a0b019a3ed0b8efefd63700c1aa3,internal_it::HR Support
change computer change computer hello for your information computer stopped work monday yesterday guys form give one respectfully,internal_it::Hardware,0e0d3b4e53bb1030fdee445c95f4fe20c4d0a60335de1327d32d8b230f83531c,internal_it::Miscellaneous
grade changes your input needed grade changes hello apart problem described sent history facing another one cannot create flows for members architecture discipline looks like interface does provide options create flows can you please help with thank you sent tuesday re your input needed grade changes hi when try view flows prompted enter password keeps asking these credentials indefinitely tried with ie chrome behavior same you can help with or should send thank you sent tuesday your input needed grade changes importance high dear please be advised set for you start reviewing approval flows for grade changes process you already know effective july functionality for enables them review approval flows for their delegate approval flows review someone their hod please note enables delegating flows review person own discipline meaning one delegate can only review flows one discipline should you also need flows be configured ll be your disposal deadline for reviewing flows th latest afterwards we open for entering grade changes if any let know kind regards job integration taxation specialist,internal_it::Miscellaneous,224444af9ac376fd6906fe306c724eaa02498bf7d1ba655c39c44019639ef9b8,internal_it::Hardware
excel journal error oracle excel journal error hi have error when trying open excel order upload yesterday tried use test environment asked install some updates order connect think cause error could you please help thanks senior accountant ext,internal_it::HR Support,d28b7e69c6cd15c1f015410c1f4a54553f8fdfc19accfc5ee99050fe6d56e52f,internal_it::Hardware
getting a blank and error message while logging to eel getting blank error message while logging eel hi though was assigned place th floor tower getting blank error message you assigned any location please contact your administrator after logging able use site thanks tester,internal_it::Hardware,d6822624fd8fad6980aaccfc17fbd51883641370f9efb8223615237ba89f8b9f,internal_it::HR Support
issues with mouse issues with mouse hi encounter some issues with mouse master mouse loses connection pc can you help warranty still valid thank you,internal_it::Administrative rights,1ec8350c9ec93676c2255f9b2bbfaef04021d4ec3bb28a7cdd43f60528601eed,internal_it::Hardware
error error hi guys can access submitted by for approval get blank screen when trying open regards director,internal_it::Miscellaneous,12820a182417fc212f719d7ab251582fc9a589813f99baca96e494e5caec3edb,internal_it::HR Support
for video call error for video call error hello when try present screen video call with client for demo get error attached print screen if call colleague for present screen for him works issue reproduces only when calling client number video try present screen could you please help fix issue thank you software developer en your zone,internal_it::HR Support,353628a97cb4ced871f69ec9f352ec313422a2cc9d1627dcc1ad83c3f8adbe9c,internal_it::Hardware
issues on environment after updating to re issues environment after updating hi for raising under could you please help with below dear could you please raise ticket based below for your help best regards manager sent tuesday issues environment after updating hi here description problem after our environment was updated some our users experiencing problems trying log via about everybody about person clicks sign right side redirected federation fill his credentials clicks sign again redirected back previous clicks sign again nothing happens typically click sign for several times result their accounts locked we need go console unlock their accounts manually unfortunately we cannot pattern if we face situation updated extremely difficult deal with more than employees we suspect problem our side federation allow log though have already raised sr link fin can you please help find charge best regards applications analyst en,internal_it::Access,b41d6f9589ca88bbe907b17d21a58e3349ea6ec79524c3c00f69658ab8581ce3,internal_it::Hardware
account issues sent domain issues hi starting yesterday experiencing issues when using domain access laptop can please investigate advise cheers design lead,internal_it::Administrative rights,abc09c832c3ac73f6e1f9c9d863d5bd5dc0f3f6b3cf2c80d46f8343b3ab50ee9,internal_it::Hardware
cannot access cannot access hi longer able connect repository although was earlier today please add back into instance for playground thanks senior engineer client,internal_it::Access,d88155cc2848329e02818b5bde8296a96bfba174cf9416dc6b5919e56e878ee2,internal_it::Hardware
two accounts for sent friday two accounts for hi noticed we have two members for confirmed made inactive we should delete well our list can you please have look if there any info stored for id if clear then delete we avoid any confusion going further let know if anything thanks planning analyst,internal_it::Hardware,799ee2d2eaa91616abf7bb2b4cd7b3b007ea6dc7806fac0721e76befee3b3010,internal_it::Miscellaneous
access to outlook issues sent thursday access issues hi below for your attention engineer managed en sent thursday re access issues hi there someone can have look issue issue unable use client using normal but can connect using kind regards senior server infrastructure engineer sent access issues hello please find below answer regarding thank you best regards engineer managed en sent monday july re access issues persists sent thursday july re access issues hello could you please let know if issue with solved or still persists thank you best regards engineer managed en sent thursday july re logged access issues can someone contact please if possible,internal_it::Administrative rights,d08046daf9da0187ae928c76b16681d35bfd47c5b14d2aca510f29940e1696a3,internal_it::Hardware
new server is sent wednesday server dear please rise ticket order check server assign server thanks best regards engineer,internal_it::Hardware,867e823eefbb0dc64b6696de9e57c3e1b1e2f70c00e077863544d47b22e6e48c,internal_it::Miscellaneous
windows updates installation issues sent monday july prod infrastructure updates installation issues hello please log for each server below list assign queue for investigation server name comments errors can connect can save updates error error updates error can connect via updates error updates error sec error updates error updates error updates error update error can plate can can can updates error tried tried updates updates updates prohibited updates prohibited authorized fro remote updates error updates updates authorized fro remote updates updates app test web web can thank you kind regards engineer managed,internal_it::HR Support,74ec18954109631e2b079beafa3f6a48ad922b22a53fed1486c6a434e1403644,internal_it::Hardware
every time at pm the site goes down sent monday july every site goes down ridiculous brought up several before there scheduled maintenance senior analyst north,internal_it::HR Support,6d7c9fbafd3d4a2cdc4e753912e7d4d464ec64fb200f6b8dfa42c61d5f171f61,internal_it::Hardware
outlook crashing hello take look could you please send some issue short description about behavior error message eventually if you have we can make screen sharing session well for looking forward hearing you kind regards analyst ext hub sent tuesday july re problem hello accessible thanks lot for however have problem with crashes every starts forced use web platform for if there any suggestions how fix let know please thanks lot enjoy your sent tuesday july re problem hello could you please advise if you still encounter issues regarding your kind regards analyst ext hub sent friday july re problem hello holiday starting today until july th kind regards developer sent thursday july re problem hello could you please advise if still experiencing issues kind regards analyst ext hub sent wednesday july re problem hello we discovered multiple users having same problem when trying use we investigating issue with high priority for please ask use might experience problems with for well kind regards analyst ext hub sent wednesday july re problem hello using cable does receive any error loads for while then stops if help location kind regards developer sent wednesday july problem hello could you please advise connect his laptop via cable also could you please advise what error message receiving kind regards analyst ext hub sent wednesday july problem hello colleague having problems signing other since change his password yesterday evening could you please take look into kind regards developer,internal_it::Administrative rights,99cbcc6635c32d5b504afc345e72829c5d1effb1fb6d39ed11636b091b52daef,internal_it::Hardware
purchases mini dp adapter dp adapter cable engineer,internal_it::Purchase,6387b36f917cc47c9212564fc507e092f61790bf636c321d03d4e53dd33fc20c,internal_it::Hardware
unable to log incidents on tm bluecoat proxy service unable log incidents tm bluecoat proxy hello we seem be unable log incidents using above example please take look best regards analyst,internal_it::Hardware,35c0358b1363aea4d55a1d25e9f301408e569373faaaed5bb988d6d1cf4ee652,internal_it::Miscellaneous
unable to sign into oracle sign error,internal_it::Hardware,24229238c2b9a88b50ea0ceb357c8739c81ff84619f3cadfbe35168bf7d0b915,internal_it::HR Support
errors rebuild required,internal_it::Miscellaneous,98325b9e067c5add0012d060a763bdf516e588803b07f30b82a3ee022fd8fb8d,internal_it::Hardware
new starters not active eel sent monday july starters active eel dear following employees have started work rd july but active eel yet kindly asking you investigate thank you planning officer ext,internal_it::Hardware,b708df823a2ac3713869f9db4d6619bf59a14f66dae5a80cd949c409f52c8822,internal_it::HR Support
badge not working sent monday july badge working hello there seems be some kind problem with badge sense can leave rooms but can enter them badge number there way fix thank you,internal_it::Access,48b63325fdc18e725747d01ff94b245dbaaee932dd8e6330eeef839d0a75c025,internal_it::Hardware
lost sent friday july hello badge data se sa fie si sa se care se engineer,internal_it::Hardware,725f691c03f0a47eb2cdc12cd1e008b2010592112d0509f43d53da8549a65733,internal_it::Access
critical alert sent thursday july critical alert following alert occurred status active data source type data source be be computer be description last recovery points created tried log either part job or recovery latest point job log job detected discontinuity log for database be be since last incremental jobs fail until full runs for more information open administrator console review alert details monitoring task area,internal_it::Hardware,028be81cff6e9a47935fa849ea4ccdaf49ea2a712ed0e49a356ef0129013550d,internal_it::Miscellaneous
problems connecting to outlook for the net and am interns sent wednesday july problems connecting for interns si internship care se pot la inca laptop care sa se care en en en en en maine ca va sa va merge si sa la care maine number cat va software developer you,internal_it::Administrative rights,0251f8446ae5058b9df5c184ae63dd5e7f9fa5d4361c096b48b0234896210782,internal_it::Hardware
snow permissions lost sent monday july hello please be advised below thank you kind regards analyst ext hub sent monday july re hello can you please ensure re added snow fulfiller asap thanks sent july re hi thanks for if fundamental changes being made could prevent members managing calls logged then would ask you make myself aware proposed changes before happen we have review assess then let relevant members our teams know change our access particular occasion restricted what we could snow prevented carrying out our tasks managing calls please let know if you require anything further please can ask you confirm when process place notify prior any changes being made thanks again gill head commercial mobile gill july wrote hello problem we have couple calls for getting different view snow we try keep everyone notified but course possible some might have missed would you please advise key need be informed we send them update we have one let know if there anything can help with best regards specialist sent thursday july re thanks please can ask if notification changing was sent out recall seeing any maybe missed would have expected be notified also have tested we knew would work for purpose we need for hence complaints myself some members thanks gill head commercial mobile gill july wrote hello thank you for getting touch with please be advised we have logged with currently awaiting for re add them skill would you please advise whether you with ll let know best regards specialist sent thursday july hi please can someone above incident for needs fixed asap allow him out work requests coming was logged with you monday believe however yet resolved would appreciate if you could look into advice when be resolved for gill head commercial mobile gill one largest multimedia publishers with award winning portfolio brands important notice including any attachments meant only for intended recipient also contain confidential privileged information if you intended recipient any reliance use disclosure or copying or attachments strictly prohibited please notify immediately by if you have received message by mistake delete attachments any views or opinions solely those author necessarily represent those or companies hereinafter referred tm tm accept liability for content or for consequences any actions taken basis information provided unless information subsequently confirmed writing although every reasonable effort made keep free viruses tm accept liability for any virus transmitted by or any attachments recipient should use up date virus checking software or address be subject interception or monitoring for operational reasons or for lawful practices parent companies registered with address one canada square canary wharf one largest multimedia publishers with award winning portfolio brands important notice including any attachments meant only for intended recipient also contain confidential privileged information if you intended recipient any reliance use disclosure or copying or attachments strictly prohibited please notify immediately by if you have received message by mistake delete attachments any views or opinions solely those author necessarily represent those or companies hereinafter referred tm tm accept liability for content or for consequences any actions taken basis information provided unless information subsequently confirmed writing although every reasonable effort made keep free viruses tm accept liability for any virus transmitted by or any attachments recipient should use up date virus checking software or address be subject interception or monitoring for operational reasons or for lawful practices parent companies registered with address one canada square canary wharf one largest multimedia publishers with award winning portfolio brands,internal_it::Hardware,594951685c2b8fb1cba39fa142eef8abfc8f9bb5fc279166e4156e7a28834e95,internal_it::Miscellaneous
critical alert sent july critical alert following alert occurred status active tape library based tape protection weeks copy description detailed tape inventory failed operation failed since slot library,internal_it::Miscellaneous,69de3c9803afe159cc0cb5eefb61a268de66d3102811b33ff3b9364a8d35abb4,internal_it::Administrative rights
cannot remove on cr sent tuesday july removing cr hello please can you log ticket for below assign thanks sent tuesday july removing cr hi please log ticket for below assign thank you best regards administrator sent monday july removing cr hello turning into issue guys usually tend clone means cannot remove previous we have implementing feature version or alternative can we configure cloning operation such keep pertaining cr being cloned thanks sent monday july removing cr hi done clone cr but cant seem remove need any more list cr number want remove ones belfast related could you help thanks mo senior infrastructure consultant upcoming holiday st july th rd october th october,internal_it::Miscellaneous,6b1b96c91ae3a9b666ee1e2510a33077ad8858610f24d3b464c5aca0fc1549e2,internal_it::Hardware
service now security issue urgent sent tuesday july re issue add escalated needs urgent attention obvious concern other non tm clients be able sensitive information can we confirm if case know tm have elevated access snow but unsure if applies any our other clients copied for awareness given implications thanks sent july re issue hello can you please investigate why tm users being presented with non tm client data when conducting searches snow believe we had similar issue towards end last year caused some embarrassment with client we need lock down respond quickly thanks sent july issue hello raise concern regarding have run report normally complete daily brought up another clients information worry one our tickets sitting within data have attached screen have raised with confirmed after completing routine reports brought back various client data along with trinities understand franc also works logged issue with couple others although their issues were before change took place issue other clients might be seeing our data please can be looked into asap thanks hurry analyst one largest multimedia publishers with award winning portfolio brands important notice including any attachments meant only for intended recipient also contain confidential privileged information if you intended recipient any reliance use disclosure or copying or attachments strictly prohibited please notify immediately by if you have received message by mistake delete attachments any views or opinions solely those author necessarily represent those or companies hereinafter referred tm tm accept liability for content or for consequences any actions taken basis information provided unless information subsequently confirmed writing although every reasonable effort made keep free viruses tm accept liability for any virus transmitted by or any attachments recipient should use up date virus checking software or address be subject interception or monitoring for operational reasons or for lawful practices parent companies registered with address one canada square canary wharf,internal_it::Hardware,4e93b58d26068c6e66cb52680aee696ef1c64f861c44372f03aa13b34962e16b,internal_it::Miscellaneous
issues with sent monday july re recommend with whom you enjoy working hi thank you for for recommendations we sorry you experiencing inconveniences while using referral tool issues keep coming up with unforeseen recurrence but we raise ticket for them investigate matter please investigate issue for she keeps facing technical difficulties when trying use thank you have,internal_it::Administrative rights,77dbfe98cd5cb97552eb1b4e8434286725c23f37c2a5c787b880c727a5fc8348,internal_it::Hardware
product activation failed product activation failed,internal_it::Administrative rights,5810abbdcce852f801deaa3e3793ea5fe0a8c7f3a381fcd3e7fe10e03df3dfc6,internal_it::Hardware
issue with down boat dc bb view ad getting errors pages thanks,internal_it::Hardware,394b7d1a9dfb60a41f0e71e1bc6cadf5d68d03c7210fa8605ad583b86757b59a,internal_it::HR Support
its lost admin permissions on sonar hello looks like we have permissions anymore sonar sp sonar could you please assist,internal_it::Hardware,ae2558538a3ccc4e387843f46a73b4467ea2f87148a407d01c78327dd06e993f,internal_it::Storage
file exchange via has been disabled sent thursday re issues hi works fine while we re have some problems report have pending for some every log prompted enter old password for some other also prompts enter password apple id pass though set remember also file via disabled does attach file for others download but sets path file cannot be accessed think about covers thanks,internal_it::Hardware,2718681dade4d08882796117993147c092b8e4905d323b01b6d278b651b1591c,internal_it::Administrative rights
missing timecard notification sent hi data for for below dates dates did enter before can you what happened pull data back thanks person number country manager job discipline grade assignment person date senior engineer senior engineer applications belgrade senior engineer active senior engineer senior engineer applications belgrade senior engineer active senior engineer senior engineer applications belgrade senior engineer active senior engineer senior engineer applications belgrade senior engineer active senior engineer senior engineer applications belgrade senior engineer active senior engineer senior engineer applications belgrade senior engineer active senior engineer senior engineer applications belgrade senior engineer active senior engineer senior engineer applications belgrade senior engineer active senior engineer senior engineer applications belgrade senior engineer active senior engineer senior engineer applications belgrade senior engineer active senior engineer senior engineer applications belgrade senior engineer active senior engineer senior engineer applications belgrade senior engineer active senior engineer senior engineer applications belgrade senior engineer active senior engineer senior engineer applications belgrade senior engineer active senior engineer senior engineer applications belgrade senior engineer active senior engineer senior engineer applications belgrade senior engineer active senior engineer senior engineer applications belgrade senior engineer active senior engineer senior engineer applications belgrade senior engineer active senior engineer senior engineer applications belgrade senior engineer active senior engineer senior engineer applications belgrade senior engineer active,internal_it::Access,b4e55255fee051a29f57ad481ee338571bcb9373837ef35a154995d411d764de,internal_it::HR Support
not present sent wednesday hi please note cannot believe due fact we have name collision colleagues with same name can you please check let know outcome best regards,internal_it::Miscellaneous,184c1d3c21bd55a54b55f7eb1adbf015ea952864520d666651c080f724ba09d6,internal_it::Hardware
files error sent wednesday high priority sow uploading files error hi have same problem had yesterday regarding uploading files can you please check what problem yesterday worked after few hours but seems problem persist kind regards address th floor blvd district,internal_it::Hardware,c61135991ce989934637c79298561c715ae76c9e9651f706562a723c370694a3,internal_it::HR Support
no access to th to th floor sent wednesday card hi please help with card belongs have floors th th floor thank you manager,internal_it::Access,7dfd22838e28748885515fd707684a43105d02fca3bb276ab8d63a8109fd313d,internal_it::HR Support
oracle fusion slow performance sent monday issues hello for some working extremely poorly for but within last month become virtually unusable slow takes around minutes submit simple timecard using single code can something be done fix same performance seems be better for colleagues thank you,internal_it::HR Support,1d4492f9bf2e63d17c3e908121d00462651b5a6c0d7141886836262f398087f0,internal_it::Hardware
was not updated for a while endpoint installed machine cannot be updated automatically nor when click update virus signature database today noticed tried last few days error message could connect server,internal_it::Administrative rights,c3e03a8373d1f32e80409bb5c81fb7f5a8d1cce814a510c7558330b5a4f2fd0d,internal_it::Hardware
problem joining meeting sent thursday problem joining meeting hello had problem joining meeting for induction message displayed was can you please help address issue kind regards information confidential be legally privileged intended solely for addressee any opinions expressed mine necessarily represent opinions susceptible interference if you intended recipient any disclosure copying or any action taken or omitted be taken reliance strictly prohibited be unlawful if you have received message error open any,internal_it::Administrative rights,6876964346ac58e040e16dccd75fd4e5d2313daf289a38ae0fb290f1b2ded55a,internal_it::Hardware
unable to create a new sr on oracle support sent wednesday unable create sr hello seems we longer able open our identifier for sc thank you application engineer,internal_it::HR Support,e7ca2f0caf2c75351362fa56683b63abe0dc9f786a20c1b0908c42ebeb293c59,internal_it::Hardware
data profile correction sent re data hi can have update below issue please thanks sent monday data hi had look imported data says employed since however dec hire date but since until was employed for years can be also represented well would like avoid incorrect information thanks,internal_it::Hardware,bc1857767a21177d3ce0beef5729b2c50ebc5216c0617cf739b42affa6ff87b7,internal_it::Miscellaneous
employees not active eel sent employees active eel dear below employees active eel yet could you please investigate thank you employees planning officer ext,internal_it::Miscellaneous,b0f154b296ce5dd71b6129ad02dbccb8e3e0f5a5516557552af6d257c8427184,internal_it::Hardware
fax machine number is incorrect sent tuesday fax machine number incorrect dear please log ticket we can investigate why fax machine showing correct output number thanks kind regards engineer en,internal_it::Miscellaneous,ca64827aae50a0b57bafbc2b582dd14e08bb6925e26a4051b397e1e1a13e6c7c,internal_it::Hardware
line manager not set for approve annual leave flow hi line manager for can be seen however getting her requests for annual leave if she checks approval line only listed included approval flow line manager can you please verify correct thank you,internal_it::HR Support,300fdb2a53a2963b42f0d3e91de804f9d0505a9c55e73506c2ab473fe757936d,internal_it::Miscellaneous
code not working sent monday access codes for hi we use following codes for our daily conf call pin if pin fails try today neither codes working there fault or have codes changed since last week please can you assist asap thanks manager trainer production managed one largest multimedia publishers with award winning portfolio brands important notice including any attachments meant only for intended recipient also contain confidential privileged information if you intended recipient any reliance use disclosure or copying or attachments strictly prohibited please notify immediately by if you have received message by mistake delete attachments any views or opinions solely those author necessarily represent those or companies hereinafter referred tm tm accept liability for content or for consequences any actions taken basis information provided unless information subsequently confirmed writing although every reasonable effort made keep free viruses tm accept liability for any virus transmitted by or any attachments recipient should use up date virus checking software or address be subject interception or monitoring for operational reasons or for lawful practices parent companies registered with address one canada square canary wharf,internal_it::Administrative rights,f0856f6c5514b0a5d94d288d650f35e280f28f9b46a19c4afa563d4e08d6603b,internal_it::Hardware
absence request approval error sent tuesday error hello while trying approve holiday request go following error could you please help out thanks senior manager,internal_it::Miscellaneous,efe09eec2dc7570fe7df9168a7032c5893dfdd485cb322f85f7184234dafb848,internal_it::HR Support
missing access oracle for managed services sent friday access for managed hi have access employees managed entity could please assist thank you assistant,internal_it::Hardware,b076d74f9f913368cb17d34c12b0edfe606a973df1cd6dbba78f1d2254205fcd,internal_it::HR Support
approval flow error sent monday re please action direct reports hi please update record below person does report reports bogota colombia thank you regards senior test lead sent monday please action direct reports dear manager part established processes each required submit his weekly basis each friday for past week must be submitted for approval you receiving because some your direct reports haven followed process please help cascade accordingly gets possible below breakdown your direct reports please note if refers left or maternity other absence leave please contact update person record otherwise please contact person directly submit their manager country for for date bod total days,internal_it::Miscellaneous,9c659a396ad7aaa71a7ae522f191f74ac4faec75039ea50a2ec1995166c67c52,internal_it::HR Support
data profile does not reflect accurately sent monday data hi had look imported data says employed since however dec hire date but since until was employed for years can be also represented well would like avoid incorrect information thanks,internal_it::Administrative rights,bc63a008fb4a0ee7bddcdb44d9e7c06eb9fc4a696487009f815fa2c4441f4ebf,internal_it::Hardware
for account issues asking for password sent thursday re for hi working today asking for credentials should be address but also wants password accept password did what need use thanks sent for hello please be informed for created for you assigned extension be your address per below example please following guide for for usage you able make external calls via for kind regards rare analyst ext hub,internal_it::Hardware,09e6fcff97b617dbf7fc66bd8cc9bbaef2ca159a5aee37bf40a96f32b8a43103,internal_it::Access
posting issue sent friday posting issue hello colleagues encountered error while we were trying post requisition after receiving approval our manager we go posting panel but after we unable make selection post requisition we had call with she shared had same problem there some ago well attaching image made order help clarifying issue please let know how we should proceed thanks kind regards technical recruiter,internal_it::Hardware,cfd0615eacf1c28c7de9057391b4b8ab14aedb7c6cdfcc367c3de2a4ee0765d3,internal_it::Miscellaneous
question bucharest new hello can you provide quote for buy one card thank you best regards manager infrastructure sent thursday re question card sent wednesday question hello you think you can help topic was but you know part anymore thank you best regards manager infrastructure sent tuesday re question please ask card type should be ordered we want delegate these decisions spite their ample expertise consultant sent question hello please help ordering card for floor believe we had ordered for other offices too think should be same model please help with info for receiving one thank you engineer ext sent re question please order card thank you consultant sent question hello concerning we had aware by we have card for we would recommend you buy one order get alarm about would be more safe please let know if you wish order we can involve thank you best regards manager infrastructure,internal_it::Access,927772f31bf7ce92c83afbbdcd266dc1aceb24e64d2e67e14f816202ea9e22a3,internal_it::Hardware
permissions issue sent wednesday re update wants access please notes hi kind reminder worked for again have access have,internal_it::Storage,407c89a89a7ac1eb6d8495607be19af82a0a73a866fb28171728724aa18e30de,internal_it::Hardware
floor printer issue sent tuesday floor printer issue there might be some issue with printer floor ready mode but when give job print something won print get message saying problem tester,internal_it::Hardware,3efabf687f78b82e7db160111b7c72db686c9a89bfbb8aa4e2c0e9ed602f6a2d,internal_it::HR Support
assigned to extension calls issue issue still persists sent monday tell how we can improve ticket feedback related hello thank you for taking give feedback let know how we can improve you mentioned issue still resolved you still getting calls checked tickets have under your name found two them related similar issue your assigned number showing missed call for other resolved could you please be kind look into issue reported by either re open ticket or create one meantime feedback ticket also be assigned appropriate leader for further investigation ticket closed although issue still persists please hesitate let know case you need further assistance or information gladly help best regards customer care en,internal_it::Hardware,50b906c2e5bc03c5b8a8982f36174907123d3eb260a1ef4aa7ae6578a2449a88,internal_it::Miscellaneous
critical alert original message sent friday critical alert following alert occurred some computers protection have synchronized for days for more information open administrator console review alert details monitoring task area,internal_it::Hardware,1adc2c946a52d4b055e9a486cd049e15060ed8e3fa36262ec11fad69b9ec621c,internal_it::HR Support
printer issue resolved sent thursday printer issue resolved hi let you know had issue with one printers st floor was quickly resolved by yesterday thanks,internal_it::Miscellaneous,b1d3d3e166880ff564277f7b1c2dd0b3624dc92125339e32a21d57279880cb77,internal_it::Hardware
project tasks not visible oracle when trying to submit on project code sent friday start date be changed importance high hi kindly ask you let have your soonest changing start date for st st we need change asap enable submit their cards thank,internal_it::HR Support,b9b2c079ed4c9427d0d42e4e4e901854f6dd64a2445fb69f1965342daffd9794,internal_it::Internal Project
outlook limit instead of sent friday card la sa ore card imagine pun ore,internal_it::Storage,146cfee5a69ea1348f23249c85c3a8452aef91907893e81fad4aaacdc8857dee,internal_it::Administrative rights
oracle sent thursday hi guys have trouble with code was there gone can fill out book can you check resolve if possible cheers manager information confidential be legally privileged intended solely for addressee any opinions expressed mine,internal_it::Internal Project,4cacac83fc65694b0dea94758dc2fbec328ad7f82b756d98c290cdbd58e8d9cd,internal_it::Hardware
quote equipment for bod implementation dear please getting quotation related next items values patch panel cat patch cord cat vertical unit total rack basic zero subtotal unit total professional device license ref alarm unit total regards manager colombia,internal_it::Access,82c6e4185cc4dbc2fc06e04baffb37ca4857fed01bf7cf65d28f0bb0e3c289dc,internal_it::Purchase
not getting notification from oracle sent wednesday getting notification dear receiving for advances raised by could you please investigate issue thank you head analysis architecture,internal_it::Miscellaneous,c47936ae83b895be70437cb521a0f44d0d85fa75ac42d60886a4e13b4dfe5962,internal_it::Hardware
oracle problems sent wednesday problems si sa data task approval se up,internal_it::HR Support,7dc224514df47b17589d78541e5657b8bc7a9416c00327c2e31f7000b095c288,internal_it::Miscellaneous
status oracle sent monday status hello kindly asking your assistance with situation involving leaver his was terminated th march but have noticed today appears active could you please advise respect there some work progress his some issues encountered need be resolved require his be maintained active until resolution or there issue can proceed with ending his work relationship please let know if there anything can or if additional information needed thank you kind regards data entry,internal_it::Hardware,f7ce4ddbb663155f8950420baea95d045f5c475adb95b98c0a8485e40dbdc09c,internal_it::HR Support
profile sent friday profile hello when accesses profile screen can be observed some fields profile note completed also when have submitted career plan manager did receive plan career plan was submitted yesterday thank you best regards acceptance test tem recording,internal_it::Hardware,1c9f911cfe2bce8f5c760e10ccd50a9671633b060e350e83021eee989fc629f7,internal_it::HR Support
redirect sent tuesday re hello could you please help with redirecting thank you sent tuesday hello have raised today for lei pending should be pending could you please help with reassigning for approval would need be paid tomorrow also could you please redirect advances until th holiday leave until date thank you specialist en address blvd th floor district,internal_it::Miscellaneous,ba06f8b963490b6dac6713e9734e61250d6060af00902e0c65c9b91b6245ae44,internal_it::HR Support
unable to connect to outlook sent unable connect hello reached mention there consultants site today unable connect their connected via but avail also advise would need connection order reset their passwords please be kind investigate possible try help out understand might require input if needed please request well please contact ask for more details if required perhaps call when she available would help thank you kind regards leader ext,internal_it::Administrative rights,29852b88979ee87b1464ee33860027a63ba894675f4d922bb5ec92fefb54692b,internal_it::Hardware
cannot connect to from outside network sent thursday problems hi seem have bunch issues with one asks for password if input correct pass with or without domain name fails log can log re prompts for password always fails connect when outside have raised before gets fixed for few days by re passwords re creating profile etc then goes back same behavior get prompts input password connect meeting rooms was temporarily fixed by re creating back can please get solution for these problems waste having go through each ever getting solved thanks applications discipline lead en,internal_it::Administrative rights,5ed182a4629add7bdb08bc1819a59e84fd4d2a878615f117674e89f1a4cb700b,internal_it::Hardware
cannot log into laptop called advised she cannot log into her laptop,internal_it::Access,f999534b282e4f17c93815ffa8d208289ac9cf6bcf6bef8276ab2eaa956f7cc5,internal_it::Hardware
is down sent tuesday march down hello unfortunately work receive following error could you resolve please software developer,internal_it::HR Support,907e77ee151830951fda5bcde1771850e9a86d84879809bc425f3377cf94881e,internal_it::Hardware
can create new opportunity on for existing but not active client sent monday march can create opportunity for existing but active client hi urgently need set up opportunity for existing client we last invoiced november exits you them if you search however if try set up opportunity find field can you please advise how activate client again really need sorted out asap thanks client engagement manager manager,internal_it::Internal Project,bb0a2b0d330c4cf44f7f974bdced85f4485a4055215c189e2b2ffd1569976c7c,internal_it::Hardware
oracle issues sent tuesday march issues hi cannot access platform for completing can you help please thanks click here find out more about experience officer address blvd th floor,internal_it::HR Support,411367e0a85c3f683fed79ee53b6f7353ed920b44ecda8e52392fe4c4ed3c3e4,internal_it::Hardware
referrals error sent monday march referrals error hello we have recently encountered several cases where could be uploaded through referral tool even though were specified format have attached few examples error same can you please advise above thank you,internal_it::HR Support,03519c6379ae724e4189705f637fd399782f1bcd902f0a835cb0ef81307601ea,internal_it::Hardware
printer not working hi printer laserjet stuck please assign thanks,internal_it::Administrative rights,d13cd48f6c95f3faa1ca60d0f01a8ca2d54e6ec7c914ff2332b794b54239691a,internal_it::Miscellaneous
laptop not update windows attached,internal_it::Administrative rights,240c729a015b2d207e56a5b603d28fbe28e8da7dca1395961eacf4fb122d193d,internal_it::Hardware
for issues sent monday march re for hi thank you for your encountered some problems log described below password accepted password password could you please help regards sent march for hello please be informed for created for you assigned extension be your address per below example please following guide for for usage you able make external calls via for kind regards rare analyst ext hub,internal_it::Hardware,46c70e5d2bef4e613eadcaa8ec9632c14eabc683cded030c1dcf2eb035e51538,internal_it::Access
error when opening boards sent monday march error hi after saturday upgrade receive following error when opening boards can you please have look fix thank you master en,internal_it::HR Support,ed777c22cb55637571d5ece859908a398dc984b6926f51ccee6237602939034b,internal_it::Administrative rights
backup software work properly hi could you please solve problem with software work correctly have had problem for couple months data specific folder backed up there lose data if os work regards,internal_it::Hardware,604702f07b2305b66fb787d38fcd3e627481a888a1843a31cb0c01c73aff7c3c,internal_it::Storage
reported issues when logging onto his machine sent thursday february urgent message hi think you might be able help with below kind regards analyst pl sent thursday february urgent message good morning colleague issue accessing his machine seems be locked out asked you call him urgently number below address thanks client manager your zone information,internal_it::Access,1dcfc23ed0d82894354991b04fd81702fea473451fc54b6a1b527baf213e9e53,internal_it::Hardware
issues for sent tuesday february hello have given work instruction install but can log using kind regards senior server infrastructure engineer managed mobile,internal_it::Purchase,4648d414f1de1276649570438147a185b6b216589ac4da15ec715409e8be2412,internal_it::Hardware
mail error sent monday february hello received error when try connect could you help task folder check for reported error cannot download folder server for error cannot connect server if you continue receive message contact your server administrator or provider assistant en,internal_it::Hardware,f11696dcb5b3ee2a80db0c9c226eec979f51c6afefa37fcf7390683cd0ee7396,internal_it::Storage
carried over allowance sent thursday february ca si cum analyst,internal_it::HR Support,f54602a21a5a2f3b89d2b0f5140a05d53428a4cc8219fa31cab517a5bdcb662e,internal_it::Hardware
incorrect hello please assign person be manager for thank you sent tuesday february re starter ad dear please note have incorrectly set manager please indicate correct manager for thank you head en,internal_it::Miscellaneous,b73b569857c3362e0bc65a19372e36ddbc1313e7037e5c381ae85f143c9c02b0,internal_it::HR Support
user cant ticket ticket was logged another check attachments well tried impersonate error seen error appeared already discussed with snow girls our sent monday february re shared location hi again afraid can still could you check if seeking right place please attached kind regards software tester sent monday february shared location hello can you please check if you can thank you kind regards analyst ext hub sent monday february shared location dear writing you about shared location raised request by can number subject sent with request but can could you please tell if normal or should raise request manually through apologize for being patient because tight frames put request thank you software tester,internal_it::Miscellaneous,7b344127ca2d4cf598edbcf704a989cadad2e0af7f951a904fde84814739cf3f,internal_it::Storage
quarantine you have new assistance needed sent monday february you have hi can setup password can how can view thanks sent monday february you have dear you have your daily update bounces newsletter kb members bounces newsletter kb members info newsletter kb newsletter kb newsletter bounce mc newsletter kb created newsletter kb weekly activity report bounce ab newsletter kb week with members yoga workshop members others info newsletter kb your daily update bounces newsletter kb newsletter bounces newsletter kb your daily update bounces newsletter kb kb newsletter kb follow up info newsletter kb week dup newsletter kb newsletter kb newsletter kb be deleted automatically after days you can change frequency these within your portal log,internal_it::Administrative rights,03b512d4ce77c28087839199a86375800f59f9caecb41a021eb47f73d6227c52,internal_it::Hardware
network issues sent tuesday february issues hello had some issues solved thank you,internal_it::Hardware,3ea87110bf1ff0e6cacba3557a60c4d18196d3447176c2ecae567f0ac5a4d2fc,internal_it::Administrative rights
problems sent wednesday february problems hi constantly having problems with blocked randomly have ask unlock checked ad locked during can you please investigate when you have some best regards senior consultant infrastructure,internal_it::Access,930569d4494d0f40acf2aafe9d34257cdcb4378933bf9a298960255d88dc670f,internal_it::Hardware
correct ad sent tuesday ad for dear far understood yesterday there was request you regarding issue with shared files here details hello could you please advise matter when log one drive logged can single file shared with one drive problem know exactly there lot files shared with something you can correct what we can ad section she why identified with absolutely different info ad synced with portal although assigned licenses cannot use properly well miracle how she could connect her sync issue we have investigated could you please kindly have look correct information ad for thanks analyst,internal_it::Storage,bf4ed2ea9d6aed853bb4f08bbd24181990f4dc10763971017c35a5a13674fd18,internal_it::Hardware
pc reboot automatically provide,internal_it::Access,962d9b14c92d2006797a5482f2c297d1295857661839ca864f555c0ddc0f765e,internal_it::Miscellaneous
no access to or any other resource from pc sent friday access dear did have access or any other resource pc helped with issue was able raise ticket moment could raise assignee much thanks regards software developer,internal_it::Hardware,9209a96cd576d2aea592643d19b285daf37b7c848675ed4cb9dead3d450b4fc6,internal_it::HR Support
expired contacted laptop expired hi have smiths laptop with issue showing expired en,internal_it::Access,05b9a1dc182472cd1b4a7ccdbe1df0bd43a4f9cbf53f224b8c40c681d47087b8,internal_it::Hardware
account locked out sent wednesday unable connect physical machine hello after recently software updates machine unable connect machine senior tester,internal_it::Access,12c4ab09d41f9b17c6dadb3b1670e09bf7a8b49df6c39c132c5ce3c6ad4db0e4,internal_it::Hardware
error checking out files sent monday access issue dear have issues with checking out documents folder particularly folder could you please address issue kind regards specialist,internal_it::Hardware,540d04724a6cd62840158b29972ac1872b10dc148ab65aa90fd686f2f12a5f55,internal_it::Storage
issue new pas sent thursday issue hi appears be bug code under client added for does add up total then does appear client level also costs view but have profit coming out nowhere there should be costs coming forecast could you please look into thank you officer,internal_it::Hardware,34c84722b9e2caee2dd9cafd9ae1727324c0182afa854b85e04914896335bdd9,internal_it::Internal Project
am unauthorized access granted sent monday hi guys could you please let know added owner haven approved request thanks manager en,internal_it::Hardware,1f028c9eacf798dbc1bb98a6532e6112b9859b183fead657b9e24a834a4a480b,internal_it::Miscellaneous
issues with accounts called advised some have issues with their accounts total have moved section was advised aware,internal_it::Access,c71e8788167b945930ea7031d9637785de292bdafbd6c3db52ddd4ca76386cce,internal_it::Administrative rights
booking oracle com issue sent thursday booking issue hello have last working today want send booking hours for week unfortunately for friday th can send with booking since out could you help with best regards developer,internal_it::HR Support,d9c44bb21bf22a477bd8577819b82d67c214c08216c0d722def9a2d275200e05,internal_it::Hardware
over days not showing correctly says should have over days instead sa ne normal inca over normal inca ca si sa fie si la la se face,internal_it::HR Support,27a383a0416d15c3624b60479363426f11254b700d81acb02f4ee1e7f4a6eb72,internal_it::Hardware
issues with days sent friday hi can you please help with below thanks lot assistant sent friday pare pot attach imagine va tester,internal_it::Hardware,ff72f625baf6dd0adbcc467a1a082edeb76b4c7acc70baa9992b7f605f578f9f,internal_it::HR Support
slave slave please bring back,internal_it::Hardware,9cbe42caf13bf9a66f3fc0e97a14c4f1675f5d58a0450581174bf76ff6dbee0d,internal_it::Miscellaneous
issues with when split on more project codes sr sent monday december issues with when split more codes importance high hello could you please raise ticket for below thank you regards analyst sent monday december issues with when split more codes importance high hi have issue with raising po would much appreciate your help sorting issue any advise get completed need raise purchase request for amount needs be into codes with specific percentage amount have raised per below shows amount raised when opening also shows correct amount money for what when viewing split per also shows correct amount money needed when going for approval shows different amount approval lines having these can you please advice what wrong thanks for your help kind regards officer en,internal_it::Hardware,f0b110b31135f62c4ab8f242e543456c74ce9eafbc32198850f52b626ed83507,internal_it::Miscellaneous
access to sent friday december la via,internal_it::HR Support,298b1bcec4b5b7bdbe56621280818e349047027a89b1f36f69a125d92a6e9898,internal_it::Hardware
reports error hello please use link reports layouts start community we have renamed also if you need more assistance feel free contact best regards engineer sent thursday december reports error hi having following error trying connect reports kind regards center th floor,internal_it::Hardware,09a7868a9fa6e3751cc19672b02bed7b4fa82762c8c07748754282102046e5ad,internal_it::HR Support
can not into sent thursday december can into hello have problems into esp portal yesterday changed password today cannot with password old one please advise applications discipline lead,internal_it::Hardware,26ae6a5c05293badf69595b2f089e87f76240f9b02ac99d99fbe9222d57484ae,internal_it::Access
opportunity open sent tuesday december opportunity open hi following opp still open sow members opportunity id be but contract generated executed should be open anymore sales pipeline regards center th floor,internal_it::Miscellaneous,6eb31c8800af675a587d689139f69186e2231c7399af03ce590cf26d9d31870e,internal_it::Internal Project
check issues sent thursday december conversation with dear please raise call check issues assign queue thank you lot best regards technical consultant en please consider environment you really need print sent thursday december conversation with sa la tester care si sa se pot tot ca ii failed sa la ticket,internal_it::Miscellaneous,fb6454bb199f3676bc00b72c553a297dddd1e6c7cbb054742bde4ef87fe35513,internal_it::Hardware
th floor printer access issue sent monday november re update preparer access for hello unfortunately afraid still working added printer instructed but password still required could you please assist,internal_it::Hardware,e58132115658fb382d0c79c2d76023dff8dc8bb0a22e6a0e8f6bf7907dbf7fe4,internal_it::Access
screen th time weeks sent december screen th weeks importance high hello something must be wrong sometimes goes sometimes down screen without any reason happened th within weeks sales have use present with customers need stable please fix possible regards senior manager frankfurt main frankfurt main,internal_it::Hardware,85bf0c7d9f6bc3c1d1a855428d7c9b6f0b1b2f5c5039618e7db61ee6f1ca01f2,internal_it::HR Support
error ad dc sent tuesday december raise ticket error ad dc hi please raise ticket incident assign server ad dc following jobs failed below dc dc inserts dc priority urgency low failed dc main main job failed job was invoked by schedule last step run was step log shipping restore log job step failed dc log shipping restore log job executed ad agent neon step failed failed dc inserts main main job failed job was invoked by schedule last step run was step log shipping restore log job step failed dc inserts log shipping restore log job executed ad agent neon step failed failed dc main main job failed job was invoked by schedule last step run was step log shipping restore log job step failed dc log shipping restore log job executed ad agent neon failed dc log shipping restore log job executed ad agent neon failed dc log shipping restore log job executed ad agent neon step failed failed dc main main job failed job was invoked by schedule last step run was step log shipping restore log job step failed dc inserts log shipping restore log job executed ad agent neon step failed failed dc inserts main main job failed job was invoked by schedule last step run was step log shipping restore log job step failed dc log shipping restore log job executed ad agent neon failed dc log shipping restore log job executed ad agent neon failed dc log shipping restore log job executed ad agent neon note step was retried requested number times without succeeding step failed failed dc log shipping restore log job executed ad agent neon failed dc main main job failed job was invoked by schedule last step run was step log shipping restore log job step failed dc log shipping restore log job executed ad agent neon step failed failed dc inserts main main job failed job was invoked by schedule last step run was step log shipping restore log job step failed dc inserts log shipping restore log job executed ad agent neon step failed failed dc log shipping restore log job executed ad agent neon failed dc log shipping restore log job executed ad agent neon thank you best regards technical consultant,internal_it::Hardware,904b701d6267927d91cec035e5c9e27d91b8e5971df549adc8c57e247d4a21c1,internal_it::Miscellaneous
cannot edit or add a new time card sent monday december can or add card hello boys girls called fusion allow or add card for could you please take look attached trying change existing card trying add card thanks monitoring engineer,internal_it::HR Support,139ae76352bf91cc4eef98aaa1c880ea7dc44de1eab9eafd46902bcda5d3909c,internal_it::Access
no the sd area sent thursday december sd hello seems like there sd area some desks our running battery extra screens working thanks leader,internal_it::Hardware,4e4fcb44136ebd0512261621b03c12b82cc2851a17cb39b9a820ce859facd057,internal_it::HR Support
oracle account setting for sent monday november good morning can you please have look she seems be unable submit her according her shifts she attached but please let know should you need additional details thanks sent november hey tot ii pot submit ca si print screen merci analyst ext,internal_it::HR Support,bb643bf4e0f15c3122af019e7670adccb7ef190133c10b685f9e66daa526b4b7,internal_it::Hardware
adding generics for start up project codes sent thursday november adding generics for start up codes hi please could someone your check why cannot add generic member codes seem like does display option for them maybe matter access rights added generics for them round but would like make available directly them for future rounds please log ticket thank you sent thursday november re grade si start up ca regards sent thursday november grade si start up sa ne si sa start up sa face forecast si member generic sa ne grade si si grade engineer si technician officer,internal_it::Internal Project,a4e1b12d646e55b1eb55439106539622a24261d1dd209a2304f2cd123c45a64a,internal_it::Hardware
for hello please activate for thank you,internal_it::Hardware,b54ade8c5270bce9ead59d5f4a7cfaca893c799298bb269006797775fc6ef263,internal_it::HR Support
one of the monitors are not working correctly problem middle screen,internal_it::Administrative rights,90c5caaaa4e14eef2d4152b837940ee4a65176c3ab0c41c41368de29fe2e5cb8,internal_it::Hardware
report time issue oracle sent monday november problem with logging dear morning tried log but experiencing issue every try log receive following screen please below screen was usually getting when entering can you please review what causing issue assist with resolution problem preventing logging thanks best coordinator,internal_it::HR Support,65502851605faf85a32ea73f3e969bee2af1f65e4bcc46d43f26ce8441547136,internal_it::Hardware
notification of missing time for former employee sent wednesday november notification for former employee hi colleagues still sends out reminders left end could you please disable his thanks compliance officer frankfurt main frankfurt main sent november bitte please action sent november please action dear part established processes each required submit his weekly basis each friday for past week must be submitted for approval you receiving because you haven followed process please action possible below breakdown your please log accordingly training materials available here id if by each wednesday there still past period then your manager also be notified country manager for for date total days,internal_it::Miscellaneous,88bc5d5cb11063013217ea753d3065a79cb6c55ef570406dd4813b5b980a4d5d,internal_it::HR Support
issue sent friday october re issue hello would like be added groups employees added regularly line manager thank you sent thursday october re issue hello thank you for writing regarding below before we can log request process further please advise exactly lists shared mailboxes you need be added attached you line written approval best regards analyst community builder ext hub sent thursday october issue hello employee contract started th october observed colleagues receive lot usually receive anything talking about or individual mean represent interest for everyone think haven added some if possible appreciate be added be updated with information thank you,internal_it::Hardware,9fe556354768f06362c858bf453897035196eba25063e1b4e76d0d257db8a408,internal_it::Miscellaneous
error hello trying use reports but getting error link provided for shared provider per have tried reinstalling following troubleshooting tests but still get same error thanks,internal_it::HR Support,987a10dc47a3246a08ec53e43396cbe9b91869b7c294659af0569430fd99adfe,internal_it::Hardware
battery issues sent wednesday october battery issues dear battery lasts only for maximum hour usually have longer meetings have take charger with everywhere could you please help thanks tester,internal_it::Administrative rights,e667dd47cace02db8b11a700b0fa3faebcb1fa7bf209b782cbc86eab82025290,internal_it::Hardware
staff names new pas issues sent monday october names importance high hi we still having issues with names example below attached there how can we identify one we need would be helpful if we could identify them by or even better by because for every instances with same names there distinction their address vs way was named quite unprofessional should we address with thank you officer,internal_it::Miscellaneous,954c586bd2d65f90ded011f0a9928556b8283016def6336c8b3ba8b11e8966e2,internal_it::Hardware
edit access on projects for update values project review and input table sent friday october access projects for update values review input table importance high hi manager bellow projects allowed update any value review input table please fix issue thank you manager en blvd th floor district,internal_it::Hardware,1695ae63444e1dfa5f01356b066eaa91989adbbded4e02555efa1307e1a420dc,internal_it::HR Support
issues with for sent tuesday october issues with hello could you help with these issues access card working for working thank you,internal_it::Access,5fce551c5696c51b45a81034b267d2f4ff03634482d6514c4d62b29be0ae5d8e,internal_it::Administrative rights
managed services missing sent monday october re managed hello can you please raise ticket for below incident thank you kind regards sent monday october managed hi kindly request for your with below issue have when attempting generate po have managed raise requisition managed but when go tab order generate po cannot find managed list hence cannot generate po can you please add able perform task if further clarifications needed please let know thanks administrator,internal_it::Purchase,3eefe41ce1b2364068280e063543ecb73c3dd599860f2d27810a347e4ca85f3b,internal_it::Miscellaneous
open close periods oracle sent friday october open close periods hi please help regarding closing opening periods few weeks ago had access close open periods open close buttons were available print screen attached print screen received today her computer confirmed with access rights changes should have taken place since then but two buttons longer visible for please print screen attached computer thank you accountant,internal_it::Miscellaneous,1f9e59ae7120b1806308fb9f46eb7bbaa85bd2aa6065e37e9d0acbaae59f6d6e,internal_it::HR Support
missing or wrong oracle sent friday october or wrong hello would like open ticket because some or correctly set have with appear should be with code penes with task details pc decommission par san another one set correctly same code penes tasks details upgrade should be upgrade last appear with code with task detail migration hardware without cannot book week thank you best regards manager infrastructure,internal_it::Administrative rights,2eecb9b3c851210234d92b5ecc844562893c0b9ee235964ac2ef5e9a29187110,internal_it::Internal Project
problem on oracle com sent friday october problem hello gents have problem with when try complete weekly record you can try add two weeks induction procedure step for every monday till friday till two weeks code today introduce how you can step for thursday friday number but must be code for two weeks same problem appear only for thursday friday when try review submit show step can you please verify problem best regards tester engineer,internal_it::HR Support,49a34b90db11fb688a848b81c226fdc7d7ff4fcc4bca46bb0c6ef35595c1b084,internal_it::Hardware
setup and maintenance oracle is not loading hello seems setup maintenance loading shows blank nothing more please let know if we can assist any way resolving issue thanks kind regards,internal_it::HR Support,6e930233166f0b306e635daf38871c5c5af61b69253ac0ba3b5dc32b7d94c8f9,internal_it::Hardware
is having issues logging into sent monday hi having issues logging into can you please open ticket investigate thanks senior manager date monday hi working had change password last week maybe something with can you please help thanks senior designer jersey,internal_it::Hardware,c3bd3cfa8a8e2ec5b302b74e6d8d51fdf834de00a2656ca7d6fcb92db48b1c39,internal_it::Miscellaneous
oracle missing project sent monday importance high hi projects item disappeared dashboard manager please take look asap master discipline lead en,internal_it::HR Support,00c7e820e29e06bc757d2fef4c43c92e370fbc681b48e183fb588650757feaeb,internal_it::Internal Project
internal audit forbidden software en sent monday forbidden software hi have checked report with forbidden software generated please find report here looks like there still some colleagues having games or based file sharing file store clients installed assets can you please send another reminder ask them remove these forbidden applications thanks,internal_it::Hardware,65aaec88e82cba6d6a7307186426cf7a629c4f190e5f523069dfa3ef42a5cb36,internal_it::Administrative rights
awaiting customer response rule does not work on account sn sent tuesday awaiting customer response rule does work sn hello pointed awaiting customer response rule does apply several issues raised related customers complaining their request resolved while we re waiting for their input suppose even get about fact awaiting their input please check confirm regards leader en,internal_it::Miscellaneous,40aae285c3403ef6a6664374b341b1df5f4f3de32eb348b1a49d6067fafb4b3a,internal_it::Hardware
issue oracle cannot create invoices oracle sent friday issue hi try create invoice but there some issue po created but when try connect with invoice there error also talk their there error she can create invoice for macedonia her computer amount can you please assist what with invoice problem with tried yesterday today create thanks regards officer,internal_it::HR Support,aff329309cfe3c32288578409953eae7d005fd8105ebca5ee3e63785ba040f49,internal_it::Hardware
issue regarding expenses oracle report sent tuesday issue regarding report hi audited expense report number auditing transferred using process expense reimbursements report schedule processes but if search expense report cannot find anything could you please check what happened advise what should be done order be able arrange for please find below print screens expense auditing manage but case any other information required please hesitate contact thank you accountant ext,internal_it::HR Support,7108a3fec1c08fd5ad185c0e5ed3b0219228fe4728399c1c3467c7b0f816c8c8,internal_it::Hardware
oracle issue sent friday please can have some help re logging password does allow access tells contact administrator thank you kind regards counsel extension mob,internal_it::Hardware,3118eb5f0501af63c4baac748761509e2b0438063ab478516b28d53f2693e6b6,internal_it::HR Support
oracle notification duplicates sent monday notification duplicates dear let you know seems be issue with notification process received for same person same period timecard same below suppose critical for considering amount request you have related although could be added backlog future improvements thanks manager,internal_it::HR Support,4b6408c8c50c60b4a875ea89500cc1c91539b783b5ea6ee4b4dae4c2883c336d,internal_it::Hardware
error cube reports sent tuesday july error hello guys have received error when was trying export some reports status cube reports cannot be run without web components installed for your browser learn more about installing contact technical please help possible because we need process overtime hours booked buy our colleagues thanks assistant ext ale address street center,internal_it::HR Support,3e96e42aa9829e7f524bd862a254220b6212e82e38df4904ea716f2c2e6a6279,internal_it::Hardware
