text,label,length
I noticed a charge on my account that I wasn't expecting. Can you help me figure out what it is?,billing,96
Can you explain why there's an extra fee on my latest bill? It's not something I'm familiar with.,billing,97
"I looked at my payment history, and it seems like I was billed for a service I didn't use. What's going on?",billing,107
"Hey, I got my invoice and it's way higher than usual. Can you check that for me?",billing,80
I think I'm being charged for two subscriptions when I only signed up for one. Can you clarify?,billing,95
Could you send me a breakdown of my last invoice? I need to understand the charges better.,billing,90
"Ugh, I can't believe I was billed for something I thought was a free trial. Can I get that refunded?",billing,100
"I just noticed that my monthly fee seems to have gone up, and I’d like to understand why. Thanks!",billing,97
I’ve got some questions about the recent charges on my account. Can we go over them together?,billing,93
I accidentally made a duplicate payment this month. What’s the process for getting one of those refunded?,billing,105
I really don’t understand the charges on my latest invoice. Can someone explain them to me in simple terms?,billing,107
Can you help me with a discrepancy in the billing amount? It doesn’t match what I was quoted.,billing,93
"My service stopped working, but I was still charged for it. How do I address that?",billing,82
I need help with my billing statement; there are charges for services I didn't sign up for!,billing,91
There’s a recurring charge on my account that I want to dispute. How do I go about that?,billing,88
Why did my subscription fee double this month? I wasn't notified about any changes.,billing,83
"I just got a notification about my payment, and I have a few questions about the amount. Can you assist?",billing,104
I want to clarify what the 'late fee' on my bill is for. I thought my payment was on time.,billing,90
"I made a payment last month, but it hasn't been reflected on my account yet. What’s up with that?",billing,97
"I signed up for a service at a certain rate, but my latest bill shows a different amount. Why is that?",billing,102
I'm confused about my invoice—it lists services I never ordered. Can you help me clear this up?,billing,95
I believe there’s a mistake on my bill. Can you review it and confirm what I should actually owe?,billing,97
"My last charge seems unusually high, and I’d like to know if there’s been an error somewhere.",billing,93
"I received an email stating my payment was unsuccessful, but I’m pretty sure I paid. What gives?",billing,96
Can I get a detailed explanation of the various fees included in my subscription? It's a bit unclear.,billing,101
I just noticed an extra charge on my account. Can you help me sort this out?,billing,76
My last bill was way higher than usual. What’s going on?,billing,56
"I need clarification on a charge from my last invoice, can someone explain it to me?",billing,84
Is it possible to get a detailed breakdown of my recent charges?,billing,64
I was expecting my bill to be lower this month. Why was it so high?,billing,67
I didn't receive my refund for the canceled service. Can you check on that?,billing,75
Could you help me understand why there are two separate charges on my statement?,billing,80
I see a subscription fee that I didn’t authorize. What do I do?,billing,63
Can I contest a charge that I believe was made by mistake?,billing,58
I'm confused about the pricing of my subscription. Can you clear that up for me?,billing,80
"Can I get a copy of my invoice for this month, please?",billing,54
I think I’ve been billed for a service I didn’t use. Can you verify that for me?,billing,80
I’m not sure why I'm being charged tax on my bill. Can you explain?,billing,67
I don’t remember agreeing to this pricing plan. Can you look into it?,billing,69
I need to know when my billing cycle starts and ends. Help!,billing,59
There’s a payment on my account that I don’t recognize. Can you assist?,billing,71
"I’d like to request an adjustment on my last invoice, it seems off.",billing,67
I’ve been double-charged for my subscription this month. What’s going on?,billing,73
My recent invoice doesn’t match what was discussed. Can we review it?,billing,69
Why did I receive a late fee when I paid on time?,billing,49
I want to know if there are any upcoming charges I should be aware of.,billing,70
I can't find my billing history online. Can you send it to me?,billing,62
I’d appreciate it if someone could explain the recent charges to me.,billing,68
I’m trying to figure out how to reduce my monthly bill. Any tips?,billing,65
I need help understanding the various fees on my invoice.,billing,57
I noticed an extra charge on my credit card this month. Can you help me figure out what that's for?,billing,99
I'm trying to understand why my subscription cost went up. Can you provide some details?,billing,88
I just received my invoice but it doesn't match what I expected. What should I do?,billing,82
Can you explain the charges on my statement? I don't recognize some of them.,billing,76
"Hey, I think I've been double-billed for my service this month. Can you check that for me?",billing,90
I want to dispute a charge from last week. It seems incorrect to me.,billing,68
Could you clarify the payment terms for my subscription? I'm a bit confused.,billing,76
I was charged for a service that I didn't use. Can I get that removed?,billing,70
"My payment didn't go through last month, but I did make it. Can you find out what happened?",billing,91
Is there a way to get a detailed breakdown of my invoice? I need to see all the charges.,billing,88
I accidentally paid for a service I didn't mean to. What’s your refund policy?,billing,78
Can you help me with understanding the new pricing structure? I have some questions.,billing,84
I see a late fee on my bill that I don’t think is fair. Can you assist me?,billing,74
What are my options if I want to lower my monthly bill?,billing,55
I was charged for a service I cancelled. Can I get that money back?,billing,67
I need to know when my next payment is due. Can you check that for me?,billing,70
Help! I can't find my last invoice and I need to review it for discrepancies.,billing,77
"I recently updated my payment information, but I was still charged the old amount. What's going on?",billing,99
Can you tell me if my subscription includes all the features listed on the invoice?,billing,83
Why did my account get suspended over a billing issue I wasn't aware of?,billing,72
I think I've paid for my subscription multiple times this month. Can someone look into it?,billing,90
Can you let me know what the additional charges on my last invoice were for?,billing,76
Why is my bill higher than usual this time? I'm really confused about it.,billing,73
"I was promised a discount, but I don’t see it reflected on my invoice. Can you explain?",billing,87
Could you send me a copy of my last payment receipt? I need it for my records.,billing,78
I don't understand why there's a late fee on my bill this month.,billing,64
Can you explain the charges on my latest invoice? They don't match what I was expecting.,billing,88
I think I was overcharged for my subscription this period; can you look into it?,billing,80
What do I need to do to get a copy of my last invoice?,billing,54
I'm seeing a charge I didn't authorize. What can be done about that?,billing,68
My account was billed for a service I didn't use. Can I get that amount refunded?,billing,81
Why did my subscription fee go up without any notice?,billing,53
I noticed an additional charge on my credit card statement; can you clarify what that is for?,billing,93
Could you help me understand the breakdown of my latest bill? It's confusing.,billing,77
"I was supposed to receive a discount on my plan, but it's not reflected on my bill.",billing,83
Can you assist me in disputing a charge that looks incorrect?,billing,61
I think I signed up for a lower rate; why is my bill higher?,billing,60
I need help understanding why my recurring payment changed this month.,billing,70
Is there any way to get a refund for the extra charge on my account?,billing,68
My invoice is missing some details; how can I get that fixed?,billing,61
I’m really frustrated because I was billed after cancelling my subscription.,billing,76
There seems to be a discrepancy with my payment and the amount due; can we sort this out?,billing,89
Can I update my payment method to avoid future billing issues?,billing,62
Why can't I find my payment history in my account dashboard?,billing,60
"I received a notice that my bill is due, but I thought I paid already. Can you check?",billing,85
I'm curious about how often billing occurs; can I get more details?,billing,67
There's a charge labeled 'service fee' that I don’t recognize. Can you explain that?,billing,84
Why do I see two different amounts for my subscription this month?,billing,66
I accidentally made a double payment; how do I go about getting that refunded?,billing,78
Could you remind me when my next payment is scheduled?,billing,54
I’d like to verify if my payment went through for last month’s bill.,billing,68
I don't understand why my credit card was charged this month when I thought my subscription was paused.,billing,103
Could you help me figure out why there’s a late fee on my invoice? I paid on time.,billing,82
I just noticed an extra charge on my statement. What is that for?,billing,65
Can you explain the breakdown of my recent bill? I want to know what I'm being charged for.,billing,91
I was expecting a refund for my last purchase. When will it be processed?,billing,73
Is there a way to see previous invoices? I need to check something from last quarter.,billing,85
I was charged for a service I didn’t use last month. Can I get that reversed?,billing,77
"My account was billed twice this week, and it’s really frustrating! What can be done?",billing,85
Can you tell me the payment due date? I want to make sure I don’t miss it again.,billing,80
I noticed my monthly subscription fee went up without any notification. Why is that?,billing,84
"Hey, my invoice for this month seems way higher than last month. What’s going on?",billing,81
I accidentally paid for two subscriptions instead of one. Can you help me fix this?,billing,83
I’d like to understand the charges for this invoice better. It seems confusing.,billing,79
Why do I see a charge for a service I didn’t sign up for? This needs to be addressed.,billing,85
"I was under the impression my first month was free, but I was charged. Can you clarify?",billing,87
I just received a billing statement that doesn’t match what I was told. Can we review it?,billing,89
I’m really unhappy with the additional charges on my account this month. This needs fixing.,billing,91
What are the options if I want to dispute a charge on my bill?,billing,62
"I thought my payment was set to auto-pay, but it didn’t go through. What happened?",billing,82
Can you break down the fees associated with my latest invoice? I’m having a hard time understanding it.,billing,103
Why did my annual subscription get charged again when I switched to a monthly plan?,billing,83
I need help with my billing history; I can’t find any records from the last six months.,billing,87
Can I get a detailed explanation of my last invoice? I see a few charges that seem off.,billing,87
I’m seeing a recurring charge that I didn’t authorize. How can I dispute that?,billing,78
When can I expect a refund for the overcharge applied to my account last week?,billing,78
I need clarification on the service charge from last month.,billing,59
Why am I being billed for a service I didn’t use?,billing,49
Can you explain the recent charges on my account? They seem higher than usual.,billing,78
"I thought my subscription was supposed to be $10, but I was charged $15.",billing,72
I noticed an extra fee on my invoice. What’s that about?,billing,56
Could you help me understand my latest bill? It looks confusing.,billing,64
"I was supposed to receive a discount, but it’s not showing up on my invoice.",billing,76
Is there a way to get a detailed breakdown of my recent charges?,billing,64
I think I was charged for a service I canceled. Can you check that for me?,billing,74
I'm seeing two payments for the same service this month. What happened?,billing,71
I wasn’t expecting my bill to go up. I’d like to know why.,billing,58
Can I get a copy of my previous invoice? I need it for my records.,billing,66
I need assistance with a billing error that needs to be corrected.,billing,66
I want to verify if there are any upcoming charges I should be aware of.,billing,72
I was billed incorrectly. Can you fix this for me?,billing,50
Can you tell me how long it will take to process my refund?,billing,59
"I just received a charge notification, but I don't recognize it.",billing,64
Why did my last invoice include an unexpected fee?,billing,50
"I think there’s a mistake on my invoice, can you look into it?",billing,62
Can you give me a rundown of my current plan and its costs?,billing,59
I’ve been charged for a subscription I wanted to cancel last month.,billing,67
Could you explain why my payment didn’t go through this time?,billing,61
I have a question about how taxes are applied to my billing.,billing,60
I’m confused about the pricing structure. Can you help clarify?,billing,63
Is there a way to lower my monthly bill? I'm finding it a bit too high.,billing,71
I think I was overcharged this month. Can you help me figure it out?,billing,68
My credit card bill was higher than I expected. What caused the increase?,billing,73
Can you explain the charges on my recent invoice? I'm a bit confused.,billing,69
I haven’t received my refund yet for the last transaction. When should I expect it?,billing,83
I need clarification on a charge that appeared on my account. What is it for?,billing,77
Why did my subscription price go up without any notice?,billing,55
I’d like to dispute a charge from last week. What’s the procedure for this?,billing,75
I noticed an extra fee on my invoice. Can you break it down for me?,billing,67
Is there a way to lower my monthly payment? It’s getting a bit tight on my budget.,billing,82
I was under the impression my subscription included certain features. Why are there extra charges?,billing,98
I was billed for a service I didn’t use this month. Can I get that refunded?,billing,76
Can you send me a detailed statement for my account? I want to review my recent charges.,billing,88
"My last payment went through, but my account shows I still owe money. What’s going on?",billing,86
Why am I seeing a recurring charge that I didn't authorize?,billing,59
I was billed twice for my subscription this month and I want my money back.,billing,75
Can you verify if my recent payment was processed? I haven’t received a confirmation.,billing,85
I didn't receive my bill this month. How can I access it online?,billing,64
Could you help me understand the pricing tiers? I'm not sure which one I should choose.,billing,87
"I think I should have received a discount, but my bill doesn’t reflect that. Can you check?",billing,91
Why does my billing statement include a late fee? I made my payment on time.,billing,76
"I forgot to update my payment method, and now I'm being charged a late fee. Can I waive that?",billing,93
I have some charges on my account that I don’t recognize. Can you help me resolve this?,billing,87
Could you tell me the deadline for making payments without incurring late fees?,billing,79
"I noticed a promotional rate in my account, but my bill doesn’t show that. What gives?",billing,86
Why was my payment returned? I don’t understand what happened.,billing,62
"I think I was charged incorrectly this month, can you help me figure it out?",billing,76
"Hey, I noticed an unexpected fee on my latest bill. What’s that about?",billing,70
Could you clarify my recent invoice? It seems higher than usual.,billing,64
I think I paid for a subscription that I didn’t intend to keep. Can I get that reversed?,billing,88
Why is my payment being processed twice? This is really frustrating!,billing,68
My invoice doesn't match what I agreed to pay. Can we sort this out?,billing,68
I need help understanding the charges on my bill. There are multiple entries.,billing,77
Can you explain the recent pricing changes? My last bill was a shock.,billing,69
I accidentally paid for two accounts. Can I get a refund for one of them?,billing,73
My billing statement has an extra charge. What’s going on here?,billing,63
"I didn't authorize this payment. Can you check it for me, please?",billing,65
Why did my subscription cost go up? I didn’t receive any notice.,billing,64
Can you send me a breakdown of the charges on my last invoice?,billing,62
I thought I canceled that service. Why am I still being billed?,billing,63
Is there a way to dispute a charge from my last statement?,billing,58
I need assistance with my payment method; it’s not working properly.,billing,68
Why am I being charged a late fee? I thought my payment was processed.,billing,70
Can you help me with an error on my billing address? It’s incorrect.,billing,68
I see a recurring charge that I didn't sign up for. What should I do?,billing,69
Could you check if my last payment was applied correctly? It seems off.,billing,71
I have a question about my invoice date; it doesn’t align with my payment.,billing,74
My credit card was charged after I canceled my subscription. What happened?,billing,75
I’d like to know if there are any pending charges on my account.,billing,64
"This bill doesn’t look right to me. Can someone review it, please?",billing,66
I want to understand the additional fees added to my account this month.,billing,72
Can you provide more details on how my subscription is billed each month?,billing,73
I noticed an unexpected charge on my account. Can you explain what it is?,billing,73
Why do I see a late fee on my invoice this month?,billing,49
"I was promised a discount, but it's not reflected in my bill. What happened?",billing,76
Can you break down the charges on my latest invoice? It looks off to me.,billing,72
I have a question about my subscription cost. Why is it higher than last month?,billing,79
"I didn't receive my last month's invoice, can you resend it?",billing,60
Is there a way to view past invoices for my account?,billing,52
I think I was billed for a service I never used. Can you check that?,billing,68
Can you help me understand the different charges on my bill? It's confusing.,billing,76
"I tried to cancel my subscription, but I still got charged this month. What gives?",billing,82
I need clarification on my recurring payment schedule. When will I be charged next?,billing,83
Why have my payment terms changed recently? I wasn't notified.,billing,62
"My payment was declined, but I have funds available. What should I do?",billing,70
Can you assist me with an error on my auto-renewal charge?,billing,58
I'd like to dispute a charge that I believe is incorrect. How do I proceed?,billing,75
I didn't authorize this transaction. How can I get a refund?,billing,60
Your pricing changed and I wasn't aware. Can you explain the new rates?,billing,71
"I have multiple subscriptions, and it's hard to keep track of the billing. Any tips?",billing,84
I want to change my payment method for my subscription. How do I do that?,billing,73
There’s a discrepancy in my billing history. Can we go through it together?,billing,75
Can you clarify what services I’m being billed for this month?,billing,62
I’m worried about overcharges after the last update. Can you reassure me?,billing,73
I received a credit but don’t understand how it applies to my account. Help?,billing,76
Why is there a service fee on my invoice? I wasn’t expecting that.,billing,66
I'm having trouble accessing my billing statement online. Can you assist?,billing,73
"I noticed an unexpected charge on my statement, can you help me with that?",billing,74
Why is there an extra fee on my latest invoice?,billing,47
Could you explain why I was billed for a service I didn’t use?,billing,62
I think I was billed incorrectly; my subscription hasn’t changed.,billing,65
I’ve been charged $10 more than usual this month; what’s going on?,billing,66
Is there a way to see a detailed breakdown of my last bill?,billing,59
I’d like to dispute a charge that appeared on my credit card.,billing,61
"Can I get an itemized invoice for my recent charges, please?",billing,60
"I received a notice about a billing issue, but I'm not sure what it means.",billing,74
"My billing statement has some charges I don’t recognize, can you assist?",billing,72
Can you tell me if there are any late fees associated with my account?,billing,70
"I was under the impression my subscription was a flat rate, but my bill seems higher.",billing,85
I was charged for additional services I didn’t authorize. What should I do?,billing,75
Could you clarify the fees associated with my account for this month?,billing,69
I'm really confused about the different charges on my invoice and need clarification.,billing,85
I’ve been waiting for a refund on my last payment; can you check its status?,billing,76
Why did my automatic payment fail this month?,billing,45
"I changed my plan, but my last invoice doesn’t reflect that change.",billing,67
I’m unsure about the renewal fee; can you provide more details?,billing,63
When can I expect to see my refund processed?,billing,45
"I’d like to cancel my subscription, but I'm concerned about potential charges.",billing,78
"My account shows that I have a credit, but I don't see it reflected in my latest bill.",billing,86
Can you help me understand why my bill is so high this month?,billing,61
I want to make sure I’m not missing any upcoming charges; can you confirm?,billing,74
Is there a way to chat about my billing concerns more thoroughly?,billing,65
Can I get an explanation of the pricing tiers for my service?,billing,61
I noticed an extra charge on my card this month. Can you help me figure out what that was for?,billing,94
My recent invoice looks off. Can someone explain the calculations?,billing,66
Can you break down the charges on my last bill? I'm a bit confused about some of them.,billing,86
"I thought my subscription was $10 a month, but I was billed $15. What's going on?",billing,81
"I received a notification about a price change, but I didn’t expect it to affect my account yet. Can you clarify?",billing,113
"I requested a refund for the last service I didn’t use, but I haven’t seen it processed yet. What’s the status?",billing,111
Why does my billing statement say I owe more than I usually do? That's not what I expected!,billing,91
"I just signed up, but I was charged immediately. Is that normal?",billing,64
Can I see a detailed breakdown of my last two invoices? I want to make sure everything is correct.,billing,98
I’m having trouble understanding the late fees on my account. Can someone explain how those were calculated?,billing,108
I accidentally paid for two different plans this month. Can you help me sort this out?,billing,86
"I need to change my payment method, but I'm unsure how to do that without losing access to my subscription.",billing,107
I just realized I was charged an annual fee that I didn't agree to. Can I get that reversed?,billing,92
Can you help me understand why my bill is higher than projected? I’d like a detailed explanation.,billing,97
I see that I was charged for a service I didn’t use. Can I get a refund for that?,billing,81
"My credit card was declined for my last payment, but I wasn’t notified until now. What happened?",billing,96
Can you provide an explanation for the recent increase in my monthly fee?,billing,73
I'm confused about the sales tax added to my bill. Is that correct for my state?,billing,80
"I canceled my subscription last month, but I still received a bill. What's going on?",billing,84
"I paid my invoice early, but I still got charged a late fee. Can you check that?",billing,80
I need clarification on the terms of my subscription renewal. Can you send me the details?,billing,90
Can you help me dispute a charge that I believe is incorrect?,billing,61
Why did I receive a different invoice amount than what I was expecting from my last payment?,billing,92
I noticed my account was charged for an add-on I didn’t select. Can you fix this for me?,billing,88
"I noticed an extra charge on my credit card this month, can you help me figure out what it's for?",billing,97
"I received my bill, but the amount seems way higher than I expected. Can you explain?",billing,85
I’d like to understand why I’m being charged more for my subscription this month.,billing,81
Can you clarify the charges on my latest invoice? Some of them don’t look familiar.,billing,83
I was under the impression that my last payment covered the full service. Why am I seeing a balance due?,billing,104
I tried to cancel my subscription but was still billed. Can someone assist me with that?,billing,88
"My credit card statement shows a payment I didn’t authorize, could this be related to my account?",billing,97
Can you provide a breakdown of the fees on my recent invoice? I’m a bit confused.,billing,81
"I received a late fee notice, but I thought I paid on time. Can you check?",billing,74
I have a question about the pricing on my last invoice—it doesn’t match what I was quoted.,billing,90
Why was I charged the full amount when I thought I was on a trial?,billing,66
"I’ve been billed for an extra month, but I thought I had canceled. Can you check my account status?",billing,99
Can you help me with a refund process for my recent purchase that I didn’t use?,billing,79
I’ve noticed a recurring charge that I didn’t authorize. How can I dispute this?,billing,80
The invoice I received has charges for services I didn’t utilize. What can I do about that?,billing,91
"I signed up for a promotional rate, but my latest bill doesn’t reflect that. Can someone look into this?",billing,104
I need to understand the reasoning behind my recent bill increase. It seems kind of steep!,billing,90
Can I get a detailed statement of my past payments? I need it for my records.,billing,77
"I thought my subscription was set to renew at a lower price, but I'm seeing a higher charge.",billing,92
"Hey, I was charged for a service I didn’t order. Can you look into it for me?",billing,77
I need a refund for a duplicate payment. How do I go about that?,billing,64
What’s the process for disputing a charge on my account? I think there’s an error.,billing,82
Is there a way to review my billing history? I want to check if I've been overcharged.,billing,86
Why did my membership fee suddenly go up? I’m really surprised by this.,billing,71
I noticed an extra charge on my credit card that I don't recognize. Can you help me with this?,billing,94
Could you explain why I was charged more than usual this month?,billing,63
I need clarification on my recent invoice – the charges don’t match what I expected.,billing,84
"I was told my subscription would be $10 a month, but I see a higher amount on my bill. What's going on?",billing,103
"I received an invoice, but I think I was overcharged. Can we sort this out?",billing,75
Can I get a detailed breakdown of my last month's charges? I'm a bit confused.,billing,78
Why am I being charged for a service I didn't use?,billing,50
I’ve been waiting for my refund to process for weeks. What’s the holdup?,billing,72
"I tried to make a payment yesterday, but it said my card was declined. Can you check on that?",billing,93
"My account shows an overdue balance, but I paid my bill last week. What’s the issue?",billing,84
I didn’t authorize this charge on my account. How can I dispute it?,billing,67
Why did my subscription price increase when I didn’t change anything?,billing,69
I accidentally paid twice for my subscription this month. Can you help me refund one of those charges?,billing,102
Could you explain the charges on my invoice in detail? I want to make sure I’m not missing anything.,billing,100
I just checked my billing statement and I see a fee I wasn't aware of. Can you clarify that for me?,billing,99
How do I update my billing information? I’ve moved and need to change my address.,billing,81
"I want to cancel my subscription, but I still see a charge. Can you assist me with that?",billing,88
I can't seem to find the receipt for my last payment. Can you send it to me again?,billing,82
"I signed up for a trial, but I see a charge on my account. Why is that?",billing,71
Can you verify that my payment went through? It’s not showing up in my account.,billing,79
I'm really frustrated with the billing issues I've been having. Can someone please help?,billing,88
I just want to know when my next payment is due. Can you confirm the date?,billing,74
I don’t understand why I’m being charged a late fee. I always pay on time!,billing,74
I need help understanding your pricing structure. It’s pretty confusing!,billing,72
"I see that my subscription plan changed, but I didn’t authorize that. Can you look into it?",billing,91
I noticed an extra charge on my latest statement. Can you help me understand what that's for?,billing,93
My subscription fee went up unexpectedly. Can you explain why?,billing,62
I think I've been overcharged for my last payment. Can you look into it?,billing,72
Could you send me a copy of my latest invoice? I can’t find it anywhere.,billing,72
Is there a way to check my billing history online? I need to review my past payments.,billing,85
"I was promised a discount, but my recent bill doesn’t reflect that. What happened?",billing,82
Can you clarify the charges listed on my invoice? They don't seem right.,billing,72
"I received a notification that my card was charged, but I thought I canceled my subscription. Can you confirm?",billing,110
I want to dispute a charge that I didn't authorize. What steps should I take?,billing,77
"I paid my bill last month, but I received another invoice. Why am I getting charged again?",billing,90
I accidentally paid twice for my subscription. How do I get one of those payments refunded?,billing,91
Can I still get a credit for the payment I made last month? I'm really hoping to see that back in my account.,billing,109
I closed my account but still see a charge on my bank statement. Can you explain that to me?,billing,92
Why am I being billed for a service I didn't use? This doesn’t make sense to me.,billing,80
I'm confused about the pricing for my plan. Can you break it down for me?,billing,73
"I thought my plan included certain features, but my bill shows additional charges. What gives?",billing,94
Can I see a detailed breakdown of my last invoice? I want to understand all the charges.,billing,88
"I thought my payment was due next week, but I just got a reminder. Can you check that for me?",billing,93
"I was charged a late fee, but I paid on time. How can I resolve this issue?",billing,75
Can you tell me when my next payment is due? I want to make sure I'm on top of it.,billing,82
I need help understanding the fees listed on my account. They seem higher than expected.,billing,88
I'm worried about my subscription cost increasing again. Is there a way to lock in my current rate?,billing,99
I just got charged for a trial that I thought I canceled. Can you investigate this?,billing,83
What’s the process for getting a refund if I was billed incorrectly?,billing,68
Why is there a fee for using a different payment method this month? I don’t remember that being a policy.,billing,105
I noticed a charge on my account that I wasn't expecting. Can you help me with this?,billing,84
My billing statement is confusing. Can you explain some of the charges?,billing,71
I think I was billed incorrectly this month. What should I do?,billing,62
Is there a reason my subscription fee went up? I didn't sign up for any changes.,billing,80
"I just received my invoice, but it doesn't match what I agreed to pay. Can you check it for me?",billing,95
I would like to understand the difference in pricing on my current plan versus what I was told when I signed up.,billing,112
Can I get more details about this transaction on my account? It seems higher than usual.,billing,88
I'm seeing a recurring charge that I didn't authorize. Can we sort this out?,billing,76
Why was I charged for something I didn't purchase? This needs to be fixed.,billing,74
My last payment seems to have gone through twice. Can you look into that?,billing,73
I'm worried about the amount that's being deducted from my account each month. Is there any way to get a breakdown?,billing,115
Is there a mistake on my recent bill? It shows services I didn’t request.,billing,73
I want to confirm that my last payment was processed correctly. Everything looks off.,billing,85
There’s a late fee on my account that I don’t understand. Can you provide some insight?,billing,87
I need clarification on my last invoice; there are some fees I wasn’t aware of.,billing,79
My billing cycle seems off. Can you check if everything aligns with my subscription?,billing,84
I’d like to dispute a charge that was applied to my account last month.,billing,71
I have a question about how refunds are processed. Can you explain?,billing,67
The amount deducted this month is significantly higher than usual. What’s going on?,billing,83
I was told my subscription would be at a different rate. Can you help me understand the discrepancy?,billing,100
"I attempted to make a payment, but it didn’t go through. Can you assist?",billing,72
I noticed an unexpected adjustment on my bill. Can you clarify what it is for?,billing,78
Could you provide a summary of the charges in my latest invoice? It’s a bit confusing.,billing,86
I have some concerns about my billing; it seems like I’m being charged for things I didn’t use. Can you investigate?,billing,116
"I noticed an extra charge on my credit card, can you explain that?",billing,66
Could you help me understand why my bill is so high this month?,billing,63
"I was supposed to receive a promotional discount, but it's not reflected on my invoice.",billing,87
I accidentally paid my bill twice. How do I get a refund for the extra charge?,billing,78
"My invoice doesn't match what I agreed upon, can someone look into this?",billing,72
Can I get a breakdown of the charges on my latest invoice?,billing,58
I think there’s a mistake on my billing statement. Can you check it for me?,billing,75
This month’s bill seems higher than usual. What’s going on?,billing,59
I need to dispute a charge on my last bill. What’s the process?,billing,63
Why did I get charged a late fee when I paid on time?,billing,53
Is it possible to see a history of my billing statements? I want to compare them.,billing,81
Can you clarify if my subscription price has changed recently?,billing,62
"I'd like to know when my next payment is due, please.",billing,53
I saw an unexpected charge. Can you let me know what it is for?,billing,63
Help! I think my subscription was billed incorrectly this month.,billing,64
I'm confused about the additional tax on my invoice. Can you explain that?,billing,74
"I’d like to change my payment method, how do I do that?",billing,55
Can I set up automatic payments for my invoice?,billing,47
I just realized I didn’t receive my refund yet. What’s the status?,billing,66
"My account shows I paid for two months, but I only subscribed for one. Can you check?",billing,85
I was promised a refund for a service I wasn’t happy with. Can you confirm when I’ll receive it?,billing,96
I need to discuss my billing cycle; it doesn’t seem to align with my usage.,billing,75
What should I do if my payment fails to process?,billing,48
I’m trying to figure out if my plan covers everything I need without extra charges.,billing,83
I just noticed an extra charge on my statement. Can you explain what that is?,billing,77
"Hey, can you help me? My subscription fee has gone up unexpectedly.",billing,67
I received my invoice but the total doesn’t match what I was quoted. What happened?,billing,83
I think I was billed for a service I didn't use. Can I get that sorted out?,billing,75
My card was charged again even though I canceled my trial last month. What's going on?,billing,86
Could you clarify the charges on my recent invoice? It looks higher than usual.,billing,79
I’m not sure why I was charged for two months when I only signed up for one. Can you check?,billing,91
Can you please tell me if my payment went through? I didn’t get a confirmation.,billing,79
I’d like to dispute a charge on my account. What’s the process for that?,billing,72
I accidentally paid my bill twice this month. Can you help me get one of those payments back?,billing,93
I noticed a service fee added to my bill. Is this a new charge?,billing,63
My latest invoice includes a charge I don’t recognize. Can I get more details?,billing,78
I'm feeling frustrated because my last bill was way higher than I expected. What’s up with that?,billing,96
Can you break down my most recent invoice? I can't seem to find the details I need.,billing,83
Why hasn’t my refund for the overcharge been processed yet? It’s been a week.,billing,77
Can you help me understand the additional fee on last month’s bill? It wasn’t there before.,billing,91
I thought my subscription included unlimited access. Why am I being charged extra?,billing,82
"I tried to update my payment method, but I still see the old charge on my account. Can you fix this?",billing,100
I'm confused about my billing cycle. Can you remind me when my next payment is due?,billing,83
Why did I get charged a late fee? I thought I paid on time.,billing,59
I was under the impression my yearly subscription had a discount. Can you verify that?,billing,86
What’s the cutoff date for canceling and still getting a full refund for this month?,billing,84
I didn’t realize I opted into auto-renewal. How can I avoid being charged again?,billing,80
"I received an email about a price increase, but I didn’t see it coming. Can you clarify?",billing,88
Can you tell me if there’s a way to lower my bill? I’m looking for options.,billing,75
"I noticed a charge on my account that I wasn't expecting, can you help me with that?",billing,84
I just received my invoice and it doesn’t match what I was quoted. Can you explain?,billing,83
Could you clarify the charges on my recent statement? There's something that doesn't make sense.,billing,96
I got charged for a service I didn't use this month. Can I get that adjusted?,billing,77
Why did I receive two different invoices for the same period? This is confusing.,billing,80
"Hello, I was curious about my subscription price changes. What are the new rates?",billing,81
I need help understanding the extra charges on my last bill. It's quite frustrating.,billing,84
I think I was overbilled this quarter. How can we resolve this?,billing,63
Is it possible to get a detailed breakdown of my charges for last month?,billing,72
I saw a discrepancy in my payment history. Can you look into it for me?,billing,71
Why is my credit card being charged for something I didn't agree to?,billing,68
Can you assist me with a duplicate charge on my account? This is really inconvenient.,billing,85
I received a late fee on my account but I paid on time. What can we do about this?,billing,82
I would like to dispute a charge from my last payment. What’s the process?,billing,74
Can I get an explanation for the increase in my subscription cost? I'm confused.,billing,80
"My invoice has an error, and it's causing me a lot of stress. Can you fix it?",billing,77
I didn’t receive a refund that was promised to me. Can you check on that?,billing,73
I’m really frustrated because my bill has strange charges. What should I do?,billing,76
I need to verify a payment that was processed last week. Can you help?,billing,70
"There seems to be a mistake on my last invoice, and I want to sort it out.",billing,74
I just got billed for a service that's been canceled. Can you explain?,billing,70
I want to know if there's a way to review all my past invoices in detail.,billing,73
Could you direct me to someone who can explain these unexpected fees?,billing,69
My billing cycle changed without notice. Can you tell me why?,billing,61
I noticed an unexpected charge on my recent statement. Can you help me figure out what it is?,billing,93
"I received my bill today, and it seems higher than usual. What’s going on?",billing,74
Could you clarify the charges on my invoice? I think I’m missing something.,billing,75
I was billed for a service I didn’t use this month. Can you look into that for me?,billing,82
When will my payment process show on my account? I’m concerned about any late fees.,billing,83
I need a detailed breakdown of my last invoice to understand the charges better.,billing,80
Can you explain why my subscription is costing more this month? I thought it was locked in.,billing,91
I want to dispute a charge that appeared on my credit card statement. How do I proceed?,billing,87
I wanted to check the timeline for processing refunds. When can I expect to see it?,billing,83
I was charged an extra fee this month without any notice. I’d like to know why.,billing,79
My account was charged multiple times this month. Can you assist me in sorting this out?,billing,88
Why am I being billed for two different subscriptions? I only signed up for one.,billing,80
I received an invoice for a service I never signed up for. How can I resolve this?,billing,82
Can you send me a copy of all the invoices for the past six months? I need them for my records.,billing,95
I want to know if there are any late fees applied to my account and how I can avoid them.,billing,89
"I’d like clarification on my last invoice, specifically about the discounts applied. They seem off.",billing,99
Is there a way to set up a payment plan for my outstanding balance? It’s a bit much right now.,billing,94
I canceled my subscription but still received a bill. Can you explain why?,billing,74
I need help understanding the different charges listed on my recent billing statement.,billing,86
Can I switch to a different payment method for my upcoming bill? I want to use a credit card instead.,billing,101
My invoice is missing some information that I need. Can you help fill in the gaps?,billing,82
"I was supposed to get a promotional rate, but my bill doesn’t reflect that. What happened?",billing,90
I’m confused about the additional service charges on my recent bill. Can we go over them?,billing,89
I’m running into issues with my payment not going through. What can I do to fix this?,billing,85
I don't understand why there are extra charges on my bill this month.,billing,69
Can someone explain the sudden increase in my subscription fee?,billing,63
I noticed a discrepancy in my invoice. Can you help me resolve it?,billing,66
"I was told my trial period was free, but I see a charge on my account. What's going on?",billing,87
Could you clarify what this additional fee is for on my latest invoice?,billing,71
I accidentally paid my bill twice. How do I get my money back?,billing,62
"My payment didn’t go through, but I’m sure I have enough funds. Can you look into this?",billing,87
"I need a detailed breakdown of my recent charges, please.",billing,57
I'm really frustrated! My payment hasn’t reflected in my account yet.,billing,69
I would like to dispute a charge that seems incorrect. What steps should I take?,billing,80
Can I get a copy of my last invoice? I can't find it anywhere.,billing,62
I'm confused about the late fee on my bill. Can you explain that?,billing,65
Why did my subscription price change without any notice?,billing,56
I'm not sure what this 'service fee' is on my bill. Can you help clarify?,billing,73
"I received a notification about a payment due, but I already paid. What’s happening?",billing,84
Could you assist me with understanding my new billing cycle?,billing,60
I've been charged for a subscription I thought I canceled. Can you check this?,billing,78
My bank statement shows a different amount than what I was charged. Please help!,billing,80
Is there a mistake with my automatic payment? It seems higher than usual.,billing,73
I was promised a discount but didn't see it applied. What should I do?,billing,70
My invoice includes charges that I wasn’t advised about. Can we discuss this?,billing,77
I don’t recall authorizing this recent charge. Can you look into it for me?,billing,75
Can you provide details on how to resolve a billing issue with my account?,billing,74
I need help figuring out the charges from last month’s bill.,billing,60
"I noticed an extra charge on my statement this month, can you help me figure this out?",billing,86
My recent invoice seems to have some unexpected fees. What’s going on?,billing,70
I was under the impression that my subscription was at a different price. Can you clarify?,billing,90
How can I get a detailed breakdown of my recent charges?,billing,56
I believe I’m being charged for something I didn’t authorize. Can you check on that?,billing,84
I paid my bill last week but it still shows as unpaid. What’s happening?,billing,72
Could you explain the charges listed on my invoice? They seem higher than usual.,billing,80
I accidentally paid my bill twice. Can I get a refund for one of those charges?,billing,79
I don’t understand why my bill went up this month. Can you provide some insight?,billing,80
"My subscription costs have changed, but I didn't receive any notification. Why is that?",billing,87
I want to know when I can expect my refund for the overcharge. It’s been a while.,billing,81
Can you tell me how to view my past invoices? I'm trying to track my expenses.,billing,78
I was charged for a service I didn't use. Is it possible to get a refund?,billing,73
Why was my credit card charged a different amount than what I expected?,billing,71
I have a question about the taxes included in my invoice. Are they correct?,billing,75
I noticed a fee for something I didn’t sign up for. What’s that about?,billing,70
Can you help me understand why my last payment didn’t go through?,billing,65
"I need to update my payment information, but I’m not sure how to do that.",billing,73
"My invoice lists a late fee, but I paid on time. Can you verify this?",billing,69
I’m confused about the discount on my bill. How is that applied?,billing,64
Can I receive a detailed statement for my account? I need it for my records.,billing,76
What is your policy on refunds for annual subscriptions if I’m not satisfied?,billing,77
Could someone explain the difference between the charges on my two invoices?,billing,76
I think there’s an error in the automatic billing for my account. Can you take a look?,billing,86
I need assistance resolving a billing dispute I have with my last payment.,billing,74
"I think I was overcharged this month, can you check my charges?",billing,63
I received a bill with an unexpected fee. What is this for?,billing,59
Can you break down the charges on my invoice? It's a bit confusing.,billing,67
I noticed a strange charge on my statement. Can you help me understand it?,billing,74
Why did my subscription fee change without any notice?,billing,54
I’m trying to understand why my last payment didn’t go through. Can you help?,billing,77
Could you clarify how often I’ll be billed for my subscription?,billing,63
My bank statement shows a different amount than my invoice. Can you explain?,billing,76
I'm not sure why I got charged for a service I didn't use. Can I get that fixed?,billing,80
I’d like to know the exact due date for my next payment.,billing,56
I believe my account was charged incorrectly last month. Can you look into it?,billing,78
"I just signed up, but the initial charge seems higher than expected. Why is that?",billing,81
Can I see a detailed transaction history for my account?,billing,56
I need some help understanding my last invoice. It's quite confusing.,billing,69
"I noticed an automatic renewal on my account, but I wasn't aware of that. Can you explain?",billing,90
Why did my subscription price increase without any notification?,billing,64
I got billed for a plan I didn't select. Can we sort this out?,billing,62
Was there a mistake with my billing cycle? It seems off this month.,billing,67
Could you double-check that I was refunded for my previous charge?,billing,66
I’ve received multiple invoices for the same period. What’s going on?,billing,69
Could you tell me when I can expect my refund to be processed?,billing,62
I’m concerned about the late fee on my invoice. Can it be waived?,billing,65
"I haven’t received my invoice yet, and I need it for my records. Can you resend it?",billing,83
I noticed an unexpected charge on my account. Can you help me figure it out?,billing,76
My last invoice is way higher than usual. What's going on?,billing,58
I was billed for a service I didn’t use this month. Can I get that corrected?,billing,77
Could you explain the charges on my recent statement? I'm a bit confused.,billing,73
I think I was billed incorrectly. Can you look into it for me?,billing,62
Why did my subscription cost go up without any notice?,billing,54
I don’t understand the extra fees listed on my invoice. Can someone clarify?,billing,76
I noticed a duplicate payment on my account. How do I resolve this?,billing,67
Can I get a detailed breakdown of my recent charges? I need to review them.,billing,75
"I received a refund confirmation, but my account hasn’t updated yet. What should I do?",billing,86
I was charged for an extra month. Can you check if that’s an error?,billing,67
Why am I seeing additional taxes on my bill this month?,billing,55
I’m looking for a way to dispute a charge that I believe is incorrect. Can you assist?,billing,86
"I tried to cancel my subscription, but I was still charged this month. What happened?",billing,85
Could you please send me a copy of my last invoice? I can’t find it.,billing,68
I was under the impression I had a different billing cycle. Can you confirm it for me?,billing,86
"My payment didn’t go through, but I have sufficient funds. What could be the issue?",billing,83
I noticed that my account was billed for a service I didn't sign up for. Please help!,billing,85
Could you clarify why my renewal price jumped up this time?,billing,59
I’m not sure what this recent charge is for. Can you provide some details?,billing,74
I received an invoice for a service I canceled last month. Can you check that?,billing,78
"I was expecting my refund by now, but it hasn’t been processed. What’s the delay?",billing,81
I have an issue with my billing address on file. Can you help me update it?,billing,75
I want to understand the late fee on my account. Can you explain how that's calculated?,billing,87
Can you let me know when my subscription will renew? I want to be ready for the charge.,billing,87
"I noticed an extra charge on my account this month, can you help me understand this?",billing,84
Could you explain why my last invoice was higher than usual?,billing,60
I'm seeing a charge that I don't recognize. Can you look into this for me?,billing,74
"Hi, I was supposed to be charged $15, but my bill came to $20. What happened?",billing,77
Is there a way to see a breakdown of my recent charges?,billing,55
I think I've been double billed for my subscription—can you check that?,billing,71
"I need to dispute a charge on my invoice, how do I start that process?",billing,70
Can you tell me if my subscription will change in price next month?,billing,67
I don’t understand my latest bill. It just looks really confusing.,billing,66
"Hey, I tried to pay my bill online, but it said my card was declined. What's going on?",billing,86
Why did my subscription fee go up? I thought it was locked in.,billing,62
"Can I get a detailed statement of my account for last month, please?",billing,68
"My payment hasn’t gone through, but my bank says it was successful. Can you help?",billing,81
I'm really frustrated because my refund still hasn't been processed. What’s going on?,billing,85
Can you clarify how the taxes are calculated on my invoice?,billing,59
Why am I seeing a late fee on my account? I paid on time!,billing,57
What’s the policy on billing errors? I want to make sure I'm protected.,billing,71
"I received a notice about an overdue charge, but I thought I was up to date.",billing,76
My invoice looks incorrect. It's showing charges for services I didn’t use.,billing,75
Can I get my billing cycle adjusted? It’s really inconvenient right now.,billing,72
I'm trying to figure out why my bill is due earlier than expected. Can you assist?,billing,82
I need assistance with understanding my recurring charges—what are they for?,billing,76
Why does my bill have additional fees that weren’t there last month?,billing,68
Can I request a refund for the service I wasn't satisfied with last month?,billing,74
I've been charged for something I didn’t subscribe to. Can you fix this?,billing,72
I noticed an unexpected charge on my statement. Can you help me figure out what it's for?,billing,89
Why is my subscription fee higher this month? Can you break it down for me?,billing,75
"I was on a different plan, and my charge doesn't match what I expected. What's going on?",billing,88
Could you explain the additional fees on my last invoice? I'm a bit confused.,billing,77
I requested a refund last month and haven't seen it come through yet. What’s the status?,billing,88
"My credit card was charged incorrectly, I need assistance correcting this.",billing,74
Is there a way to get an itemized bill for last month? I’d like to review the charges.,billing,86
I’ve been double billed for my service. Can you sort this out for me?,billing,69
"I changed my plan last month, but my invoice is still showing my old rate. What happened?",billing,89
Can you tell me why my renewal price increased? I wasn't expecting that.,billing,72
"I tried to cancel my subscription, but I see a charge on my account. What do I do now?",billing,86
"I've been charged a late fee, but I paid my bill on time! Please look into this.",billing,80
My last invoice was missing some credits that I was promised. Can you fix this?,billing,79
I need clarification on what the 'service fee' in my bill refers to. It's not clear to me.,billing,90
There’s a recurring charge I don’t recognize. Can you help me track that down?,billing,78
I don’t recall signing up for this additional service that’s being charged. Can you check?,billing,90
My invoice has a charge for 'premium support' that I didn’t request. How can I resolve this?,billing,92
"I was told my previous month would be adjusted, but I don’t see that reflected in my bill.",billing,90
I received a bill for a service I thought I had canceled. Can you confirm my status?,billing,84
What's the process for disputing a charge? I think I was billed incorrectly.,billing,76
Can you verify if my payment went through? I haven’t seen a confirmation yet.,billing,77
This month’s charges are confusing. Can someone break them down for me?,billing,71
"I need to update my billing information, but I’m not sure how to do that. Can you guide me?",billing,91
"I’ve tried reaching out about a refund, but I haven't heard back. Can someone assist me?",billing,88
Can you tell me when my next payment is due? I want to make sure I'm prepared.,billing,78
I didn't recognize a charge on my statement. Can you help me with that?,billing,71
"My payment was declined, but I have sufficient funds. What's going on?",billing,70
I need clarification on the fees listed in my latest invoice. They seem higher than usual.,billing,90
Can I see a breakdown of my recent charges? I want to know where my money went.,billing,79
I believe I've been overcharged for my subscription this month. Can you check that?,billing,83
"I was expecting a discount on my next bill, but it's not reflected. What happened?",billing,82
How do I know when my subscription payment is due? I want to avoid any surprises.,billing,81
"I was charged a late fee, but I paid on time. Can you dispute that for me?",billing,74
Can you explain the recurring charges on my account? I'm confused about the billing cycle.,billing,90
"I used a promo code last month, but I don't see the discount applied. What gives?",billing,81
Why was I charged a fee I wasn't informed about? I need an explanation.,billing,71
I just noticed a charge for a service I didn't sign up for. Can you reverse that?,billing,81
I want to make sure my account is set to the correct billing frequency. Can you confirm?,billing,88
I received an email about a price increase and I'm not happy about it. Can you explain?,billing,87
Could you help me understand the difference between the billing plans? I'm considering a change.,billing,96
"I need to update my payment method, but I can't find where to do that. Help, please!",billing,84
Can you send me a copy of my last invoice? I seem to have misplaced it.,billing,71
I’ve noticed a discrepancy in my billing history. Can we go over it together?,billing,77
My payment for this month hasn't gone through. Should I be concerned?,billing,69
I was charged for a service I canceled last month. Why wasn't that reflected?,billing,77
I want to dispute a charge from last week. Can you guide me through that process?,billing,81
My subscription plan seems to have changed without my consent. What should I do?,billing,80
I forgot to apply my credits from my last payment. How do I make sure they're noted for next time?,billing,98
I want to know how my charges compare to what was initially stated in the contract.,billing,83
Can you explain how taxes are calculated on my invoice? I want to be clear on that.,billing,83
"I received an email stating my payment was successful, but my account is still not updated.",billing,91
Could you explain why I was billed an extra fee this month?,billing,59
I don’t understand the charges on my latest invoice; can you break it down for me?,billing,82
I was under the impression that my subscription was at a lower rate. Can you confirm what I should be paying?,billing,109
"Hey, I just noticed a duplicate charge on my credit card. Can you help me sort this out?",billing,88
Why is my bill so much higher than last month? I haven’t changed my plan.,billing,73
I accidentally paid for two subscriptions; can I get a refund for one of them?,billing,78
"My account shows a past due balance, but I made a payment last week. What’s going on?",billing,85
Can I get a detailed invoice for my last payment? I need it for my records.,billing,75
I think I was charged for a service I didn’t use. Can you check that for me?,billing,76
I want to understand the pricing structure better; I feel like I’m paying for features I don’t need.,billing,100
"After my trial ended, I was charged immediately, but I wanted to cancel. What can I do?",billing,87
Is there a way to see a history of my payments on your platform? I’m trying to track my expenses.,billing,97
I’m really frustrated because I’ve been charged incorrectly multiple times. Can you help resolve this?,billing,102
I didn’t receive my invoice this month; can you resend it to my email?,billing,70
My friend mentioned a discount that should apply to my account; how do I check if I'm eligible?,billing,95
Why was my refund request declined? I thought it was within the policy guidelines.,billing,82
I need clarification on the late fee I was charged on my invoice. Can you explain?,billing,82
"I want to know if my subscription can be paused instead of canceled, and how that affects billing.",billing,98
"I received a notification about an upcoming charge, but I haven’t made any changes to my service. Is that normal?",billing,113
Can you provide the exact due date for my next payment? I want to avoid any late fees.,billing,86
The price listed on your website does not match what I was charged; can you look into that?,billing,91
"I was assured my first month would be free, but I see a charge. Can you clarify?",billing,80
Is there someone I can speak to directly about a billing issue? I’d like to sort this out as soon as possible.,billing,110
I need clarification on a charge that appeared on my statement.,billing,63
Why is there an extra fee on my bill this month? It wasn’t there last time.,billing,75
Can you explain why my subscription cost changed without any notice?,billing,68
"I thought my subscription was $9.99 a month, but I was charged $12.99. What’s going on?",billing,87
"I just received my invoice, and it doesn’t match my records. Can you help me fix it?",billing,84
I accidentally paid my invoice twice. How do I get my money back?,billing,65
My last bill seems to have additional charges. Could you break it down for me?,billing,78
Is there a reason my bill has gone up this month? I wasn’t expecting that.,billing,74
Could you tell me when my next payment is due and how much it will be?,billing,70
I’m really confused about my billing cycle. Can you help clarify when I should be expecting charges?,billing,100
"I requested a refund last week, and I haven't heard back. What’s the status?",billing,76
"I noticed a late fee on my invoice, but I paid on time. Can you look into this?",billing,79
"I was under the impression my trial period wouldn’t charge me, but I see a charge on my account.",billing,96
Can you send me a detailed invoice? I can’t make sense of what I’ve been charged.,billing,81
I’m not happy about the extra charge this month. Can you explain it?,billing,68
"I switched my plan last month, but I’m still being billed for the old plan. What’s happening?",billing,93
I just want to know if there are any upcoming charges on my account.,billing,68
"My billing statement has errors, and it's really frustrating. Can you assist me?",billing,80
I want to dispute a charge that I don’t recognize on my bill.,billing,61
When will I start receiving my discount on my subscription? I haven’t seen it yet.,billing,82
I’ve been double-billed for my subscription this month. What steps do I take to resolve this?,billing,93
Why did my account get charged for an additional service I didn’t request?,billing,74
How do I change my payment method for my subscription? I need help!,billing,67
I’d like to understand the breakdown of my latest bill. It's quite confusing.,billing,77
Can you explain how the billing for my last purchase works? I’m a bit lost.,billing,75
I just checked my statement and it seems like there's an extra charge I don't recognize. Can you help me with that?,billing,115
"I received my invoice today, but the total seems way off compared to what I expected. What's going on?",billing,102
Could you explain why my subscription fee went up this month? This isn't what I signed up for.,billing,94
I think I was billed for a service I didn't use. Is there a way to dispute that charge?,billing,87
"I would like to get a breakdown of my last bill, please. It’s a bit confusing.",billing,78
"I was under the impression my trial period would last longer, but I was charged. Can you clarify?",billing,97
My last payment was deducted twice on my account. How can I get that resolved?,billing,78
I need to know if there are any upcoming changes to my billing cycle. It's been a little unclear.,billing,97
Is there a way to request a refund for the last charge? I didn’t mean to be billed.,billing,83
Why does my subscription show as active when I thought I had canceled it? I didn’t expect a bill.,billing,97
I want to make sure I understand the fees for my service. Can you provide more info on what I'm being charged for?,billing,114
"There's a late fee on my account, but I paid on time. Can you look into this for me?",billing,84
"I see that my credit card was charged, but I haven’t received my invoice yet. What’s the hold-up?",billing,97
"I’ve been with you guys for a long time, and I don’t think my price should go up. Can you check on that?",billing,104
I mistakenly paid the wrong amount on my invoice. How can I fix this?,billing,69
I need clarification on my payment history. Can you send me a summary for the past few months?,billing,94
"I thought my last payment would cover all my services, but now I see a separate charge. Can you explain?",billing,104
I’m really frustrated because my bill has increased again without notice. Can you tell me why?,billing,94
Can I get assistance with understanding my billing statement? It’s pretty overwhelming.,billing,87
Why did my payment fail this time when I have sufficient funds? This is frustrating!,billing,84
"I was told I would receive a discount, but it doesn’t reflect on my latest bill. What happened?",billing,95
I want to dispute a charge on my account from last month. Who should I talk to?,billing,79
Can you clarify what the additional charges on my statement are for? I need to know before I pay.,billing,97
I noticed a recurring charge that I thought I canceled. Can you help me figure this out?,billing,88
I noticed an extra fee on my recent bill. Can you help me understand what it is?,billing,80
I was billed for a service I didn’t use. Can I get that charge removed?,billing,71
Can you explain why there's a late fee on my account?,billing,53
I’m confused about the charges on my invoice this month. It seems higher than usual.,billing,84
Could you clarify what this additional charge is for on my statement?,billing,69
I’d like to dispute a charge that I believe is incorrect. Can you assist me with that?,billing,86
Is there any way to get a detailed breakdown of my bill? It’s hard to understand.,billing,81
I think I was charged for a subscription that I cancelled. Can you check that for me?,billing,85
Why did I receive two separate charges for the same service?,billing,60
I have a question about my payment due date. Is it always the same day each month?,billing,82
Can you help me figure out why my subscription cost went up unexpectedly?,billing,73
I’m trying to understand my invoice—there are several items listed that I don’t recognize.,billing,90
What’s your policy on billing errors? I think I may have one.,billing,61
I’d like to know if I can set up automatic payments for my subscription.,billing,72
"I just received a notification about an overdue payment, but I thought I paid everything. What’s going on?",billing,106
Can I get a detailed receipt for my last payment? I need it for my records.,billing,75
"My account was charged incorrectly, and it wasn’t my fault. What steps can I take?",billing,82
"I tried to make a payment, but I’m getting an error. Can you help me fix this?",billing,78
Is there any way to lower my current billing amount? It’s a bit too high for me right now.,billing,90
I had some issues with my last payment process. Can you check to see if it went through?,billing,88
I just want to confirm that my payment went through for this month.,billing,67
Can you send me a copy of my previous invoices? I need them for budgeting.,billing,74
Is there a fee for making changes to my billing information?,billing,60
I received a notice about a change in my billing cycle. Can you explain that to me?,billing,83
"I noticed an unexpected fee on my statement, can you explain what it is?",billing,72
My last bill was much higher than usual. Is there a reason for this?,billing,68
I can't find my receipt for my last payment. Can you send it to me?,billing,67
I think I've been billed for a service I didn't use. Can you check this for me?,billing,79
Could you help me understand the charges on my latest invoice?,billing,62
"Hey, I just realized I was billed for two subscriptions instead of one. What’s going on?",billing,88
I would like to dispute a charge on my account. What’s the process?,billing,67
Can you tell me when my next payment is due?,billing,44
I'm trying to figure out if I was charged for the right amount. Can you look into it?,billing,85
I just got my bill and I see something that doesn't look right. Can I get a breakdown?,billing,86
Why am I being charged a late fee? I thought I paid on time.,billing,60
I need clarification on an extra charge that's on my last invoice.,billing,66
Could you provide details about my subscription price? I think it changed.,billing,74
"I was issued a refund, but I haven't seen it in my account yet. Can you check that for me?",billing,90
Can I get a detailed statement of my account for the past three months?,billing,71
The invoice I received seems to have the wrong billing period listed. Can you fix it?,billing,85
Why did my subscription change in price without any notification?,billing,65
Can you help me understand the different charges on my latest bill?,billing,67
I think I was charged for a service I cancelled. Can you look into that?,billing,72
I received my bill and it says I owe more than I expected. What’s up with that?,billing,79
I didn’t realize my subscription renewed automatically. Can you explain the charges?,billing,84
Is there a way to see a history of my previous invoices?,billing,56
I have a charge on my account that I don't recognize. Can you help me identify it?,billing,82
Why was my account charged twice in one month? This is frustrating.,billing,67
Can you explain the recent increase in my monthly fees? I was surprised by it.,billing,78
I just checked my credit card statement and I see an extra charge from last month. Can someone explain this to me?,billing,114
I was expecting my invoice to be lower this time. Can you help me understand the charges?,billing,89
Why did I get charged for a service I didn't use?,billing,49
Can you break down the charges on my latest invoice? It's really confusing.,billing,75
I think I was charged incorrectly for my subscription. Can we look into this?,billing,77
I noticed a recurring payment that I thought I canceled. Can you confirm the status?,billing,84
Could you send me a copy of my past invoices? I need to check some details.,billing,75
I received a bill with late fees that I believe are not justified. What can we do about this?,billing,93
Why is there a sudden increase in my subscription cost? I wasn't notified.,billing,74
"I attempted to update my payment information, but it didn't seem to go through. What should I do?",billing,97
I made a double payment by mistake. How can I get that refunded?,billing,64
Can I set up a payment plan for my recent invoices? It's a bit overwhelming right now.,billing,86
Can you tell me when I will receive my refund? It's been a while.,billing,65
I noticed an additional fee for something I didn't sign up for. What is that about?,billing,83
Is there a way to get a detailed pricing structure sent to my email? I need to budget better.,billing,93
I want to dispute a charge on my account. How do I start the process?,billing,69
The total on my bill is not adding up. Can you assist me in reviewing it?,billing,73
"I changed my subscription plan, but my bill still reflects the old plan. Can you fix this?",billing,90
I received a notification about an upcoming charge but didn’t authorize anything. What's going on?,billing,98
Could you clarify what the 'service fee' on my invoice entails? I want to understand it better.,billing,95
Why did my payment not go through? I need to ensure my services aren't interrupted.,billing,83
"I’ve been a loyal customer, but I was surprised to see a price hike. Can we discuss this?",billing,89
I'm trying to understand the invoice format better. Can you explain some of the terms used?,billing,91
Can you confirm when my last payment was processed? I'm worried there was an error.,billing,83
"I noticed an extra charge on my statement this month, can you help me with that?",billing,80
My recent invoice is higher than I expected. Can you explain why?,billing,65
Could you clarify the charges on my last invoice? They seem off.,billing,64
Why was I charged for two subscriptions when I only have one?,billing,61
I'm confused about the pricing increase on my plan. Can you break it down for me?,billing,81
I made a payment but it hasn't reflected in my account. What’s going on?,billing,72
Can you provide me with a detailed breakdown of my recent charges?,billing,66
"I got charged for a late fee, but I paid on time. Can you check that for me?",billing,76
"I was promised a rate of $20, but my bill says $25. What gives?",billing,63
I need assistance with a refund request for an incorrect charge I received.,billing,75
Is there a way to get a refund for a double charge on my account?,billing,65
"The billing cycle changed unexpectedly, and I want to know why.",billing,63
I don't understand the additional fees on my latest bill. Can you explain?,billing,74
"My payment didn’t process, and I’d like to know what happened.",billing,62
I've been charged for a service I thought was free. Could you clarify that?,billing,75
Can you help me fix the billing error on my account? It's really frustrating.,billing,77
"I canceled my subscription, but I see a charge this month. Can you check it?",billing,76
What’s the deal with the price hike? I wasn’t notified about this.,billing,66
There's a discrepancy in my invoice. It says I owe more than I thought.,billing,71
I just saw a charge that I didn’t authorize. What should I do?,billing,62
Can you assist me in finding out why my payment was declined?,billing,61
"I was inquiring about my last invoice, and it’s still not clear to me.",billing,70
How do I dispute a charge that I believe is incorrect?,billing,54
"I haven't received my invoice yet, and my payment is due soon. What's up?",billing,73
"I just noticed an extra charge on my account, can you help me figure out what it's for?",billing,87
My last bill was way higher than usual. What happened?,billing,54
I think I was billed for a subscription I didn't sign up for. Can you check that?,billing,81
Is there a way to break down my latest invoice? It's super confusing.,billing,69
I need clarification on the late fee I was charged last month.,billing,62
I believe I accidentally paid double for my service this month. Can you assist?,billing,79
Can you explain why I received two invoices this month? That doesn't seem right.,billing,80
I have a question about my yearly billing cycle. Can you tell me how it works?,billing,78
I want to know if there are any hidden fees I should be aware of.,billing,65
Can I see the details of that last charge? It doesn’t look familiar.,billing,68
"I was expecting a credit on my account, but it didn't show up on the invoice.",billing,77
What’s the process for disputing a charge I don’t recognize?,billing,60
"I received a refund confirmation, but I haven’t seen the money in my account yet. What's going on?",billing,98
I’d like to know if my payment history is available online.,billing,59
"My invoice mentions a discount, but I don’t see it applied. Can you clarify?",billing,76
Could you explain what a 'service fee' is that I see on my bill?,billing,64
I just signed up and got charged for two months instead of one. Is that normal?,billing,79
I’ve been charged for a service I thought was free. Can you help?,billing,65
Can you provide a summary of my recent charges? I'm a bit lost.,billing,63
I want to understand why my credit card was billed on a different date this month.,billing,82
I’ve run into an issue with my subscription billing; it’s not what I expected.,billing,78
Could someone look into my account? I think there’s an error with my latest payment.,billing,84
Why does my invoice show a charge I wasn’t made aware of before?,billing,64
I’d like confirmation that my last payment went through successfully.,billing,69
I need clarification on my latest billing statement; it doesn’t add up.,billing,71
Why was there an extra fee added this month? I wasn’t expecting that.,billing,69
"I checked my account, and it looks like I was charged a late fee in error.",billing,74
Can someone explain the different charges on my invoice for this period?,billing,72
I noticed a recurring charge that I didn't authorize. Can you help with this?,billing,77
"My subscription was supposed to be $10 a month, but I was billed $15. What happened?",billing,84
I received an invoice with a charge that I believe should be refunded.,billing,70
Could you please send me a breakdown of my charges for the past three months?,billing,77
"I thought my trial period was over, but I was still charged. Can you look into this?",billing,84
"I was expecting a payment reversal, but I don’t see it in my account.",billing,69
Why was my last payment amount higher than usual? That wasn't what I agreed on.,billing,79
I'm confused about the recent charge on my account for an annual plan.,billing,70
Can I dispute a charge I see on my credit card? It’s for something I didn’t purchase.,billing,85
"I got a notification about a price increase, but I didn’t know that was happening!",billing,82
The invoice I received has incorrect billing dates; can you fix that?,billing,69
I’m trying to understand why my subscription fee fluctuated this month.,billing,71
"I think I was charged twice for the same service, can you check this for me?",billing,76
My account balance seems off; it doesn’t reflect my last payment.,billing,65
Can I get a clarification on what this extra fee is for on my bill?,billing,67
Why did I receive a charge for services I didn't use during the last billing cycle?,billing,83
I need a copy of my invoice for tax purposes; could you send that to me?,billing,72
"I've been trying to get my refund processed, but I haven’t heard back.",billing,70
"The invoice shows a late payment fee, but I made my payment on time!",billing,68
Is there a way to view detailed charges for the services I used?,billing,64
I accidentally paid for two subscriptions instead of one; how can I rectify this?,billing,81
I just noticed a charge on my account that I wasn’t expecting. Can you help me with this?,billing,89
Could you explain why my last payment was so much higher than usual?,billing,68
I think I might have been charged for a service I didn’t use. Can you check that for me?,billing,88
"I received an invoice, but the amount doesn't match what we agreed upon. What should I do?",billing,90
Why do I have an additional fee on my latest bill? I don’t understand where it came from.,billing,89
I believe I was charged incorrectly on my credit card. Can you assist me with this?,billing,83
There’s a mistake on my billing statement—can you clarify these charges for me?,billing,79
I’d like to know what the recurring charges are for each month. Can you provide that info?,billing,90
My recent invoice has a mysterious charge. Can you help me identify it?,billing,71
I was billed twice for the same service this month. What’s going on?,billing,68
Is there a way to see a breakdown of my charges for the last month?,billing,67
I need clarification on the pricing for my last bill—there seems to be an error.,billing,80
I’m frustrated because I didn’t authorize that payment. How do I get it reversed?,billing,81
Can you tell me if my subscription fee will change in the upcoming month?,billing,73
I’d like to ask why my monthly charge went up without any notification.,billing,71
I want to dispute a charge that's showing on my account—what's the process?,billing,75
How do I access my billing history? I need to review past invoices.,billing,67
I think I was charged incorrectly. Can someone look into my account?,billing,68
I’m trying to understand my latest invoice; it seems higher than what I usually pay.,billing,84
Why was I charged a late fee when I paid my bill on time?,billing,57
Can I get an itemized list of all the charges on my last bill?,billing,62
I have a question about my annual subscription and the payment schedule. Can you help?,billing,86
I noticed a discrepancy in my invoice. How do I report this?,billing,60
I need to know if there are any additional charges I should be aware of on my bill.,billing,83
I’d appreciate it if you could explain the different charges on my statement.,billing,77
I noticed an extra charge on my latest statement. Can you help me understand why?,billing,81
I received my invoice today and it doesn’t match what I expected. What’s going on?,billing,82
Could you clarify the recent price hike? I’m a bit taken aback by the increase.,billing,79
I’m really frustrated because I didn’t authorize this additional charge on my account.,billing,86
Can you please assist me with understanding my subscription costs this month?,billing,77
I believe I was billed for a service I didn’t use. How can I get that resolved?,billing,79
Why am I seeing multiple charges for the same service this month? It doesn't seem right.,billing,88
I'm trying to figure out my last invoice. Can you break down the charges for me?,billing,80
I would like to know if there’s any chance to get a refund for the overcharge last month.,billing,89
This is the second time I've been charged incorrectly. How can I prevent this from happening again?,billing,99
"I noticed a recurring payment on my account that I don’t recall signing up for, can you help?",billing,93
What’s the process for disputing a charge? I think I was billed incorrectly.,billing,76
I’m a bit confused about my billing cycle. Can you explain how it works?,billing,72
I didn’t receive my invoice this month. Can you resend it to me?,billing,64
I was promised a discount but it’s not reflected in my current bill. Can you check this?,billing,88
"Hey, I was charged a late fee, but I paid on time! How can I get that reversed?",billing,79
"I’d like to discuss my billing details, especially the recent service fees that appeared.",billing,89
Could you help me understand why my subscription fee increased without notice?,billing,78
I want to make sure I’m being billed correctly for my annual plan. Can you verify this?,billing,87
I’m having an issue with the payment I made last week. It’s not showing up on my account.,billing,89
I need to confirm when my next payment is due. Can you provide that information?,billing,80
My billing history seems off. Can you check for any discrepancies?,billing,66
Why was I charged for a service that was supposed to be free for the trial period?,billing,82
I've been charged for a service I’ve canceled. Can you look into that please?,billing,77
I want to know if I can change my billing method without affecting my subscription.,billing,83
"I need clarification on some charges that are listed on my account, can you assist?",billing,83
I noticed an unexpected charge on my latest statement. Can you help me figure out what it is?,billing,93
Could you please clarify why my subscription price has gone up this month?,billing,74
I'm really confused about this invoice. It doesn't match what I expected to pay.,billing,80
I've been charged for a service I didn't use. Can I get that amount refunded?,billing,77
"Last month’s bill was way higher than usual, and I don’t understand why.",billing,72
Is there a way to dispute a charge that I believe is incorrect?,billing,63
"I just got my invoice, and it includes a fee I’ve never seen before. What’s that about?",billing,87
Can you explain the charges for this period? They seem higher than normal.,billing,74
"I received a refund confirmation, but I haven’t seen the money in my account yet.",billing,81
What is your policy for refunds if I accidentally paid for an extra month?,billing,74
I think there was a billing error on my account last month. How can I resolve it?,billing,81
"I’m really upset. I should have been charged $50, but instead, I was billed $80.",billing,80
I want to understand the breakdown of my last invoice. It’s quite confusing to me.,billing,82
My card got charged for a subscription I canceled. Can you fix that?,billing,68
Why am I seeing an additional service charge on my bill this month?,billing,67
"I could use some assistance. My payment didn’t go through, and I’d like to know why.",billing,84
My last two invoices were different; can someone help me reconcile them?,billing,72
Could you tell me why I’m being charged a late fee? I thought my payment was on time.,billing,85
I’ve noticed that my payment history shows some discrepancies. Can you assist me with this?,billing,91
I accidentally paid for a plan I no longer want. Can I get my money back?,billing,73
Why do I see two separate charges for the same service on my credit card statement?,billing,83
"I thought my subscription included certain features, but I see extra charges on my bill.",billing,88
Can you explain how my usage affects my monthly pricing? It seems off this time.,billing,80
I’m getting conflicting information about my invoice—can you help clarify?,billing,74
It seems like I’m being billed for something I didn't sign up for. What should I do?,billing,84
"I noticed a double charge on my account this month, can you help me resolve this?",billing,81
"I received my latest invoice, but it has some charges I don’t recognize. What’s going on?",billing,89
Could you explain why there’s an extra fee on my bill this time?,billing,64
I’m confused about how my subscription pricing works. Can you break it down for me?,billing,83
I just got billed for a service I thought I canceled. Can you check that for me?,billing,80
My last invoice was way higher than usual. Can you investigate this?,billing,68
I would like to know what options I have for a refund for the recent charge on my account.,billing,90
Please tell me why my subscription cost has gone up recently. I wasn’t notified about any changes.,billing,98
I was charged incorrectly for my last purchase. Who do I speak to about getting this fixed?,billing,91
I’m disputing a charge on my account. How do I go about that?,billing,61
Can I please get a detailed breakdown of my current charges?,billing,60
I think there was an error in my billing cycle. Why did I get charged on a different date?,billing,90
My friend mentioned a discount that I didn't receive. Can you check if I qualify?,billing,81
I have a question about my recurring payment. When will it be processed this month?,billing,83
I’d like to understand why I haven’t received a refund for my overcharge yet.,billing,77
The bill I received seems to have some incorrect figures. Can someone review it for me?,billing,87
"I was told my subscription would be cheaper, but I just saw an increase. What happened?",billing,87
I need clarity on the taxes applied to my invoice. It seems unusually high.,billing,75
I’m finding it hard to keep track of my billing dates. Can you help me with a schedule?,billing,87
I believe I should have received a credit for a previous issue. Can you check if that’s been applied?,billing,101
I’m a bit frustrated because my billing statements are confusing. Can someone explain them?,billing,91
Can I change my payment method? I don’t want to miss any upcoming charges.,billing,74
I think I’ve been billed for a service I didn’t sign up for. What can I do about that?,billing,86
I am concerned about the recent charges on my account. Can someone look into it?,billing,80
Can you let me know if there are any upcoming charges I should be aware of?,billing,75
"I think I was billed incorrectly this month, can you help me with that?",billing,71
I noticed an extra charge on my credit card. What’s going on?,billing,61
Can you break down my last invoice? It seems a bit high.,billing,56
"I signed up for the introductory rate, but my latest bill is much higher. What happened?",billing,88
I need clarification on a charge I don’t recognize on my account. Can you assist?,billing,81
Why is there a late fee on my account? I paid on time!,billing,54
I’m having trouble understanding the payments on my subscription. Can someone explain?,billing,86
"I requested a refund last week, but I haven’t seen it yet. What’s the status?",billing,77
I got charged for a service I didn’t use. Can I get that reversed?,billing,66
Could you please provide an itemized list of charges for last month?,billing,68
How much do I owe you by the end of this month?,billing,47
My subscription fee just went up. Can you explain the reason for the increase?,billing,78
I wasn’t expecting such a large bill this month. Can you review it with me?,billing,75
Is there a way to lower my monthly payment? It’s getting a bit too high.,billing,72
"I tried to cancel my subscription, but I was still charged. What’s going on?",billing,76
I need to confirm if my payment went through. Can you check that for me?,billing,72
There seems to be a recurring charge that I didn’t authorize. What steps can I take?,billing,84
When will I receive the receipt for my latest payment? It hasn’t arrived yet.,billing,77
I don’t understand why my account shows a negative balance. Can you clarify?,billing,76
Could you explain how my charges are calculated? I'm a bit confused.,billing,68
I would like to dispute a charge that I believe is incorrect. What’s the process?,billing,81
Why am I being billed for a service that I thought was free?,billing,60
Can I adjust my billing date to the end of the month instead of the beginning?,billing,78
There’s a discrepancy in the amount I paid and what’s reflected in my account. Can you help?,billing,92
"I received an email about a new fee, but I wasn’t notified about it beforehand. Why is that?",billing,92
I noticed an extra charge on my latest bill that I don’t understand.,billing,68
Could you please explain why my subscription fee changed this month?,billing,68
I’m confused about the charges on my invoice; can you help clarify?,billing,67
I’d like to know why I was billed for two transactions this week.,billing,65
There seems to be a mistake with my recent payment; I was charged for services I didn’t use.,billing,92
Can you check if my refund has been processed? It’s been a while.,billing,65
Why is my bill showing a fee I didn’t expect? I thought my plan was different.,billing,78
I was billed incorrectly. Can you help me sort this out?,billing,56
I need to dispute a charge that was applied to my account last month.,billing,69
My invoice has an unexpected charge; can you provide more details on that?,billing,74
"I’d like to get a rundown of all the charges on my latest bill, please.",billing,71
I’m unhappy with the increase in my monthly subscription; can you explain?,billing,74
Could you provide a breakdown of my billing cycle and charges?,billing,62
I’d like to know when I can expect my refund to be processed.,billing,61
"I see a late fee on my bill, but I always pay on time. Can you investigate?",billing,75
I’m really frustrated that my bill is higher than I anticipated. What’s going on?,billing,81
I just got charged for a service I cancelled. Can you fix this?,billing,63
Why does my invoice not match what was quoted to me last month?,billing,63
Can you send me an updated invoice? The last one was incorrect.,billing,63
I found an error in my billing statement. How do I get this corrected?,billing,70
I’m concerned about the recurring charge I’m seeing; can you explain?,billing,69
I’m trying to understand my current subscription costs. Could someone assist me?,billing,80
I accidentally paid the wrong amount and would like to know how to resolve this.,billing,80
Can you help me understand the pricing for my current plan? It seems off.,billing,73
"I noticed an extra charge on my statement this month, can you explain what that’s for?",billing,86
My last invoice was for an amount I didn’t expect. Can you break down the charges for me?,billing,89
I want to understand why my subscription fee went up. It was one price last month!,billing,82
Can you help me figure out why my payment didn’t go through this time?,billing,70
I’d like to dispute a charge that seems incorrect on my latest bill.,billing,68
Could you clarify why I haven’t received my refund yet?,billing,55
I’m a bit confused about how my payment plan works. Can you provide some details?,billing,81
Why was I charged a late fee? I thought my payment was on time!,billing,63
I’ve been double charged for my subscription—how can I rectify this?,billing,68
My bank statement shows a payment I didn’t authorize. What should I do?,billing,71
Is there a way to get a detailed invoice for my records? I need to track my expenses.,billing,85
When will the refund for my canceled service be processed?,billing,58
Can you explain the additional charges on my invoice? I wasn’t expecting them.,billing,78
I need help with an unexpected charge for an upgrade I didn’t make.,billing,67
I’m having trouble accessing my billing history—can you help me find it?,billing,72
I think there’s a mistake with my payment date; can you check it for me?,billing,72
I’d like to know more about the pricing for next month’s services.,billing,66
Why does my invoice show a different amount than what I paid last time?,billing,71
I would like to discuss a recent charge on my account that I don’t recognize.,billing,77
Can I get a statement showing all my charges for the past month?,billing,64
"My account was charged incorrectly, and I need assistance resolving this.",billing,73
I’m not sure why I was billed for a service I didn’t use last month.,billing,68
Can you send me a copy of my latest invoice? I need to review it.,billing,65
I was told my payment would go through but it still hasn’t. What’s going on?,billing,76
There are charges on my account that I don't remember authorizing—help!,billing,71
Can you confirm if my recent payment was received?,billing,50
I noticed a charge on my account that I don't recognize.,billing,56
Can you explain why my subscription fee changed this month?,billing,59
I was billed an extra fee that I wasn't informed about. What's going on?,billing,72
Is it possible to split my payment into two transactions?,billing,57
"I tried to pay my invoice, but the system keeps giving me an error.",billing,67
I think my last payment didn't go through. Can you check for me?,billing,64
I need clarity on the additional charges on my statement.,billing,57
How do I update my billing information? It's outdated.,billing,54
Can I get an itemized invoice for my past payments?,billing,51
I believe I was overcharged for my subscription. Can you help?,billing,62
Why am I seeing a recurring charge I didn't authorize?,billing,54
My last invoice is missing some charges I expected. Can you look into it?,billing,73
I'm really confused about the billing period on my latest invoice.,billing,66
Can you confirm the total amount due for my subscription this month?,billing,68
"I was promised a discount, but it didn't reflect in my bill. What's up?",billing,71
I need to know how to switch to a monthly billing cycle instead of annual.,billing,74
I was charged for something I didn’t purchase; can you reverse that charge?,billing,75
I want to know the payment methods accepted for my account.,billing,59
I'm unsure about the refund policy for my recent charge. Can you explain?,billing,73
"I've updated my payment info, but I wasn't charged as expected. Why?",billing,68
Can I get a receipt for my latest payment? I need it for my records.,billing,68
Why isn't my promotional rate showing on my latest bill?,billing,56
"I received a notice about my account balance, but it looks incorrect.",billing,69
Can you verify when my last payment was processed?,billing,50
I'm not sure what this additional tax charge is for. Can you clarify?,billing,69
Could you clarify why my invoice has such a high amount this time?,billing,66
I think I was billed incorrectly. Can you take a look at my last invoice?,billing,73
I’ve been charged for a service I didn’t use. How do I get that resolved?,billing,73
Why did my subscription fee change? I wasn’t expecting that.,billing,60
I would like to dispute a charge on my account. What are my options?,billing,68
Can you tell me when my next payment is due? I want to make sure I don’t miss it.,billing,81
I need assistance with my refund request from last month. It hasn't been processed yet.,billing,87
My recent invoice seems off. I expected a lower amount based on my plan.,billing,72
I accidentally paid for three months instead of one. How can I fix this?,billing,72
I don't understand this charge labeled 'service fee'. Can you explain it?,billing,73
Why am I seeing a recurring charge when I thought I cancelled my subscription?,billing,78
"I was charged late fees, but I paid on time. Can you check into this?",billing,69
The price listed on your website differs from what I was charged. What’s going on?,billing,82
"Can I update my payment information, or will that change my billing cycle?",billing,74
I want to know how to get a receipt for my last payment. Can you help?,billing,70
"My billing statement didn’t arrive, and I need it to keep track of expenses.",billing,76
Is there a way to get a clearer breakdown of my charges this month?,billing,67
I have questions about unauthorized charges. Who can I speak to about this?,billing,75
My account was charged after I downgraded my plan. What happened?,billing,65
I want to make sure I’m not being overcharged for my current subscription.,billing,74
Can you confirm if my last payment was successfully processed?,billing,62
"I received a notification about an upcoming charge, but I don’t understand why.",billing,79
I think I’m being billed for an old subscription that I no longer use. Can you stop that?,billing,89
I would like to know what options I have for getting a refund for a billing error.,billing,82
I didn't expect my subscription to cost this much. Can you explain the charges?,billing,79
I received a notification about an extra fee this month. What is that about?,billing,76
Can you help me understand why my credit card was charged more than usual?,billing,74
"I thought my plan included all the features, but now I'm seeing additional charges.",billing,83
"I need clarification on my last invoice, as there are charges I don't recognize.",billing,80
Is there a mistake on my bill? It shows a payment I already made.,billing,65
I was charged late fees even though I paid on time. Can you fix that?,billing,69
Can I see a breakdown of my billing history over the past year?,billing,63
I believe I was overcharged for my last invoice. Can you check it for me?,billing,73
The price for my subscription suddenly jumped. What’s going on?,billing,63
I’m confused about the taxes added to my bill. Can you explain those?,billing,69
I requested a refund for the extra charge last month. Why hasn't it been processed?,billing,83
My account shows a different price than what I signed up for. Is that normal?,billing,77
I’d like to know when I’ll receive my credit for the billing error.,billing,67
I noticed a recurring charge that I don't recognize. Can you help me identify it?,billing,81
Why did I get charged for a service I thought I canceled?,billing,57
I just want to confirm my payment went through. Can you check for me?,billing,69
Can you remind me when my next billing cycle starts?,billing,52
I’m really frustrated with how my billing issues have been handled. Can someone assist me?,billing,90
I’d like to dispute a charge on my invoice. What steps do I need to take?,billing,73
There’s a charge I didn’t authorize that I need removed immediately.,billing,68
Can you explain how my subscription pricing is calculated?,billing,58
I’m reaching out to find out if I’m eligible for a refund for an overpayment.,billing,77
Why am I being charged for a trial period that I didn’t sign up for?,billing,68
I need assistance clarifying the difference between these two charges on my bill.,billing,81
I noticed an extra fee on my latest bill—can you explain what that’s for?,billing,73
Could you help me understand the charges on my invoice? It doesn’t look right.,billing,78
I’ve been charged for a service I didn’t use. Can I get that reversed?,billing,70
Can you clarify why my subscription price went up this month?,billing,61
I'm confused about a charge labeled 'service fee'—what is that?,billing,63
"I was billed for two months instead of one, and it’s really frustrating.",billing,72
Why am I seeing a late fee on my invoice when I paid on time?,billing,61
"I didn’t receive my refund yet, and it’s been over a week. What’s going on?",billing,75
My invoice doesn’t match what I agreed to pay. Can you check it for me?,billing,71
I want to dispute a charge on my credit card related to my account.,billing,67
Can you break down all the charges on my latest bill? I’d like to see the details.,billing,82
"I signed up for a monthly plan, but I got charged for a yearly subscription. Help!",billing,82
I think there’s a mistake on my billing statement—who can I talk to?,billing,68
My billing cycle was supposed to change but I was still charged the old amount.,billing,79
I don’t understand why I’m paying more than the last bill. Can someone explain?,billing,79
Is there a way to get an itemized invoice for my last payment?,billing,62
I tried to cancel my service and still got charged. Can you fix this?,billing,69
Can you check if my refund request was processed? I haven't seen it yet.,billing,72
"I had set up autopay, but I didn't think it would charge me this much.",billing,70
Could you confirm the due date for my next payment? Just want to make sure.,billing,75
"I need to update my payment method, but I’m not sure how to do that.",billing,68
I did not authorize this charge; it looks like an error.,billing,56
What’s the process to get a credit for my overcharge?,billing,53
I’m really unhappy that my bill increased without notice—this needs to be addressed.,billing,84
I noticed an extra charge on my credit card statement. Can you help me figure this out?,billing,87
My last bill seems higher than usual. What’s going on?,billing,54
Is there a way to dispute a charge that I don’t recognize?,billing,58
"I just received my invoice, but it doesn’t match what I expected. Can you explain?",billing,82
I’ve been double charged for my subscription this month. What can I do about it?,billing,80
I’d like to understand the additional fees on my latest bill. Can you clarify?,billing,78
Why was my account charged when I thought I had paused my subscription?,billing,71
I tried to cancel my subscription but still got billed. Can you assist me with this?,billing,84
Can you provide a breakdown of the recent charges on my account?,billing,64
I was expecting my refund to be processed by now. Can you update me on its status?,billing,82
I received a bill for services I didn't use this month. How can I address this?,billing,79
I'm confused about a recurring charge that I wasn't aware of. Can you explain it to me?,billing,87
"I’ve seen multiple billing errors this year, and it’s frustrating. How do I ensure it gets sorted out?",billing,102
What’s the reason for the price increase I saw on my latest invoice?,billing,68
"I forgot to update my payment method, and now I'm worried about late fees. Can you help?",billing,88
Can I view my past invoices somewhere on your website?,billing,54
I accidentally paid my bill twice. How will that be refunded?,billing,61
"I attempted to change my plan, but I was still charged for my old one. What’s happening?",billing,88
"I want to verify the charges from last month, they seem incorrect to me.",billing,72
"I’m trying to budget, but I don’t understand why my bill fluctuates so much.",billing,76
I’ve got some questions about the taxes on my last invoice. Can someone explain?,billing,80
"I’m receiving alerts about unpaid invoices, but I paid on time. Can you check my account?",billing,89
Could you help me understand how your pricing works? Some things seem unclear.,billing,78
I need assistance with a billing issue that has been ongoing for several months.,billing,80
I noticed an extra charge on my account this month. Can you help me understand why?,billing,83
"My recent payment didn't go through, can you check what happened?",billing,65
I was looking at my subscription and it seems like I’m being overcharged. Can you fix that?,billing,91
I just got my bill and it’s way higher than I expected. What’s going on?,billing,72
Can you explain the charges on my last invoice? They don’t seem right to me.,billing,76
I’ve been charged for a service I didn’t use. Is there a way to get that money back?,billing,84
I’m not sure how you calculated my bill this time. Can you provide a breakdown?,billing,79
I've been double charged for my subscription this month. Can you rectify this?,billing,78
Why was my last payment higher than usual? I’d like to know the reason.,billing,71
I didn’t authorize an additional fee on my account. Can you revert that charge?,billing,79
Can I see an itemized list of charges for my account? It would really help.,billing,75
I'm confused about the pricing structure. Why does my invoice look different from last month?,billing,93
I’m having trouble with my subscription renewal; it’s not what I expected to pay.,billing,81
I was expecting a discount on my bill. When will I see that reflected?,billing,70
Is there an issue with my billing address? My statement looks off.,billing,66
I’d like to know if there are any hidden fees in my subscription. Can you clarify that?,billing,87
"I attempted to make a payment, but it was declined. What should I do next?",billing,74
Can you help me understand why my billing cycle changed? I wasn’t informed.,billing,75
I just received a late fee for a payment I made on time. Can you fix this?,billing,74
How do I dispute a charge I don’t recognize on my invoice?,billing,58
I’ve been charged for a premium service that I didn’t sign up for. What can be done?,billing,84
"My invoice doesn’t match what was quoted during signup. I’d like clarification, please.",billing,87
I’ve seen an increase in my monthly charges. Why did that happen?,billing,65
Can I get a copy of my previous invoices? I need them for my records.,billing,69
"I noticed a charge on my account that I don't recognize, can you help me out?",billing,77
Could you explain the late fee on my latest invoice? I thought I paid on time.,billing,78
Why was my subscription fee higher this month than usual?,billing,57
I’m having trouble understanding the charges on my bill. Can you break it down for me?,billing,86
"I received an email about an upcoming charge, but I didn’t authorize it. What’s going on?",billing,89
I was expecting a discount on my renewal. Can you check if it was applied?,billing,74
Is there a reason my credit card was charged twice for the same service?,billing,72
I’d like to know if my last payment went through successfully. Can you confirm that?,billing,84
I’ve been charged for a service I didn’t use. How can I get that refunded?,billing,74
I accidentally paid for two subscriptions. Can I get a refund for one of them?,billing,78
My bill has an unexpected charge. Can you tell me what it's for?,billing,64
I need help understanding why my account balance is different from my last statement.,billing,85
Can you provide details on the charges that occurred last month on my account?,billing,78
I just noticed that there was a discrepancy with my invoice amount. Can we sort this out?,billing,89
"I’ve never seen this fee before, what’s it for? I’m really confused about my bill.",billing,82
Why am I being charged for something I didn’t order? I need to resolve this.,billing,76
I’m not clear on the pricing structure for my plan. Can you explain it to me?,billing,77
My bill is higher than I expected. Can you check if there was an error?,billing,71
I want to know how I can access a copy of my previous invoices.,billing,63
I need a clarification on the taxes applied to my recent purchase.,billing,66
Can you tell me when I'll be billed again for my subscription?,billing,62
I see a charge labeled 'service fee' that I don’t understand. Can you clarify?,billing,78
Can I get an itemized receipt for my last payment? I need it for my records.,billing,76
I believe I was overcharged this month. Can someone review my account?,billing,70
Is there a way to see my billing history? I want to check for any discrepancies.,billing,80
I noticed an unexpected charge on my account. Can you explain it?,billing,65
Could you clarify why my invoice has doubled this month?,billing,56
I'm really confused about the charges on my latest bill. Can someone help?,billing,74
Why was there an extra fee on my last payment?,billing,46
I think I've been overcharged for my subscription; can you check?,billing,65
My bank statement shows a duplicate payment this month. What's going on?,billing,72
I received a notification about a billing error. Can you provide more details?,billing,78
Can I change my payment method for future invoices?,billing,51
I need to dispute a charge. How do I go about that?,billing,51
Is there a way to see a detailed breakdown of my charges?,billing,57
I forgot to apply a discount code for last month’s bill. Can I still get a refund?,billing,82
My account was billed incorrectly; I didn’t make that purchase. What should I do?,billing,81
Can you help me understand the pricing changes that happened recently?,billing,70
"I was charged a late fee, but I paid on time. Can you look into that for me?",billing,76
"My subscription went up unexpectedly, and I'm not sure why. Can you explain?",billing,76
Can I get a statement for my previous months’ payments?,billing,55
I didn't receive my invoice this month. Can you resend it?,billing,58
Why does my account show a pending refund from last month?,billing,58
Can you let me know when my next payment is due?,billing,48
I need assistance with a charge that I don’t recognize. Please help!,billing,68
There seems to be an error in my billing cycle. Can you assist with this?,billing,73
"I was told there would be no charge for the trial period, but I see a fee. Why?",billing,79
How do I update my billing address in your system?,billing,50
What’s the process for disputing a charge on my account?,billing,56
I can't find my receipts for the last couple of months. Can you send those again?,billing,81
I just saw an unexpected charge on my statement. Can you explain what this is for?,billing,82
Could you help me understand why my subscription cost has gone up this month?,billing,77
"I received my invoice, but I don't recognize some of the charges. Can you clarify them for me?",billing,94
I think I was charged incorrectly last week. Can you look into it?,billing,66
Why was I billed twice for the same service this month? That doesn’t seem right.,billing,80
I want to know if I can get a refund for the extra charge I didn’t authorize.,billing,77
I’m really confused about my latest bill. It looks way higher than usual.,billing,73
Can you provide more details on the recurring charges on my account?,billing,68
My invoice is showing a service that I haven’t used in months. Can you check that for me?,billing,89
"I was promised a lower rate, but my latest invoice doesn’t reflect that. What happened?",billing,87
I think my payment went through twice. Can you help me get one of those charges reversed?,billing,89
I noticed an extra fee on my bill. Can you explain what that is?,billing,64
I’d like to dispute a charge from last month’s invoice. How do I go about that?,billing,79
Is there a way to see a breakdown of my charges for the last few months?,billing,72
"I didn’t realize my subscription was auto-renewing, and now I want a refund. Can you assist?",billing,92
The amount on my invoice doesn’t match what I was quoted initially. Can you verify this?,billing,88
I’m upset that my bill increased without any notification. Can you tell me why?,billing,79
"My payment didn’t go through, but I still see a pending charge. What does that mean?",billing,84
I want to make sure I understand the charges for my plan. Could you explain them?,billing,81
I need assistance with a refund for a service that I never used.,billing,64
My last bill is much higher than I expected. Is there an error?,billing,63
I have a question about a specific fee on my invoice. Can you help?,billing,67
I’m worried I’ve been charged for a service I didn’t sign up for. Can you clarify?,billing,82
I need to verify if my payment for this month has been processed. Can you check?,billing,80
Can you help me figure out why my credit card was charged a different amount than usual?,billing,88
"I think I was billed incorrectly this month, can you help me figure it out?",billing,75
I don't understand why there are extra charges on my statement.,billing,63
Can you break down the charges on my last invoice? It seems higher than usual.,billing,78
I noticed a recurring payment that I didn't authorize. What should I do?,billing,72
Is there a way to check my billing history? I want to verify a previous payment.,billing,80
I was supposed to get a discount but my bill doesn't reflect that. Can you explain?,billing,83
Can I get a detailed invoice for my last payment? It would really help!,billing,71
I accidentally paid for two subscriptions. Can I get one refunded?,billing,66
What's the reason for the increase in my subscription cost this month?,billing,70
I didn't receive a bill for my last payment period. Can you send it again?,billing,74
"I cancelled my subscription last month, but I'm still seeing a charge this month. What’s going on?",billing,98
I was charged for a service I didn’t use last month. Can I dispute that?,billing,72
Can you clarify the terms of my billing cycle? I’m a bit confused.,billing,66
"My payment didn’t go through, but I have enough balance. Can you check on it?",billing,77
I want to know how to update my billing information. It's not working online.,billing,77
"I received a notification about a past due amount, but I already paid. Can you confirm?",billing,87
I was charged twice for one service — please help me resolve this!,billing,66
How long does it take for a refund to process? I’m anxious to see it back.,billing,74
"I think my account is still active, but I thought I canceled my subscription. Can you verify that?",billing,98
Can you explain the difference between the billing plans? I want to make sure I'm on the right one.,billing,99
"Hey, I got charged for something I didn’t order. Can you look into it?",billing,70
There’s a charge on my account I don’t recognize — can you help me identify it?,billing,79
"I need to cancel my subscription, but I also want to know about that last charge.",billing,81
I noticed a charge I don’t recognize on my account. Can you help me figure out what it is?,billing,90
Can you explain why my billing amount was higher than usual last month?,billing,71
I want to know if there are any hidden fees in my subscription.,billing,63
Why am I being charged for a service I didn’t use?,billing,50
I need a detailed breakdown of my latest invoice. It looks off to me.,billing,69
"Hey, I just checked my bank statement, and it seems I was billed incorrectly. What should I do?",billing,95
Can you tell me if my subscription fee is going to change next month?,billing,69
I was charged for a service I canceled. Can you assist me with that?,billing,68
Could I get a refund for the extra charge on my account this month?,billing,67
I’m really confused about my last bill. It doesn’t match what I expected at all.,billing,80
My card was charged twice in one day. Can you look into that?,billing,61
Is it possible to get a copy of my invoice from last month? It seems to be missing.,billing,83
I signed up for a trial but was charged immediately. What’s going on?,billing,69
Why does my bill have a late fee when I paid on time?,billing,53
I just want to make sure my payment went through. Can you confirm that for me?,billing,78
"My subscription seems to have reset, and I'm not sure why. Can you clarify?",billing,75
I’ve been charged for a service I didn’t authorize. How do I dispute that?,billing,74
I need help understanding the charges for my last invoice. It’s quite confusing.,billing,80
Can you explain the new charge on my invoice? It wasn’t there before.,billing,69
I received a notification about a price increase. When does that take effect?,billing,77
I believe I should have received a credit from my last billing cycle. Can you trace that for me?,billing,96
I have a question about my monthly payment schedule. Can you help clarify it?,billing,77
Why am I getting charged tax now when I didn’t before?,billing,54
"I want to change my billing method, but I’m not sure how to do that.",billing,68
The billing info in my account isn’t correct. How can I update it?,billing,66
"I noticed an extra charge on my account this month, can you explain what it is?",billing,79
I can't make sense of my latest invoice; it doesn't match what I was expecting. Can you help?,billing,93
Why was I billed for a service I didn't subscribe to? This feels unfair.,billing,72
"I was expecting a lower price, but my bill is higher than usual. What's going on?",billing,81
Could you check why I've been charged a late fee? I paid on time.,billing,65
"My recent payment didn’t go through, but I’m not sure why. Can you assist me?",billing,77
I need clarification on my last statement; it lists charges that I didn't authorize.,billing,84
"Help! My credit card was charged twice for the same service, and I need a resolution.",billing,85
Can you tell me about the recent price hike? It caught me off guard.,billing,68
I’ve been charged for a subscription I thought I canceled. Can you investigate?,billing,79
Is there a way to get a detailed breakdown of my recent charges? It's confusing.,billing,80
I think there might be an error on my bill. Can someone review it for me?,billing,73
I was promised a promotional rate that hasn’t reflected on my invoice. What happened?,billing,85
Could you explain the different fees on my latest bill? They seem unusually high.,billing,81
I requested a refund weeks ago and haven't heard back. Can you check on that?,billing,77
Why do I see a recurring charge that I didn't authorize? This is frustrating.,billing,77
I have a question about my payment plan. Can you help clarify the terms?,billing,72
I don’t recognize a charge from last month; can you provide more details?,billing,73
My billing statement is missing some transactions. How can I retrieve them?,billing,75
Can I get a receipt for my last payment? I need it for my records.,billing,66
I’m confused about the taxes applied to my invoice. Can you explain those?,billing,74
Can you help me understand why I received a partial refund instead of a full one?,billing,81
I need to dispute a charge that I believe is incorrect. What’s the process?,billing,75
"I was told I could switch to a lower rate, but my bill doesn’t reflect that.",billing,76
Can you verify if my payment went through last week? I’m worried about it.,billing,74
Why is there a late fee on my account this month?,billing,49
I noticed an extra charge on my last statement. Can you explain what that was for?,billing,82
Can you break down the charges on my latest invoice? It looks confusing.,billing,72
"I thought my subscription was supposed to be $10/month, but I was billed $15. What's going on?",billing,94
I received a charge for a service I didn't use. Can I get that reversed?,billing,72
My last payment didn't go through. Can you help me sort this out?,billing,65
Is it possible to get a detailed invoice for my last transaction? I need it for my records.,billing,91
"I canceled my service a while back, but I still got charged. Can you look into this?",billing,84
I want to know when my next payment is due and how much it will be.,billing,67
"I didn't receive an invoice this month, and I'm not sure if I owe anything.",billing,75
Can you tell me why my credit card was charged in a different currency?,billing,71
"I was promised a discount, but it doesn't appear on my bill. Can you fix that?",billing,78
My payment history seems off. Can you provide me with the correct details?,billing,74
I'm unsure what this additional fee is for on my last bill. Can you clarify?,billing,76
I want to dispute a charge that I believe is incorrect. What do I need to do?,billing,77
Can you confirm if my recent payment has been processed yet?,billing,60
I see that my monthly fee has changed. Can you explain the reason behind that?,billing,78
"I forgot to update my payment info, and now my account is past due. How can I resolve this?",billing,91
Could I please get a statement showing all my charges for the last year?,billing,72
Why does my subscription renewal cost more than I expected?,billing,59
"I cancel my subscription last month, but I still see a charge on my card. What happened?",billing,88
Can you explain the terms for the refund policy? I'm not quite sure what it covers.,billing,83
Why does my invoice have a service charge that I wasn't informed about?,billing,71
Can I set up auto-pay for my bills? I want to make sure I don't miss any payments.,billing,82
"I noticed an unexpected charge on my statement, can you help me figure this out?",billing,80
Could you explain why my subscription cost is higher this month?,billing,64
"I'm confused about the extra fees on my invoice, can you clarify them for me?",billing,77
"I was billed for a service I didn't use, can I get that removed?",billing,64
Why did my last payment go through twice? That's really frustrating.,billing,68
"Hey, I think I'm being charged for an account I canceled. Can you check on that?",billing,80
My invoice doesn't match what I agreed to; can we go over the details?,billing,70
I want to understand what this extra fee is on my latest bill. Can you help?,billing,76
Could you provide a breakdown of the last invoice? I want to ensure it's accurate.,billing,82
"I would like to request a refund for the duplicate charge from last month, please.",billing,82
Why does my bill look different this time? I was not expecting this increase.,billing,77
I have some unexpected charges on my credit card; can you help investigate?,billing,75
Is there a reason my payment didn't go through this month?,billing,58
I’m trying to figure out what the total amount for this month's bill is; can you assist?,billing,88
Can you please send me a detailed invoice? I need to see where these charges are coming from.,billing,93
I'm really unhappy with the changes on my billing statement; can we discuss this?,billing,81
"I thought my subscription included more features, but my bill doesn’t reflect that.",billing,83
What’s the process for disputing a charge? I need to contest something.,billing,71
"My billing seems off, and I want to make sure I'm not being overcharged.",billing,72
Can you tell me if there are any upcoming charges I should be aware of?,billing,71
I’m seeing a recurring charge I don’t recognize. Help?,billing,54
I have a question about the sales tax applied to my last invoice. Is that correct?,billing,82
Can I get a history of my past payments? I need it for my records.,billing,66
Why has my subscription fee changed without any notice?,billing,55
"I've been overcharged for two months in a row, and I need this fixed ASAP.",billing,74
"I noticed an extra charge on my credit card this month, can you help with that?",billing,79
Could you explain why my recent bill is higher than usual? I was not expecting this increase.,billing,93
I think I was billed incorrectly for my subscription. Can we go over the charges?,billing,81
Is there a way to check my billing history? I want to make sure everything's accurate.,billing,86
Why was my payment processed twice this billing cycle? That doesn't seem right.,billing,79
Can someone assist me with a refund for a charge I didn't authorize?,billing,68
My invoice doesn’t match what I signed up for. Can you clarify the pricing?,billing,75
I received a bill that I didn’t expect. What’s going on with my account?,billing,72
I just checked my statement and noticed a fee I don’t recall agreeing to. Can you help?,billing,87
"I've been waiting for a refund, but I haven't seen it come through yet. Any updates?",billing,84
Could you break down the charges on my latest invoice? I'm a bit confused.,billing,74
"I want to dispute a charge from last month, as I believe it was processed in error.",billing,83
I’m not sure what services I'm being billed for this month. Can you provide details?,billing,84
Can you tell me why my subscription costs have changed? I’m quite puzzled.,billing,74
I’m concerned about the recurring charges on my account. Could you sort this out for me?,billing,88
"I tried to understand the pricing tiers, but got lost. Can you clarify what's on my bill?",billing,89
How do I get a refund for an unused service? I didn’t realize I was still being charged.,billing,88
I think I was billed for a service I canceled. Can you look into that for me?,billing,77
Can someone explain why my account was charged a late fee this month? I paid on time.,billing,85
I need assistance with an incorrect charge that appeared on my account. It wasn’t authorized.,billing,93
"I’d like to see a detailed breakdown of my invoice, please. It seems a bit off.",billing,79
Is there a way to lower my bill without changing services? I’m struggling a bit financially.,billing,92
I've been charged for something I didn't purchase. Can you help me sort this out?,billing,81
There’s a discrepancy in my billing cycle. Can you help me figure out what happened?,billing,84
I’m reaching out because I noticed an unfamiliar charge. Can we investigate that?,billing,81
My last invoice had charges I don’t recognize. Can you clarify those for me?,billing,76
"I noticed an extra charge on my account this month, can you help me sort it out?",billing,80
My last invoice doesn’t match what I expected. Can you explain the difference?,billing,78
Why is there a service fee listed on my bill? I don’t remember agreeing to that.,billing,80
I'm confused about the charges on my statement; could you clarify them for me?,billing,78
I think I've been billed for a service I didn't use. Can I get that adjusted?,billing,77
Can you tell me why my subscription cost changed from last month?,billing,65
"I checked my payment history, and it looks like I was charged for two subscriptions. What happened?",billing,99
I’d like to dispute a charge that I believe is incorrect. What steps should I take?,billing,83
"I was promised a discount, but it doesn't appear on my latest invoice. Can you help with that?",billing,94
My billing cycle seems off this time; can you confirm the dates for me?,billing,71
"I tried to make a payment, but it didn’t go through. What's going on?",billing,69
Can I get a detailed breakdown of my last bill? I'm not sure what I'm being charged for.,billing,88
"I forgot to cancel my subscription last month, but I’d like to know if I can get a refund. Is that possible?",billing,108
"I received a notification for an upcoming charge, but I wasn’t expecting it. Can you explain?",billing,93
Could you send me a copy of my latest invoice? I seem to have misplaced it.,billing,75
Why hasn’t my payment been processed yet? It’s been a few days.,billing,63
I’m trying to understand the payment options available for my plan. Can you provide details?,billing,92
"I see a late fee on my account, but I believe I paid on time. How can we resolve this?",billing,86
"I just checked my account, and I’ve been charged for an add-on I didn’t select. Can you cancel it?",billing,98
"I signed up for a trial, but I don’t want to be charged if I forget to cancel. How does that work?",billing,98
"My credit card was charged, but I didn’t receive any service. What’s going on?",billing,78
Is there a way to set up automatic payments for my subscription? I want to make sure I don’t miss a payment.,billing,108
I’m really unhappy with the increase in my bill. Can you explain the reason behind it?,billing,86
"I just noticed a strange charge on my credit card, can you help me figure out what it is?",billing,89
Can you explain why my monthly fee changed? I’m confused about the new amount.,billing,78
I don't remember signing up for this subscription! Why am I being billed?,billing,73
"I was under the impression my trial was free, but I just got charged. Can you check that for me?",billing,96
My invoice looks off. It says I ordered two of something I didn't even get.,billing,75
I received an extra charge this month and I want to dispute it. What do I need to do?,billing,85
I cancelled my service last month but I still got billed this time. What's going on?,billing,84
The pricing on your website doesn't match what I'm being charged. Can you clarify?,billing,82
I'd like to know if there are any hidden fees I should be aware of on my account.,billing,81
I need a breakdown of my last invoice because it doesn’t add up.,billing,64
Do you guys do refunds? I noticed I was charged for something I didn’t use.,billing,75
Why am I being charged tax on a service that I thought was tax-exempt?,billing,70
I see a recurring charge for a service I thought was a one-time payment. Can someone explain?,billing,93
Can you send me a copy of my past invoices? I can’t seem to find them anywhere.,billing,79
I just got charged for a subscription I thought I had cancelled. Can this be fixed?,billing,83
I was charged for a premium feature that I didn’t activate. Can you help me with that?,billing,86
Is there any way to dispute a charge if I'm not satisfied with the service?,billing,75
Can you help me understand the different tiers of pricing? I’m not sure which one I’m on.,billing,89
I don’t want to get billed again if I’ve cancelled my subscription already. Can you confirm?,billing,92
Could you provide me details about my last payment? I don’t recognize it.,billing,73
I’m really upset because I’ve been double charged for two months. What can we do about this?,billing,92
I think I was billed incorrectly for my last service. How do I go about getting it corrected?,billing,93
Why does my bill keep increasing every month? This is getting frustrating.,billing,74
"I made a payment, but my account still shows an outstanding balance. What’s going on?",billing,85
"I noticed an unexpected charge on my credit card this month, can you explain that?",billing,82
Can you break down the latest invoice for me? I don’t understand a few of the charges.,billing,86
I think I was overcharged for my subscription this month. What should I do?,billing,75
Why was my payment processed twice last week? I need assistance with this issue.,billing,80
I’d like to know if there are any fees associated with my account that I’m not aware of.,billing,88
"My statement shows a late payment fee, but I paid on time. Can you check this?",billing,78
Could you tell me how my subscription price changed from last month to this month?,billing,82
I don't recognize several charges from last month. Could you help clarify them for me?,billing,86
"I need a detailed invoice for my records, can you send that over?",billing,65
I'm really confused about the extra charges on my recent bill. What are they for?,billing,81
What’s the process for disputing a charge? I think one of them is incorrect.,billing,76
I want to confirm if my payment went through for this billing cycle.,billing,68
Can you provide information on any upcoming changes to my billing cycle?,billing,72
"My account says my payment is overdue, but I’ve already paid. Can you look into this?",billing,85
Is there a way to see an itemized list of charges for the last three months?,billing,76
I’d like to request a refund for a service I didn’t use. What do I need to do?,billing,78
How often can I expect my billing statement to arrive?,billing,54
I’ve been charged for a service I thought was free. Can you explain this?,billing,73
Why did my billing amount change without notice? I’m quite frustrated.,billing,70
"I’m trying to budget my expenses, but I’m not sure when the next billing cycle starts.",billing,86
What happens if I don't receive my invoice on time? Will I be charged?,billing,70
Can you help me understand the different payment options available?,billing,67
I need clarification on my last bill. I’m seeing some unfamiliar terms.,billing,71
Is there a way to set up automatic payments for my subscription?,billing,64
Can you tell me why there was a delay in processing my last payment?,billing,68
Could you explain why there's an extra charge on my latest bill?,billing,64
I noticed that the subscription fee was deducted twice this month. Can you help me with that?,billing,93
I didn't receive a receipt for my last payment. Can you send it to me?,billing,70
What exactly is included in my current billing cycle?,billing,53
I believe I was billed incorrectly for my service. Can we look into this?,billing,73
"My statement shows a late fee, but I paid my bill on time. Can you check this for me?",billing,85
Is there a way to see a breakdown of my charges for this month?,billing,63
I’d like to dispute a charge that I don’t recognize on my invoice.,billing,66
Can you clarify what caused my monthly rate to change?,billing,54
I’m trying to understand the additional fees on my account. Can someone assist me?,billing,82
Why did my most recent payment not go through? I thought everything was in order.,billing,81
How can I get a clearer explanation of my invoice? It’s a bit confusing.,billing,72
"I was promised a discount, but it doesn’t appear on my bill. What happened?",billing,75
What’s your refund policy if I was overcharged?,billing,47
Why does my bill look different from last month’s? It’s a lot higher!,billing,69
I need assistance with a billing issue that I’m really frustrated about.,billing,72
I want to ensure that my payment went through correctly; can you confirm that for me?,billing,85
Can I update my payment method to avoid any future issues?,billing,58
"I thought my subscription was canceled, but I still received a bill. Can you sort this out?",billing,91
Could you help me understand why there are additional taxes on my invoice?,billing,74
I want to know if there’s a way to lower my subscription cost.,billing,62
"I received a reminder about payment, but I already paid. What’s going on?",billing,73
How do I access my past invoices? I need to review them for my records.,billing,71
I noticed an unexpected fee on my latest bill. Can you explain what that is?,billing,76
I’m confused about the charges on my invoice; it doesn’t match what I expected.,billing,79
Can you break down the charges for this month’s bill? It seems higher than usual.,billing,81
"I was under the impression my subscription was $10, but I was charged $15. What gives?",billing,86
I’d like to know why my last invoice was higher than the previous ones.,billing,71
I was charged for a service I didn’t use. Can I get that refunded?,billing,66
Can you help me understand the recent price increase on my subscription?,billing,72
I’ve been double-billed for this month. How can I resolve this?,billing,63
Can I see the itemized list of charges on my account for last month?,billing,68
I didn’t authorize that payment; can you look into it?,billing,54
I want to know why I haven’t received my refund yet.,billing,52
My credit card was charged incorrectly. Please assist with fixing this.,billing,71
I cancelled my account but still got billed. What happened?,billing,59
Why am I seeing an extra charge on my account? It’s really frustrating.,billing,71
I want details on my most recent bill; it doesn't make sense to me.,billing,67
"I thought my subscription was free for the first month, but I see a charge. What's going on?",billing,92
Can you tell me if there are any late fees applied to my account?,billing,65
I have a question about a past invoice; can you help me find it?,billing,64
Can I get a breakdown of what my subscription covers and how much it costs?,billing,75
I need to dispute a charge that I believe is an error. How should I proceed?,billing,76
"My bill is due soon, but I haven't received a reminder. Can you check on that?",billing,78
Is there a mistake on my invoice? It seems like I was charged for two months instead of one.,billing,92
I’m not sure why my payment didn't go through. Can you assist?,billing,62
What’s the process for getting a refund for that incorrect charge?,billing,66
Do you have a customer service number I can call regarding my billing issues?,billing,77
"I noticed an unexpected charge on my statement, can you help me understand it?",billing,78
"My last bill was higher than usual, can you explain why?",billing,56
"I received my invoice, but it doesn't match what I expected.",billing,60
Can you break down the charges on my recent bill? I’m a bit confused.,billing,69
I think I've been overcharged this month. What can I do about it?,billing,65
Could you give me more details on the subscription fees I’m being billed?,billing,73
I just saw a duplicate payment on my account – how can we fix this?,billing,67
I need help with a charge that I don’t recognize. What’s the best way to resolve this?,billing,86
Why was there an additional fee on my invoice this time?,billing,56
I am concerned about the increase in my monthly payment. Can you clarify?,billing,73
Can you check why I haven't received my refund yet?,billing,51
"I was told my subscription would cost less, but my bill says otherwise.",billing,71
I want to dispute a charge that doesn't seem right; what steps should I take?,billing,77
"I expected my account to be billed differently, but it wasn’t. Can you assist me?",billing,81
Can you tell me if there are any hidden fees in my subscription?,billing,64
I was charged for a service I didn’t use this month. How can I get that refunded?,billing,81
"I just got my bill, and I’m shocked by how much it is. Can we go over it?",billing,73
My invoice is missing some details that I need to process my payment. Can you resend it?,billing,88
Can you explain the different charges on my invoice? I’m a little lost.,billing,71
I’m worried that my payment didn’t go through last month. Can you check for me?,billing,79
"I thought I canceled my service, but I see a charge this month. What happened?",billing,78
Why did my credit card get charged for a service that was supposed to be free?,billing,78
Can I get a detailed report of my billing history for the last year?,billing,68
I wasn't informed about a price change. When did that happen?,billing,61
"I've been trying to reach out regarding my billing issue, but I haven't received any answers.",billing,93
I see an unfamiliar charge on my credit card. Can you explain what it is?,billing,73
I was expecting my refund by now. When will it be processed?,billing,60
"Hey, I think I was overcharged on my last bill. Can you take a look?",billing,68
Could you clarify the charges on my invoice? I'm a bit confused.,billing,64
My monthly subscription fee seems higher than it was last time. What’s going on?,billing,80
"I recently canceled my account, but I still got charged. Can you help?",billing,70
There’s a charge from last month that I don’t recognize. What can I do?,billing,71
Could you send me a detailed breakdown of my last invoice?,billing,58
I just got billed twice for my subscription. This is really frustrating!,billing,72
Why did my pricing go up? I thought I was locked in at a lower rate.,billing,68
Is there a way to review my payment history? I need to verify some charges.,billing,75
I’m seeing a late fee on my account that I don’t believe I owe. Can we discuss this?,billing,84
"I was promised a discount on my last bill, but it’s not reflected. What happened?",billing,81
Can I request a copy of my past invoices for my records?,billing,56
"I attempted to change my payment method, but it didn’t go through. Can you assist?",billing,82
"I can’t find my last invoice in my email. Could you resend it, please?",billing,70
Why was I charged for a service I didn’t use this month?,billing,56
I have some questions about the pricing plan I selected. Can you clarify it for me?,billing,83
My account was billed for an extra month after I downgraded my plan. Why?,billing,73
I see that my credit card was declined. Can you help me figure out why?,billing,71
"I was told there would be no increase in fees this year, but my bill says otherwise.",billing,84
Can you explain the different charges listed on my statement?,billing,61
I need to contest a charge that seems incorrect. What’s the process?,billing,68
"I tried to update my billing address online, but I can’t seem to save it.",billing,73
What’s the policy on refunds for erroneously charged amounts?,billing,61
I noticed an extra charge on my credit card statement; can you help me understand why?,billing,86
Why does my recent invoice have fees that I don’t recognize?,billing,60
Can I get a detailed breakdown of my latest bill?,billing,49
I didn’t expect my subscription to cost this much—what’s going on?,billing,66
I was billed for a service I didn’t even use this month. What can I do about that?,billing,82
"I’d like to clarify a couple of charges on my invoice, can you assist me?",billing,73
My last payment didn’t go through. Can you tell me what happened?,billing,65
I believe I was charged for a service I canceled—how do I dispute that?,billing,71
Why am I being charged for two subscriptions when I only signed up for one?,billing,75
Could you explain why my bill is higher than last month’s? This doesn’t make sense to me.,billing,89
Is there a way to get a refund for an incorrect charge?,billing,55
"I’ve been overcharged two months in a row now, and I’d like to resolve it.",billing,74
Can you help me with understanding the late fee on my account? It seems excessive.,billing,82
I have questions about the transaction fees on my latest invoice; they seem a bit high.,billing,87
I want to know the reason behind the increase in my service costs this billing cycle.,billing,85
What’s the process for disputing charges on my account? I think something’s not right.,billing,86
Why did I receive an invoice for a subscription I thought I canceled?,billing,69
I need to know if my payment went through because my account shows overdue. Help!,billing,81
"I want to make sure my billing information is up to date, can you guide me?",billing,75
"I was told I could get a discount, but my bill shows the full price—what’s the deal?",billing,84
Can you send me a copy of my invoice? I can’t find it anywhere.,billing,63
I keep getting charged for an add-on I didn’t authorize. Can you look into this?,billing,80
"My friend referred me to a promo, but I didn’t see a discount on my latest bill—what gives?",billing,91
Can I get a summary of all my payments for this year? I need to check my records.,billing,81
"I’ve been trying to figure out why my subscription was paused, and it’s showing a billing issue.",billing,96
I don't understand why my latest bill is so high compared to last month.,billing,72
Could you help me clarify what this extra charge on my invoice is for?,billing,70
I noticed an unauthorized charge on my account. Can you assist me with that?,billing,76
Is there a way to get a breakdown of my recent charges?,billing,55
"My subscription is supposed to be $10 a month, but I was billed $20. What's going on?",billing,85
"I received an email about a price increase, but I didn't see any details. Can you explain?",billing,90
Can I please have a receipt for my recent payment?,billing,50
I was charged for a service I didn't use. Can I get that refunded?,billing,66
Why do I see two different amounts on my invoice?,billing,49
I keep getting charged for an old subscription I thought I canceled. Help!,billing,74
I'm confused about the recurring charges on my credit card for this service.,billing,76
Could you let me know if there are any additional fees I should be aware of?,billing,76
"I'm really frustrated because I was promised a discount, but my bill doesn't reflect that.",billing,90
My bill came with several unexpected charges. Can you break them down for me?,billing,77
I just realized I was billed for two months instead of one. Can you fix this?,billing,77
I need to dispute a charge that's on my recent statement. What should I do?,billing,75
Do you offer any grace period for billing errors?,billing,49
I think I might have been overcharged on my latest invoice. Can we look into it?,billing,80
Can you explain the charges applied for my last payment?,billing,56
"I tried to pay my bill, but the transaction didn't go through. Can you help?",billing,76
Could you check if my payment went through last week?,billing,53
I’d like to know what options I have if I can’t pay my bill this month.,billing,71
"I received a notification about an upcoming charge, but I'm unsure what it's for.",billing,81
Do you have a detailed invoice showing all my past payments?,billing,60
Why is there a late fee on my account?,billing,38
I noticed an extra charge on my credit card this month. Can you help me with that?,billing,82
My most recent bill has some unexpected fees. What are they for?,billing,64
Could you clarify why my subscription cost changed this month?,billing,62
I was promised a discount but my invoice doesn't reflect that. What happened?,billing,77
I keep getting charged for a service I thought I canceled. Can you check this for me?,billing,85
I would like to understand the charges on my recent invoice better. It's confusing!,billing,83
Can you help me find out why I received two bills for the same period?,billing,70
I need assistance with my billing statement. It's showing a balance that I don't recognize.,billing,91
Can I get a breakdown of what I'm being billed for this month? I’m lost.,billing,72
My credit card was charged incorrectly. I need to address this issue ASAP!,billing,74
Why did my monthly fee go up without notice? It doesn't seem right.,billing,67
There’s a fee on my invoice that I don’t understand. Please explain it to me.,billing,77
I want to know if my last payment was applied correctly. It seems off.,billing,70
Can you send me a copy of my last invoice? I can't find it.,billing,59
I just received a notification about an increase in my subscription price. Can you give me more details?,billing,104
Why does my invoice have a late fee when I paid on time? That's frustrating!,billing,76
I disputed a charge a month ago and haven't heard back. What’s the status?,billing,74
How do I update my payment method for my subscription? It's out of date.,billing,72
My invoice is missing some charges that I expected to see. Can you verify this?,billing,79
I was billed for a service I never used. Can we sort this out?,billing,62
I want to verify if there are any hidden fees in my current plan. I don’t want surprises.,billing,89
I believe I was charged for a service I thought was free. Can you explain?,billing,74
I requested a refund but I haven't seen it processed yet. What's going on?,billing,74
My invoice has a mistake on it. I need it corrected as soon as possible.,billing,72
Can you explain why my payment didn't go through this time? I don’t understand what happened.,billing,93
I noticed an unexpected charge on my account. Can you help me figure out what it's for?,billing,87
"I received my bill, and it seems higher than usual. What's going on?",billing,68
Could you please break down the charges on my latest invoice? I'm a bit confused.,billing,81
Why is there a late fee on my account? I thought I paid on time.,billing,64
Can you clarify the new billing cycle and how my subscription fees are calculated?,billing,82
I was billed for a service I didn’t use this month. Can I dispute that?,billing,71
There seems to be an error in my last payment amount. Can you check that for me?,billing,80
I’d like to understand why my subscription cost changed. Can you explain?,billing,73
"I tried to make a payment, but it didn’t go through. What should I do next?",billing,75
How often do you process invoices? I want to keep track of my payments better.,billing,78
"I requested a refund for my last charge, but I haven’t seen it yet. Where’s my money?",billing,85
Can I set up automatic payments for my subscription? I want to avoid missing a bill.,billing,84
"My payment didn’t go through, and now my account is suspended. Can you reinstate it?",billing,84
I accidentally paid the wrong amount. How can I correct that?,billing,61
Could you send me a detailed invoice for my last payment? I need it for my records.,billing,83
I see a charge for a service I didn’t sign up for. Can you look into that?,billing,74
Is there a way to dispute a transaction on my account? I think I was overcharged.,billing,81
I was just charged for a renewal I didn't want. Can you assist me with this?,billing,76
I need to know the due date for my next bill. I don’t want to incur late fees.,billing,78
"Why did my payment get declined? I checked my balance, and it should be fine.",billing,77
"I’m frustrated because my subscription was supposed to include certain features, but I’m being charged separately.",billing,114
Can I change my payment method? The one I used last month isn’t working now.,billing,76
"I forgot to cancel my subscription in time, and I was billed again. Can you help me with this?",billing,94
How do your billing cycles work? I want to make sure I’m paying on time each month.,billing,83
I noticed an extra charge on my last bill; can you help me figure this out?,billing,75
Could you explain why my monthly subscription fee went up this time?,billing,68
"I was expecting a lower amount based on our agreement, but my invoice is higher. What happened?",billing,95
Can I get some clarification on my recent invoice? It doesn't look right to me.,billing,79
I accidentally paid my bill twice; how can I get a refund for one of those transactions?,billing,88
Why did my payment go through twice this month? I’m really confused.,billing,68
My latest charge was higher than usual. Is there something I missed?,billing,68
I’m not sure why I have a late fee on my account; I paid on time.,billing,65
Can you break down the charges on my last invoice? It's not clear to me.,billing,72
I’d like to dispute a charge that I believe was incorrect. Who can I talk to about this?,billing,88
"I received an email saying my payment failed, but I was charged anyway. What gives?",billing,83
I’m trying to understand the pricing for my subscription. It seems different than before.,billing,89
Why was I charged for services I didn’t use this month?,billing,55
I’m seeing some unexpected fees on my invoice; can you explain what they are?,billing,77
How do I know if my payment has been processed for this month?,billing,62
I think there might be a mistake on my latest invoice; it looks way off.,billing,72
I’d like to know if there’s a way to lower my monthly bill without switching plans.,billing,83
Can you help me figure out why my account balance is higher than I expected?,billing,76
I need help with my payment history; it's all a bit jumbled.,billing,60
"I changed my plan last month, but my invoice still reflects the old pricing. What's going on?",billing,93
"My credit card was charged today, but I thought I had already paid for this period.",billing,83
Is there a reason my account was charged a fee for something I wasn't notified about?,billing,85
I really need to understand why my subscription costs seem to fluctuate each month.,billing,83
I'd like to confirm if my last payment went through successfully; I can't find the receipt.,billing,91
Could you assist me with a refund for an item that was incorrectly billed on my account?,billing,88
"I noticed an extra charge on my account this month, can you help me figure out why?",billing,83
My recent payment confirmation shows a different amount than I expected. What gives?,billing,84
I think I was billed for a service I didn't use. Can you look into that for me?,billing,79
Is there a reason why my subscription fee went up unexpectedly?,billing,63
I need clarification on some charges from my last invoice; they seem off.,billing,73
I'm really frustrated because I haven't received my refund yet. Can you check the status?,billing,89
Could you explain the additional service charge on my last bill? It wasn't clear to me.,billing,87
I was charged for two months of service but I only signed up for one. What's going on?,billing,86
Can you send me a detailed breakdown of my latest invoice? I'm confused about the charges.,billing,90
I would like to dispute a charge that I believe is incorrect. What steps should I take?,billing,87
Why did I receive a late fee when I paid my bill on time?,billing,57
Can you break down what my current billing statement means? It's hard to understand.,billing,84
I’ve been double billed for the past three months! This is unacceptable.,billing,72
Are there any additional fees I should be aware of for my subscription?,billing,71
I just wanted to confirm that my last payment went through. I haven't seen a confirmation.,billing,90
"I don't remember signing up for this premium service, but I'm being billed for it.",billing,82
What's the policy on refunds for overcharges? I'm hoping to get my money back.,billing,78
Can I speak to someone about a recent billing error? I need it sorted out ASAP.,billing,79
"I was told my subscription would be $9.99, but I was charged $14.99. Why the difference?",billing,88
"I’m trying to budget, and I didn’t expect my bill to be this high. Can someone explain why?",billing,91
"I received an invoice with a charge I didn't authorize, and I need to resolve it quickly.",billing,89
"My last bill was way higher than usual, and I can't figure out why. Can you help?",billing,81
"I thought I canceled my subscription, but I was still charged this month. Can you check that for me?",billing,100
Can you explain how my billing cycle works? I'm not sure when I'm supposed to pay.,billing,82
I’d like to request a copy of my previous invoices. Are they available online?,billing,78
I noticed an error on my latest bill. Can someone help me with that?,billing,68
Why was there an extra charge on my credit card this month?,billing,59
I’m confused about the charges on my invoice. Can you clarify them for me?,billing,74
Could you please explain why my subscription cost has gone up?,billing,62
I think I was billed for a service I didn't use. Can I get a detailed breakdown?,billing,80
My last invoice doesn’t match what I expected. What’s going on?,billing,63
"I was under the impression that my plan included unlimited data, but my bill suggests otherwise.",billing,96
Can you check if my payment went through? I’m not seeing confirmation.,billing,70
I’d like to dispute a charge from last month. Who can I talk to about this?,billing,75
Is it normal for my billing amount to fluctuate like this? It's quite frustrating.,billing,82
"I paid my bill on time, but I’m still getting a late fee. Can you help?",billing,71
I’m trying to understand the additional tax charges on my invoice.,billing,66
Could you send me a copy of my most recent bill? I can't find it.,billing,65
My automatic payment didn't go through this month. What should I do?,billing,68
I feel like I’ve been overcharged this month. Can we look into it together?,billing,75
When will I see the refund for the duplicate payment I made?,billing,60
There’s a charge on my account that I didn’t authorize. Can you look into it?,billing,77
I need clarification on my billing cycle. When is the next payment due?,billing,71
I’d like to know how to update my payment method for future bills.,billing,66
I’m really confused about the pricing structure. Can someone explain it to me?,billing,78
Why didn’t I receive a bill this month? I’m worried I missed a payment.,billing,71
I’m seeing a charge for a service I canceled. How can I fix this?,billing,65
Can you help me understand why there are so many fees on my statement?,billing,70
I’d appreciate it if someone could walk me through my recent charges.,billing,69
Please let me know if my account is up to date on payments; I don't want to incur a late fee.,billing,93
I noticed a discrepancy in my most recent bill; can you help me understand it?,billing,78
Why is my subscription fee higher than last month?,billing,50
I was expecting a different amount on my invoice; can you clarify this for me?,billing,78
My credit card was charged for something I didn't authorize. Can you look into this?,billing,84
Is there a way to lower my monthly payment? It feels a bit high right now.,billing,74
I was charged for an extra service I didn't use; how can I get that resolved?,billing,77
Can you explain the charges for this month? It seems more complicated than usual.,billing,81
I think I was double-billed this month. What should I do next?,billing,62
I don’t understand the additional fees on my invoice. Can you break them down for me?,billing,85
I’d like to know when I can expect my refund to process.,billing,56
Could you please send me a detailed statement of my account for this billing cycle?,billing,83
I’m confused about a charge that says it’s from last year; was this a mistake?,billing,78
How can I update my payment method? My old one is no longer valid.,billing,66
"I received a reminder about my bill, but I already made the payment. Can you check that?",billing,88
"I was promised a discount, but it doesn’t appear on my invoice. Can you fix that?",billing,81
I want to dispute a charge that I don’t recognize on my account; who do I talk to?,billing,82
I'm having trouble accessing my invoice online. Can you send it to my email?,billing,76
"My last payment didn’t go through, and I want to know why.",billing,58
I've been charged for a service I thought was free. Can you clarify that for me?,billing,80
I’d like to know the exact date my subscription renews so I can plan ahead.,billing,75
My bill seems to have a late fee that I don’t understand; can you help?,billing,71
I’m really frustrated about being billed for something I returned. Can we sort this out?,billing,88
Can you tell me if there are any hidden fees I should be aware of?,billing,66
I’d like to dispute a charge that appears to be incorrect on my account. What’s the process?,billing,92
Why did my account get charged for a service I canceled?,billing,56
"I didn't receive a copy of my latest bill, can you send it to me?",billing,65
I noticed an extra charge on my account from last week. What is this for?,billing,73
Can you explain why my subscription cost has gone up?,billing,53
"I was supposed to be on a promotional rate, but my latest invoice doesn't reflect that.",billing,87
I need help understanding the fees listed on my invoice; they seem unusual.,billing,75
I got charged for a service I didn’t use. Can you look into this?,billing,65
Is there a way to set up payment reminders for my upcoming bills?,billing,65
"My last payment hasn’t been processed yet, and I'm worried about it.",billing,68
I'm trying to figure out my billing cycle; can you clarify when I’m charged each month?,billing,87
I’ve just noticed that my account was charged for a service I don't recognize.,billing,78
Why am I seeing a late fee on my account? I thought I paid on time.,billing,67
I don't understand why my refund hasn't been issued yet. Can you check on this?,billing,79
Could you break down the charges on my last invoice? It’s really confusing.,billing,75
"I was told my billing would be auto-renewed, but I'm not sure if that happened.",billing,79
Can I get a detailed explanation of my recent bill? Some items don’t add up.,billing,76
"I’m frustrated because I was promised a lower rate, but it looks like I’m being charged more.",billing,93
Do you have any options for managing my billing or payment plans?,billing,65
Is there a way to dispute a charge on my account? It doesn't seem right.,billing,72
I’m unsure about a few charges on my invoice; could you assist me with that?,billing,76
I need a refund for an incorrect charge made last month. How do I proceed?,billing,74
Can you confirm the amount due for my next billing cycle? I want to make sure I’m prepared.,billing,91
"I thought I opted out of a service, but I’m still being billed for it.",billing,70
My invoice has a charge I don’t recognize. Can you explain it?,billing,62
I want to change my billing date; is that possible?,billing,51
How can I update my payment method for future invoices?,billing,55
I noticed a discrepancy in my billing statement. Can you help me figure it out?,billing,79
Why was my account charged a late fee this month when my payment was on time?,billing,77
The invoice I received doesn’t match what I expected. Can I get this clarified?,billing,79
I think I was billed for a service I didn’t use. Can you check that for me?,billing,75
I’m confused about the additional charges on my recent bill. What are they for?,billing,79
I saw that my subscription price changed unexpectedly. Can you explain why?,billing,75
Help! I was charged for a service I cancelled last month.,billing,57
I don’t understand the charges on my credit card this month; could you help me break them down?,billing,95
Could you send me a copy of my last invoice? I can’t find it anywhere.,billing,70
Can you explain how my monthly fee is calculated? It seems higher than I recall.,billing,80
I was promised a discount that doesn’t reflect in my bill. What’s going on?,billing,75
Can you assist me with a refund I requested weeks ago that hasn’t been processed?,billing,81
I’m worried about the new charges on my account. Can you tell me if they’re correct?,billing,84
This month’s bill has a charge I didn’t authorize. What should I do next?,billing,73
I just want to confirm if my payment went through; I don’t want to be late again.,billing,81
"My invoice is overdue, but I’ve already paid. Can we resolve this issue?",billing,72
Why does my bill show different amounts compared to last month’s? I need clarity.,billing,81
I need assistance updating my billing information; it’s currently incorrect.,billing,76
Can I get a detailed breakdown of my last month’s charges?,billing,58
"I was told my subscription would not change in price, but I see an increase. Can you explain?",billing,93
I’m really frustrated; my bill seems inflated and I need it addressed now.,billing,74
I just got charged for a service I thought was free. Can you help me with that?,billing,79
What steps do I take if I want to dispute a charge on my account?,billing,65
I’d like to know the deadline for making changes to my billing before the next charge.,billing,86
Can you help me understand why there’s an additional fee on my invoice this month?,billing,82
I noticed an extra charge on my last statement. Can you explain it to me?,billing,73
Could you help me understand my recent invoice? I'm seeing some fees I didn't expect.,billing,85
"Hey, I think I was billed incorrectly this month. Can you look into it?",billing,71
Why is there a late fee on my account? I paid my bill on time.,billing,62
"I was promised a discount, but my bill doesn’t show it. What happened?",billing,70
Can I get a breakdown of all the charges on my latest invoice? I’m a bit confused.,billing,82
I’m really upset! I was charged for a subscription I thought I canceled.,billing,72
Can you please check if my payment went through? I don't see it reflected in my account.,billing,88
I didn’t realize my subscription price would go up. Can you clarify that for me?,billing,80
Is there a way to dispute a charge? I don't recognize one on my statement.,billing,74
I received a refund confirmation but still haven't seen the money in my account.,billing,80
What’s the policy for billing disputes? I need to challenge a recent charge.,billing,76
Can you explain the new fees added to my account this month? I’m confused.,billing,74
I think I was charged for a service I never used. How do I address that?,billing,72
"I tried to cancel my subscription, but I still got billed. What do I do now?",billing,76
I'm trying to understand why my invoice is higher than usual this month. Can you help?,billing,86
I was charged for two months but only used the service for one. What's going on?,billing,80
I need clarification on some charges. Can someone assist me with my billing questions?,billing,86
I’d like to know if there are any current discounts or promotions that apply to my bill.,billing,88
Can you give me more information on how monthly subscriptions are billed?,billing,73
What happens if I miss a payment? I want to avoid any penalties.,billing,64
"I need to change my payment method, but I’m worried about my next billing cycle.",billing,80
Could you tell me when my next billing date is? I want to be prepared.,billing,70
I think I've been overcharged for my last purchase. Can you help me sort this out?,billing,82
Is there a way to get a copy of my past invoices? I need them for my records.,billing,77
I noticed an unexpected charge on my account. Can you help me figure out what it is?,billing,84
"I received my invoice today, but the total seems higher than what I expected. Can you clarify?",billing,94
I think I was billed for a service I didn’t use. Can you look into that for me?,billing,79
My last month's payment wasn’t processed correctly. What should I do next?,billing,74
Could you explain the recent charge on my credit card? It wasn’t in my plan.,billing,76
"I was promised a discount, but my bill didn’t reflect it. Can you assist?",billing,73
Why is my subscription fee higher this month than last month?,billing,61
"I attempted to pay my invoice, but it didn't go through. Can you help me resolve this?",billing,86
There's a recurring payment that I didn't authorize. How can I stop that?,billing,73
Can you provide a breakdown of my recent bill? I’d like to understand the charges.,billing,82
I'm really confused about my billing cycle. Can you explain it to me?,billing,69
Can I dispute a charge that I believe is incorrect on my latest invoice?,billing,72
Why was I charged in advance for my subscription? I thought it was monthly.,billing,75
I need clarification on my account balance—I think there’s an error.,billing,68
I didn’t receive a receipt for my last payment. Can you send it to me?,billing,70
I noticed a late fee on my account. Can you tell me why I was charged?,billing,70
I was charged for a service I didn’t subscribe to. When can I get a refund?,billing,75
My account was billed incorrectly for three months in a row. This needs urgent attention.,billing,89
Is there a way to get a refund for an overpayment from last month?,billing,66
I have a question about my subscription price. Why does it differ from what I signed up for?,billing,92
Can you help me understand why I was billed for things I didn't order?,billing,70
"I have an invoice that looks off, can you double-check it for me?",billing,65
"I'm disappointed with the billing process. My credits weren't applied properly, and I’d like assistance.",billing,104
I need support regarding my billing history—it seems inconsistent. Can you investigate?,billing,87
What's the policy on refunds for overcharges? I could really use some help with this.,billing,85
I noticed an extra charge on my bill this month. Can you help me figure out what it is?,billing,87
Why is my subscription cost different this month compared to last month?,billing,72
I'm confused about the charges on my last invoice. Can you break them down for me?,billing,82
I was expecting a lower amount on my bill. Can you check if there's been a mistake?,billing,83
Could you explain why there's a late fee on my account? I thought I paid on time.,billing,81
"I barely used the service this month, but my bill seems higher than usual. What's going on?",billing,91
Can you tell me how to get a refund for incorrect charges on my account?,billing,72
I was charged for a service I didn't use. Can I dispute that charge?,billing,68
My bill has a few charges for things I didn't subscribe to. Can you look into that?,billing,83
I see a payment pending on my account. When will it be processed?,billing,65
There's a discrepancy in my billing history. How can I get that sorted out?,billing,75
Why did I receive two invoices for the same period? Is that usual?,billing,66
I just got my bill and it's way higher than I expected. What happened?,billing,70
"I signed up for a promotion, but my latest invoice doesn’t reflect that discount. Can you help?",billing,95
"I got charged for an additional month, but I canceled before the billing cycle started. What's up with that?",billing,108
Can I see a detailed report of my charges for the last quarter? I'm trying to review my expenses.,billing,97
I'm trying to understand my bill better—can someone walk me through it?,billing,71
There's a recurring payment that I can't recall authorizing. Can you check that for me?,billing,87
Why is my yearly subscription being billed monthly now? I preferred the annual plan.,billing,84
I noticed that my last payment didn’t go through. Can you advise on what to do next?,billing,84
I'm having difficulty accessing my billing statements online. Can you help me retrieve them?,billing,92
"My account balance is showing as negative, which doesn't make sense to me. Can you clarify?",billing,91
Can you verify if I’m still eligible for a refund for the overcharge last month?,billing,80
"I need to change my payment method, but I’m not sure how to do that on your site. Can you guide me?",billing,99
I don’t understand why there’s an extra charge on my latest bill.,billing,65
Can you explain the fees I’m seeing on my invoice this month?,billing,61
I was expecting a lower amount on my statement. Can you help me figure this out?,billing,80
It seems like my payment didn’t go through. What could be the issue?,billing,68
I noticed a discrepancy between the quoted price and my invoice. Can you clarify?,billing,81
"Hey, I checked my account and it looks like I’ve been double charged this month. What happened?",billing,95
I thought my subscription cost was fixed. Why did it go up?,billing,59
Can you send me a detailed breakdown of my latest bill? I’m a bit confused.,billing,75
I would like to dispute a charge that appears on my last invoice. What steps do I take?,billing,87
Is there a way to see all my past invoices easily? I need to check a previous charge.,billing,85
I’ve been overcharged for my service. How can I get that corrected?,billing,67
Could you let me know when my next payment is due? I want to make sure I don’t miss it.,billing,87
Why was there a late fee applied to my account? I thought I paid on time.,billing,73
I’m really frustrated because my account was charged incorrectly. Can I get help with this?,billing,91
Can I get a refund for the extra charges on my bill last month?,billing,63
My monthly fee doesn’t match the one I agreed to when I signed up. What’s going on?,billing,83
I need clarification about the new billing cycle. When does it start?,billing,69
Why did my invoice look different this month? Is there something new in the pricing structure?,billing,94
Can you help me understand the charges listed under ‘other fees’ on my bill?,billing,76
I’m seeing some charges I don’t recognize. Can you help me identify them?,billing,73
I need assistance with updating my payment method. How do I go about that?,billing,74
"I was told my plan includes certain features, but they’re not reflected in my billing. Can you explain?",billing,103
I’ve noticed my subscription fee changed unexpectedly. I’d like to know why.,billing,76
"I noticed an unexpected charge on my credit card this month, can you help me understand it?",billing,91
Why did my subscription price go up? I wasn’t notified!,billing,55
I just received my invoice and it doesn’t match what I agreed to. Can you check that for me?,billing,92
I was billed for an extra service I never signed up for. Please look into this!,billing,79
Can you provide a breakdown of my latest bill? I want to ensure everything is correct.,billing,86
"I tried to make a payment, but it says my card is invalid. What's going on?",billing,75
I think I was charged incorrectly on my last invoice. Can we rectify this?,billing,74
Is there a way to see my billing history? I need to review some past charges.,billing,77
"My payment didn’t go through last month, but I didn’t receive any alerts. Why is that?",billing,86
I’m confused about the fees listed on my invoice. Can someone explain them to me?,billing,81
Can you tell me when I can expect my refund to process? It’s been a while.,billing,74
I was charged for a service I canceled weeks ago. This needs to be fixed immediately.,billing,85
What’s the policy on refunds if I find a charge I don’t recognize?,billing,66
I’m not sure what the recurring charges on my account are for. Can you clarify?,billing,79
"I received two invoices for the same month, can you tell me why?",billing,64
Do you have any promotions that could lower my current subscription cost?,billing,73
"I was promised a discount for signing up, but my current bill doesn’t reflect that.",billing,83
How can I dispute a charge I don’t agree with? There’s no explanation on my invoice.,billing,84
I need help understanding why my last bill has so many additional charges.,billing,74
My subscription was set to renew at a different price. Why was I charged more?,billing,78
I accidentally paid for my subscription twice this month; can I get a refund for one of those payments?,billing,103
Can you help me with the billing address on my account? It’s outdated.,billing,70
I’d like to escalate my billing issue; this has been frustrating. Can you connect me with a manager?,billing,100
What is the grace period for late payments on subscriptions?,billing,60
I noticed an extra charge on my bill this month. Can you help me figure out what that is?,billing,89
Could you explain why my last invoice is higher than usual? It doesn’t make sense to me.,billing,88
I really need help with my payment history. It looks like I was billed incorrectly.,billing,83
What’s up with the charges on my account? They seem way off from what I expected.,billing,81
I’m seeing a recurring charge I didn’t authorize. How can we resolve this?,billing,74
"My subscription was supposed to be $15, but I was charged $20. What gives?",billing,74
Is there a specific reason my bill went up this time? I’d like to understand it better.,billing,87
"I tried to process a refund for my last payment, but it hasn’t gone through. Can you check on that?",billing,99
"I swear I paid my last bill, but now it shows as unpaid. What’s going on?",billing,73
Can you break down the costs on my latest invoice? I'm confused about some of the charges.,billing,90
I accidentally paid for my subscription twice this month and need assistance getting my money back.,billing,99
Why was my credit card charged twice for the same service? This doesn’t seem right.,billing,83
"I received a notice about an overdue payment, but I thought I was all paid up. Can we sort this out?",billing,100
My bill has so many line items. Is there a simpler way to understand these charges?,billing,83
I’m really frustrated because my account balance doesn’t match what’s on my invoice. Can you clarify?,billing,101
"I recently changed my payment method, but I think I still got charged for the old one. Can we fix this?",billing,103
How can I access my past invoices? I need to check something from a few months ago.,billing,83
There’s an item on my bill that I don’t recognize. Can you help identify it?,billing,76
I’d like to dispute a charge I see on my statement. What’s the process for that?,billing,80
I want to know why my subscription went up without any notification. This isn’t fair.,billing,85
Can you confirm the billing cycle for my account? I want to make sure I’m not missing any payments.,billing,99
"I’ve been overcharged for several months, and I’d like to discuss this issue further.",billing,85
"As much as I loved the service, I wasn’t expecting my bill to be so high. Can someone assist me with this?",billing,106
"I believe I should qualify for a discount, but I'm not seeing it reflected in my invoice. What should I do?",billing,107
I keep getting a null pointer exception whenever I try to save my changes.,technical,74
The app won’t open at all on my phone. What’s going on?,technical,55
Why does the screen freeze every time I try to upload a file?,technical,61
"I thought the update would fix the bugs, but now the app crashes even more.",technical,75
Can you help? I'm unable to access the settings page—it just loads and loads.,technical,77
"The search function isn't returning any results, even for items I know are there.",technical,81
I’m really frustrated—the notifications just stopped working out of nowhere.,technical,76
"Every time I try to generate a report, I get a blank page. Help!",technical,64
"I just downloaded the latest version, and now the app keeps stalling.",technical,69
It seems like the chat feature isn’t working properly; messages are getting delayed.,technical,84
My dashboard isn’t loading correctly; it keeps showing an error message.,technical,72
Is there a problem with your servers? The app is super slow today.,technical,66
"When I try to connect my account, it throws a message that says 'invalid credentials'.",technical,86
I noticed that the image upload feature has been glitchy since the last update.,technical,79
I can't select any items in my cart; it's like they’re unclickable.,technical,67
"The app crashed right in the middle of my task, and now it won't reopen.",technical,72
I keep getting a 'service unavailable' message when I try to refresh the page.,technical,78
Can someone explain why the app is not syncing with my device? It’s been hours!,technical,79
"I thought I fixed the bug, but it just reappeared after I restarted the app.",technical,76
My bookmarks disappeared after the latest update. Where did they go?,technical,68
It's been impossible to connect to the support chat; is there a glitch?,technical,71
I’m getting a weird audio error when I try to play videos in the app.,technical,69
The font on the website is all messed up; it’s hard to read anything.,technical,69
"I tried reinstalling the app, but the same error keeps showing up.",technical,66
My browser keeps crashing when I use your platform. What’s the issue?,technical,69
The screen freezes every time I try to upload a file.,technical,53
I keep getting an error message when I attempt to save my changes.,technical,66
The app won’t open at all; it just crashes when I click on it.,technical,62
I noticed the search function isn’t returning any results since the last update.,technical,80
"Every time I try to add an item to my cart, nothing happens. It’s really frustrating!",technical,85
"The notifications aren’t working, and I’m missing important updates.",technical,68
I’m experiencing lag when navigating the settings menu; it’s really slow.,technical,73
The feature you promised doesn’t seem to be available in my version.,technical,68
"I can access the site, but none of the images are loading on the homepage.",technical,74
Why does the chat window keep closing unexpectedly? It’s super annoying.,technical,72
"I’ve cleared my cache, but I’m still getting a blank screen after logging in.",technical,77
The latest app version is so buggy; I wish I could roll back to the previous one.,technical,81
"It’s impossible to edit my profile; every time I try, it just doesn’t respond.",technical,78
I'm getting a pop-up that says 'unexpected error' whenever I try to run the report.,technical,83
The audio feature has stopped working altogether. I can’t hear anything!,technical,72
I keep getting kicked out of my account; it’s really starting to get on my nerves.,technical,82
I can’t seem to find the export option anymore; has it been removed?,technical,68
The mobile version is displaying everything all jumbled up; it’s like a glitch.,technical,79
The app just hangs when I try to access my messages; it’s unusable at this point.,technical,81
What’s going on with the payment page? It keeps crashing every time I try to pay.,technical,81
The sync feature is acting up; my data isn’t transferring properly between devices.,technical,83
I can’t even get past the loading screen. Help me fix this!,technical,59
"The website was working fine yesterday, but now it’s super slow.",technical,64
"I tried reinstalling the app, but I’m still facing the same issues.",technical,67
The layout on the mobile app seems broken; elements are overlapping.,technical,68
The links in the email aren’t directing me to the correct page. What’s up with that?,technical,84
The software freezes every time I try to upload a file.,technical,55
I can't seem to access my profile settings; the page just won't load.,technical,69
The app crashes whenever I try to switch to dark mode. This is really frustrating!,technical,82
I'm getting a timeout error when trying to sync my data. What's going on?,technical,73
The search function is completely unresponsive; I need to find something urgently!,technical,82
"Whenever I attempt to save my changes, an error pops up preventing me from proceeding.",technical,86
The notifications aren't working properly and I keep missing important updates.,technical,79
It seems the live chat feature is down. How can I get help?,technical,59
My dashboard is missing several key features that used to be there. Been like this for days!,technical,92
There’s a constant lag when I’m using the reporting tool. Makes it hard to get my work done!,technical,92
I’m running into a problem where I can't delete my old files; it just hangs and doesn’t respond.,technical,96
The app won’t let me log out; I’ve tried everything and I’m stuck.,technical,66
Why is the video player not functioning? It won’t load any of my content!,technical,73
I keep getting a 'not found' message when I try to access my saved items. What’s up with that?,technical,94
"The update just installed, and now the app won’t start at all. Help!",technical,68
"Every time I try to print a document, the application crashes. This is getting ridiculous!",technical,90
The interface is super slow today; it's taking forever to load anything.,technical,72
I'm unable to edit my photos because the editing tool keeps crashing. This is annoying!,technical,87
The import feature isn't working as expected; it just won’t recognize any files.,technical,80
The page layout looks all messed up after the last update. Can you fix this?,technical,76
Trying to add new users but keep hitting an error message each time.,technical,68
"My notifications keep duplicating, and it's cluttering my feed. Can you check that?",technical,83
The app keeps logging me out unexpectedly. It's really inconvenient!,technical,68
I can't find the help section; it's like it vanished from the interface!,technical,72
The charts and graphs are displaying incorrect data. Something needs to be addressed.,technical,85
The app crashes every time I try to save my changes.,technical,52
I'm unable to access my files because the upload function isn't working.,technical,72
Why is the screen freezing when I try to refresh the page?,technical,58
I keep getting an error message when I try to open the reports section.,technical,71
The search feature seems to be broken; it doesn’t return any results.,technical,69
I’m really frustrated! The app keeps timing out on me.,technical,54
"Can you help me? The notifications won’t clear, and it’s annoying.",technical,66
The software is so sluggish today; I can barely get anything done.,technical,66
"I tried to change my password, but it just says 'error' without explanation.",technical,76
"Every time I try to print, I get a 'failed to connect' message.",technical,63
It looks like the calendar feature is not syncing properly; events are missing.,technical,79
I keep encountering a blue screen when I attempt to load the dashboard.,technical,71
Why does the app keep crashing right after I log in? It’s really frustrating!,technical,77
The data export function fails every time I hit 'submit'.,technical,57
I’ve been stuck on the loading screen for over five minutes now.,technical,64
I need assistance; the app won’t let me create new tasks.,technical,57
The mobile version is not responding; I can’t navigate through it.,technical,66
"Every time I click on settings, it takes forever to load.",technical,57
"I thought the bug was fixed, but I’m still seeing the same issue.",technical,65
It’s really annoying that I can’t access my account; the page keeps saying 'loading'.,technical,85
The video playback is choppy and keeps stopping; what’s going on?,technical,65
Could you look into why the chat feature is not allowing me to send messages?,technical,77
The application crashes unexpectedly when I try to log out.,technical,59
I’m receiving a weird error code when I try to update my profile.,technical,65
The feature that tracks my activity isn’t functioning at all today.,technical,67
"The video playback feature keeps freezing, and it's really frustrating.",technical,71
I can't seem to upload any files; the button just doesn't work for me.,technical,70
"Every time I try to refresh the page, I get a 'page not found' error.",technical,69
"This bug has been causing issues, and it's making my work really difficult.",technical,75
"I just tried to save my progress, but the app froze and I lost everything.",technical,74
Why does the app keep logging me out? It's happening way too often!,technical,67
"The search function is not returning any results, even for common queries.",technical,74
I'm facing a persistent error message when I try to update my settings.,technical,71
Can someone please fix the notifications? They haven't been working for days!,technical,77
I'm experiencing random crashes while using the app on my phone.,technical,64
"I’ve tried everything, but the charts won’t load. Super annoying!",technical,65
I see an error message whenever I click on the help section; what's going on?,technical,77
"The synchronization feature is acting up, and it's not syncing my data.",technical,71
I keep getting an 'unknown error' when trying to access the reports section.,technical,76
The app is so slow today; it takes forever for anything to load.,technical,64
I can't edit my profile because the save button is grayed out.,technical,62
"I thought the update would fix the issues, but things are worse now.",technical,68
There’s a glitch where the app doesn’t recognize my login credentials.,technical,70
I'm having trouble with the download feature; it says 'file not found'.,technical,71
The interface is lagging so badly that it's nearly impossible to use.,technical,69
Why is the export function not working? I've tried multiple times!,technical,66
I'm getting weird formatting issues when I try to print my documents.,technical,69
The map feature keeps showing an error; it's useless right now.,technical,63
"My dashboard keeps refreshing itself, and it's driving me nuts!",technical,63
The app just crashed when I tried to share a document. So frustrating!,technical,70
I can't seem to access certain features today; they appear to be missing!,technical,73
"I can't seem to open the app, it just freezes every time.",technical,57
The report generation tool isn't working. I keep getting an error message.,technical,74
"My notifications aren't showing up, which is really frustrating.",technical,64
Why is the website loading so slowly today? It's taking forever!,technical,64
"I've been trying to upload a file, but it keeps failing. What’s going on?",technical,73
The search function is not retrieving any results. Can you help?,technical,64
"Every time I try to save my changes, I get a 'failed to save' error. This is really annoying!",technical,93
I think there’s a bug in the new feature you rolled out; it doesn't seem to do anything.,technical,88
"I just updated the app, and now it crashes whenever I try to access settings.",technical,77
The chat feature is acting weird—I'm unable to send messages.,technical,61
"After the last update, my dashboard isn’t displaying any data.",technical,62
I keep getting kicked out of the app unexpectedly. This is really inconvenient!,technical,79
The app runs super slow on my device today. What gives?,technical,55
"I thought the new feature would help, but it’s completely broken right now.",technical,75
"I tried to export my data, but the app shuts down instead!",technical,58
The error message I’m getting says '404 not found' whenever I access my profile.,technical,80
"I’m not receiving any audio notifications, which isn't how it's supposed to work.",technical,81
"Whenever I click on the link, it leads me to a dead page. Can you check it?",technical,75
"The app doesn’t seem to recognize my login credentials, despite them being correct.",technical,83
"My device is overheating while using your app, which is not normal.",technical,67
Why does the screen keep flickering when I’m in the settings menu?,technical,66
I’m having issues syncing my account—nothing updates on my end.,technical,63
The integration with other tools is failing; I can't connect them properly.,technical,75
It seems like the refresh button doesn't respond at all.,technical,56
Why is the app crashing every time I try to pull up my past orders?,technical,67
The app just freezes whenever I try to upload a file.,technical,53
I can't access the settings page; it just keeps loading forever!,technical,64
Something's wrong with the notifications; I'm not receiving any updates.,technical,72
"I've been trying to save my work, but the save function isn't responding.",technical,73
Why is the website so sluggish today? It's really frustrating!,technical,62
"The search feature isn't returning any results, even for common queries.",technical,72
"Every time I try to submit a form, I get an error message.",technical,58
The map feature won't load at all; I'm stuck here!,technical,50
There seems to be a glitch when I try to change my password.,technical,60
The app crashes every time I try to switch to dark mode.,technical,56
Can you look into why the video streaming keeps buffering?,technical,58
I'm getting a weird error message when I attempt to log out.,technical,60
The chat feature is completely unresponsive right now.,technical,54
It's been impossible to refresh my dashboard; nothing happens.,technical,62
I keep getting redirected to an error page when I try to view reports.,technical,70
The font in the app is all messed up; it's hard to read.,technical,56
My profile picture won't upload; it just hangs there.,technical,53
The synchronization with my device is failing constantly.,technical,57
I noticed a bug in the payment processing; it's not working correctly.,technical,70
The import feature seems to be malfunctioning; no files are being added.,technical,72
Is there a reason why the app crashes every time I scroll?,technical,58
The link to the help center is broken; I can't access it.,technical,57
The download button isn’t functioning; I can’t get the file.,technical,60
I'm facing a timeout issue while trying to access your platform.,technical,64
I can't seem to edit my account information; the edit button does nothing.,technical,74
"The app keeps freezing on my phone, it's super annoying.",technical,56
"I'm unable to access some features after the last update, can you help?",technical,71
"Every time I try to save my changes, the app crashes.",technical,53
I keep getting a timeout error when trying to sync my data.,technical,59
"The website won't load for me, just a blank screen.",technical,51
I noticed that the search function isn't returning any results lately.,technical,70
"The notifications aren't working, I'm missing important updates.",technical,64
"My account gets logged out automatically every few minutes, what's going on?",technical,76
The video player isn't responding; I can't play any of my files.,technical,64
"I tried to upload a file, but it says the format isn’t supported.",technical,65
"The chat feature is lagging really badly, it’s frustrating!",technical,59
I keep seeing a '404 Not Found' error when I click on certain links.,technical,68
I can't view any of my saved reports; the page keeps saying 'loading'.,technical,70
There's a glitch in the app where some buttons don’t work at all.,technical,65
"I tried resetting my password, but I still can't log in.",technical,56
The analytics dashboard is showing incorrect data; it doesn’t match my records.,technical,79
I can't seem to find the ‘settings’ option in the menu anymore.,technical,63
"After the last update, my app won't open at all. What should I do?",technical,66
I'm getting a message saying 'service unavailable' when I try to connect.,technical,73
The audio quality on the app has dropped significantly; what happened?,technical,70
"Every time I attempt to export a report, the application crashes.",technical,65
Why does the system keep hanging? I need to get my work done!,technical,61
There’s a persistent error message every time I try to submit a form.,technical,69
I can’t seem to log in to the app on my tablet while it works fine on my phone.,technical,79
The feature to share documents isn't functioning; I keep getting an error.,technical,74
"Whenever I click on the help icon, it just leads me to a blank page.",technical,68
"The app crashes every time I try to upload a file, which is really frustrating.",technical,79
I keep receiving an error message saying 'page not found' when I try to access the settings.,technical,92
Can you please look into why the notifications aren't working? I've missed several important updates.,technical,101
I'm having trouble with the chat feature—it's not letting me send messages.,technical,75
Why does the app freeze whenever I try to open my profile? It's super annoying.,technical,79
The search function isn't returning any results. What gives?,technical,60
"I just tried to export my data, but it keeps failing. Can you help?",technical,67
"Every time I attempt to save my changes, I get a crash notification. This is really bothering me.",technical,97
I clicked on a link and the whole app just shut down. Not cool!,technical,63
The interface is lagging a lot today; it’s taking ages to load anything.,technical,72
I'm experiencing a 404 error on several pages. This needs to be fixed ASAP!,technical,75
Why does the app keep logging me out unexpectedly? It's really inconvenient.,technical,76
The video playback feature is not working on my device—what's wrong?,technical,68
I’m encountering a blank screen after I log in. This is totally unacceptable!,technical,77
The sync feature hasn’t been updating in hours. What can be done?,technical,65
I keep getting an error when trying to submit a form. It's like nothing goes through.,technical,85
The updates you pushed yesterday broke a lot of things. Can you roll them back?,technical,79
I can't access my saved projects; the app keeps saying they're 'unavailable'.,technical,77
The buttons are unresponsive at times—can you check that out?,technical,61
I think there's a bug with the calendar feature; events aren’t showing up.,technical,74
Please address the constant pop-up errors. It’s driving me nuts!,technical,64
The font is displaying weirdly on the app since the last update.,technical,64
"I tried reinstalling the app, but the issues persist. What should I do next?",technical,76
It seems like I can’t edit my profile anymore. The option just isn’t there.,technical,75
I’m having trouble with the app crashing when I try to send feedback. Help!,technical,75
The loading times are insane today—what’s going on with your servers?,technical,69
I can't seem to connect to your server; it keeps timing out.,technical,60
The app freezes every time I try to open the settings menu. Can you help?,technical,73
Why is the search feature returning no results? It used to work fine.,technical,69
I'm experiencing a lot of lag when using the chat function during peak hours.,technical,77
The notifications aren't coming through; I've missed several important updates.,technical,79
"Every time I try to upload a file, I get an error message. This is really frustrating!",technical,86
Is anyone else having issues with the latest update? My screen keeps going blank.,technical,81
The software keeps crashing whenever I try to save my work. Please fix this!,technical,76
I can't access the analytics dashboard; it just shows a loading symbol indefinitely.,technical,84
I keep getting a pop-up saying 'unexpected error' when I try to submit my form.,technical,79
Can you tell me why the live chat feature is down? I really need assistance.,technical,76
"Whenever I try to log out, the app hangs. I've had to force close it multiple times.",technical,84
This is really annoying! The calendar feature is not syncing with my events.,technical,76
My entire screen goes black whenever I click on the 'Help' section. What gives?,technical,79
I'm getting a weird glitch where the text disappears when I edit my profile.,technical,76
The payment processing button isn't working. I can't complete my order!,technical,71
I keep seeing a 404 error when I try to access my profile page.,technical,63
The export function only downloads a blank file. This needs to be fixed ASAP!,technical,77
"Each time I try to generate a report, I receive an error code I don't understand.",technical,81
Why does the system crash whenever I switch between tabs? It's so disruptive.,technical,77
Help! The app is so slow that I can't even submit my request.,technical,61
I'm unable to stream videos; they get stuck buffering every few seconds.,technical,72
The integration with my email is broken. Nothing is syncing properly.,technical,69
Can you check why my data isn't saving? I keep losing my progress.,technical,66
"I tried reinstalling the app, but it still crashes when I access the profile feature.",technical,85
The app keeps freezing whenever I try to upload a file.,technical,55
I keep getting a blank screen when I access my profile page.,technical,60
Can you help me? The search bar isn't returning any results.,technical,60
"I'm really frustrated. The notifications won't turn off, no matter what I do.",technical,77
The latest update seems to have broken the chat feature; can you fix it?,technical,72
The page takes forever to load. Is there a problem on your end?,technical,63
"Every time I try to save my changes, I get an error message.",technical,60
Why does the video player keep buffering? It's really annoying.,technical,63
I can't view my transaction history; I just get an error code.,technical,62
"Hey, the app just crashed while I was in the middle of a transaction.",technical,69
"I've tried several times to edit my profile, but it won't let me.",technical,65
My dashboard isn't displaying any data; it's totally blank.,technical,59
Can you check why the import function is acting up? It's causing issues.,technical,72
I'm getting a random error when I try to access my settings. Help!,technical,66
Is there a reason the website is loading so slowly? It's frustrating.,technical,69
The login button seems unresponsive; I can't get into my account.,technical,65
I’m having trouble with the compatibility of the app on my device.,technical,66
It appears that the reporting feature is not summing correctly.,technical,63
The app is constantly crashing on my tablet. Any solutions?,technical,59
Why does the feature to change my password keep saying it's invalid?,technical,68
I can't seem to find the option to delete my account. Is it missing?,technical,68
The app keeps lagging during video calls. What's going on?,technical,58
I have encountered an unexpected error when trying to log in.,technical,61
The links on the homepage are broken; they don't lead anywhere.,technical,63
"Every time I try to download the report, it fails. What's happening?",technical,68
Can someone look into the issue where the buttons don't respond?,technical,64
The app crashes every time I try to access my profile.,technical,54
"I'm seeing a blank screen after I log in, what's going on?",technical,58
The search feature isn't returning any results; I really need it to work.,technical,73
"Can you help me? The notifications aren't showing up, and it's super annoying.",technical,78
I'm getting a weird glitch when I try to upload files; it's really frustrating!,technical,79
The website keeps timing out. I can't access anything right now!,technical,64
Why is the chat function completely unresponsive? This is a major issue for me.,technical,79
"I just updated the app, and now it won’t even open! Help!",technical,57
The drag-and-drop option is broken; it doesn't work like it used to.,technical,68
"I've tried refreshing multiple times, but the dashboard isn't loading.",technical,70
"Every time I try to export my data, I get an error message.",technical,59
Why won't the payment page accept my card? It was fine before!,technical,62
"My app keeps freezing, especially when I try to access settings.",technical,64
I noticed that the calendar feature is missing some entries; is this a bug?,technical,75
The integration with other services isn't working right; any fix for this?,technical,74
I’m unable to save my changes in the settings. It just keeps reverting.,technical,71
The sound notifications stopped working; I don't want to miss anything.,technical,71
Is anyone else experiencing slow response times? It’s really affecting my work.,technical,79
The app crashes when I try to upload an image. This is getting old.,technical,67
I'm facing issues with syncing my data across devices; it's very inconsistent.,technical,78
Why does the app keep logging me out? It's so inconvenient!,technical,59
The history log isn’t updating. I rely on that feature; please fix it!,technical,70
The formatting tool is acting weird; can you look into it?,technical,58
I'm getting a '404 not found' message when I try to access some pages.,technical,70
"It seems like my notifications aren't updating in real-time, what gives?",technical,72
The app crashes every time I try to upload a photo.,technical,51
I keep getting an error message when I try to save my work.,technical,59
Why is the search function not working? I can't find anything!,technical,62
"I thought the new update would fix the bugs, but it’s worse now.",technical,64
I can’t access the settings page; it just keeps loading.,technical,56
"Every time I try to refresh the page, it goes blank.",technical,52
The notifications aren't working at all. I keep missing important updates.,technical,74
I’ve run into a problem where the software freezes when I try to edit a document.,technical,81
The app is so slow today—it takes forever to open any file.,technical,59
I received a blue screen error while using the software. What should I do?,technical,74
I'm getting a weird glitch when I try to view my profile.,technical,57
The video playback keeps stuttering—can you help me fix this?,technical,61
"For some reason, the app won’t let me log out. It’s pretty annoying.",technical,68
I keep seeing a 'Page Not Found' error when I click on certain links.,technical,69
The export feature just doesn't work for me—my files won’t download.,technical,68
I’ve noticed a significant lag in performance today; it’s really frustrating.,technical,77
"I tried using the live chat feature, but it keeps crashing on me.",technical,65
I can’t seem to connect to the server; it's been like this since last night.,technical,76
"The app keeps giving me a 'Permission Denied' message, even though I’m logged in.",technical,81
My dashboard is stuck on loading; I've tried refreshing multiple times.,technical,71
The email notifications aren’t coming through; I’m not sure what’s going on.,technical,76
I’m experiencing repeated crashes when using the analytics tool.,technical,64
The formatting tools aren’t responding; I can’t change any text styles.,technical,71
The app keeps logging me out unexpectedly. It’s really disruptive.,technical,66
I’m having trouble syncing my data across devices—nothing seems to match.,technical,73
"The video playback is freezing every few seconds, it's really annoying.",technical,71
I keep getting an error message when I try to save my changes. Can you help?,technical,76
"The application is running super slow, it took me forever just to open it.",technical,74
I'm unable to upload any files; it just says 'upload failed' every time.,technical,72
Why does the search function return no results even for items I know are there?,technical,79
"I tried to reset my password, but the link you sent doesn’t work.",technical,65
The app crashes every time I try to access the settings. It's frustrating!,technical,74
I can't seem to connect to the server; is it down for maintenance or something?,technical,79
My notifications aren't showing up; I've checked all the settings!,technical,66
This feature isn’t working as expected; I was counting on it for my project.,technical,76
I get a blank screen when I log in on my phone. What’s going on?,technical,64
There’s a bug that makes my profile picture disappear after I upload it.,technical,72
"Every time I try to refresh, I end up with a 'network error' message.",technical,69
Can you please check why the app is not responding? It's been like this for hours.,technical,82
The checkout process fails and gives me an error message. So frustrating!,technical,73
I keep experiencing unexpected crashes when switching tabs in the app.,technical,70
The mobile version of the site isn't displaying correctly on my phone.,technical,70
"I can't submit the form; it keeps telling me I missed a required field, but I didn't.",technical,85
My data seems to be missing from my dashboard; can you look into that?,technical,70
"Every time I try to print, the option is greyed out. What’s wrong?",technical,66
"I’m not receiving any alerts from the system, even though they're enabled.",technical,74
The download speed for files is ridiculously slow; is there a problem?,technical,70
"I tried updating the software, but the update fails every time. What now?",technical,73
The app logs me out automatically after a few minutes; it’s so annoying.,technical,72
Can someone help me with the layout? It looks completely messed up on my browser.,technical,81
The feature I need for managing my tasks isn’t appearing at all.,technical,64
I can't seem to upload any files; the option is just grayed out.,technical,64
"Every time I try to access my profile settings, the app freezes. It's really frustrating!",technical,89
"The search function is returning no results, even for items I know are there.",technical,77
I received an error code 404 when trying to access the reports section.,technical,71
The notifications feature isn't working. I haven't received alerts for anything today.,technical,86
"Whenever I click on the 'help' button, nothing happens—just silence.",technical,68
The app crashes every time I try to log out. Can someone help me with this?,technical,75
My dashboard looks weird; the layout is all messed up today.,technical,60
I'm seeing a blank screen when I try to load the homepage. What's going on?,technical,75
The chat feature is seriously lagging; it's almost unusable right now.,technical,70
I'm getting a 'Service Unavailable' message every time I try to refresh the page.,technical,81
"The video playback keeps buffering, and my internet is fine. This is really annoying!",technical,85
"I tried resetting my password, but I keep getting an error message.",technical,67
The sorting options in my list aren't working; it's stuck on 'name' and won't change.,technical,85
I can't generate my monthly report; the 'generate' button does nothing.,technical,71
"The app keeps logging me out unexpectedly, which is driving me nuts.",technical,68
I'm unable to change my email settings; the page keeps timing out.,technical,66
"Every time I try to edit my profile, I get an error saying 'action not allowed'.",technical,80
The download link for the app update isn't working; it's just redirecting me back.,technical,82
"I’ve cleared my cache, but the app is still running super slow. Help?",technical,69
The integration with Google Calendar isn't syncing properly; it feels broken.,technical,77
The mobile app crashes every time I try to open it after the last update.,technical,73
"My notifications are turned on, but I'm not receiving any updates. What's up?",technical,77
I can't seem to find where to enable the new features you mentioned. It's so confusing!,technical,87
The alignment of images in my gallery is all off; they look pixelated and weird.,technical,80
The app is freezing every time I try to upload a file.,technical,54
I ran into a bug while using the search feature and it just doesn't seem to work.,technical,81
Why does the website keep saying 'Page Not Found'? This is so frustrating!,technical,74
I’m having trouble with the notification settings; they’re not saving properly.,technical,79
Can someone help me? The checkout process won’t complete and I keep getting an error message.,technical,93
I think there’s a glitch in the user interface; the buttons are unresponsive.,technical,77
"Every time I try to save my changes, I get a weird error code. What’s going on?",technical,79
The app crashes right after I enter my email. This is really annoying.,technical,70
I’ve noticed that the loading times are ridiculously slow today. What’s up with that?,technical,85
It seems like the calendar feature isn't syncing with my events at all!,technical,71
I'm getting a message that says 'Update failed' whenever I try to install the latest version.,technical,93
The search functionality seems broken; it returns no results for everything I type.,technical,83
"I just attempted to refresh my dashboard, and now it's stuck on a loading screen.",technical,81
Why is the export feature not working? I need those files urgently!,technical,67
The mobile version of your site keeps crashing when I try to log in. Any fixes?,technical,79
"I’ve been trying to get into my account, but I keep encountering a server error.",technical,80
Why can't I access my profile settings? It's like they're just not there anymore.,technical,81
The app is constantly hanging when I try to connect to Wi-Fi. So frustrating!,technical,77
"I clicked on the help section, but it just takes me back to the homepage. What’s the deal?",technical,90
"I’ve reported this issue before, but the app still isn’t working as it should!",technical,78
Can you tell me why the video playback keeps stopping? It's super annoying.,technical,75
"After the update, the interface is glitchy and not responding to my clicks.",technical,75
I keep getting a 'Connection Timed Out' message even with a strong internet connection.,technical,87
"The features seem to change at random, and I can't keep up. Any updates on that?",technical,80
I can't believe the app is still crashing during peak hours. This has to be fixed!,technical,82
The app keeps freezing when I try to upload my files.,technical,53
I keep getting an error message that says 'something went wrong' whenever I try to save my work.,technical,96
Is there a reason your website is loading so slowly? It's taking forever!,technical,73
"The feature to reset my password isn’t working, and I can't access my account.",technical,78
"I tried to use the search function, and it just brings up blank results.",technical,72
"Every time I try to print from the app, it crashes. This is really frustrating!",technical,79
I'm experiencing glitches when navigating through the settings menu.,technical,68
The notifications feature doesn't seem to be sending me alerts like it used to.,technical,79
Can't seem to edit my profile; keeps giving me a 404 error.,technical,59
"I just updated the app, and now it won't even open.",technical,51
"Hey, the analytics dashboard is showing incorrect data—can you look into that?",technical,78
I was in the middle of a project when the app crashed without saving anything.,technical,78
"Every time I try to export my report, the app crashes. Super annoying!",technical,70
The sync feature isn't working — my files aren't updating across devices.,technical,73
Can you please fix the audio issues in the app? It keeps cutting out.,technical,69
The calendar feature is not syncing with my events at all!,technical,58
"Whenever I use the filters, the whole system starts lagging badly.",technical,66
I've encountered a weird pop-up error that won't go away on your site.,technical,70
The image upload option is broken. I keep getting a 'file not supported' message.,technical,81
I can’t access my saved documents; the loading icon just spins endlessly.,technical,73
I’m having trouble connecting to the server; it keeps timing out.,technical,65
My chat window keeps crashing every time I click on a conversation.,technical,67
The app doesn’t seem to recognize my login details anymore.,technical,59
The link you sent me leads to a page that doesn’t exist!,technical,56
Can you tell me why my updates aren't reflecting on the app? It's frustrating!,technical,78
The app won’t load any of my saved files.,technical,41
I keep getting an error message when trying to save my progress.,technical,64
Why does the screen freeze every time I open settings?,technical,54
Can someone please fix the search function? It's not returning any results.,technical,75
I’m super frustrated because the notifications aren’t working at all!,technical,69
"The update made everything worst. Now, I can't even access my account.",technical,70
"Hey, the data sync feature is just stuck on 'loading'. What’s going on?",technical,71
"I tried to reset my password, but the site keeps saying there's an error.",technical,73
The app crashes every time I try to upload a photo. Super annoying!,technical,67
"I don’t know what happened, but my dashboard is completely blank.",technical,65
The filters on the report generation aren’t functioning as they should.,technical,71
Is anyone else having issues with the app running really slow today?,technical,68
"After the last update, I can’t get the chat feature to work properly.",technical,69
I’m seeing a weird glitch on the main page that wasn't there before.,technical,68
Can you please look into why the export function keeps failing?,technical,63
"Every time I try to use the app, it’s just freezing on me.",technical,58
I can’t find the button to submit my feedback. Is it missing?,technical,61
The application throws an error when I try to generate a report.,technical,64
I keep encountering a random crash when I navigate between tabs.,technical,64
The video playback feature is stuttering and unwatchable right now.,technical,67
I have a constant timeout error when accessing certain features.,technical,64
Why is the mobile app so slow? It used to work fine.,technical,52
"I just tried to connect it to my device, and nothing happens.",technical,61
I think the new version is causing bugs; it's way less stable than before.,technical,74
The notifications are delayed by hours. This is really inconvenient!,technical,68
The app keeps freezing when I try to load my profile.,technical,53
I keep getting a 404 error every time I try to access the reports page.,technical,71
"The search function isn't bringing up any results, what's going on?",technical,67
I was in the middle of a project and the software just shut down unexpectedly. This is really frustrating!,technical,106
"Every time I attempt to save my changes, it tells me there’s a server error.",technical,76
I can't seem to upload any files; I'm just getting a 'file not supported' message.,technical,82
The settings page won't load for me; it hangs indefinitely.,technical,59
"I just updated the app, and now it's running super slow. How can I fix this?",technical,76
I noticed a glitch where the buttons disappear when I hover over them.,technical,70
The notifications aren’t coming through anymore. Is there a bug?,technical,64
I'm having an issue with the syncing feature—it's not working at all on my device.,technical,82
It feels like the entire platform is lagging today; it’s getting really hard to work.,technical,85
Why does the calendar view keep showing events from last year? This doesn’t make any sense.,technical,91
Help! The live chat feature hasn’t worked for hours!,technical,52
I can’t seem to delete any of my old messages; nothing happens when I click 'delete'.,technical,85
"There’s an error message popping up every minute, and it’s driving me nuts!",technical,75
Is anyone else having trouble with the payment processing? It just won’t go through.,technical,84
"I tried to refresh the page, but it keeps showing a loading icon forever. What's the deal?",technical,90
My dashboard layout is all messed up after the latest update. Can you help?,technical,75
"I tried reinstalling the app, but it still crashes every time I open it.",technical,72
Can someone explain why the filter options are not working? I need them for my report.,technical,86
The app's been very glitchy since the last update. It crashes at least once a day now.,technical,86
I can’t find the export button anywhere on the new interface. Has it been moved?,technical,80
"The prompt to save my work keeps disappearing, and I’m worried about losing my progress.",technical,88
I’ve run into an issue where the text formatting doesn’t seem to save. It’s really frustrating!,technical,95
The app is freezing every time I try to save my changes.,technical,56
I keep getting a weird pop-up error when I open the settings.,technical,61
Can someone please explain why the sync feature isn't working? It's driving me crazy!,technical,85
I don’t understand why my profile won’t update; I’ve tried multiple times.,technical,74
"Every time I click on the reports tab, I receive an error. What’s going on?",technical,75
"I’m experiencing slow loading times, especially when I try to access my files.",technical,78
"The search function is returning no results, even for things I know are there.",technical,78
I keep having to restart the app because it crashes whenever I try to share something.,technical,86
The notifications are not coming through. Is there a bug with that feature?,technical,75
Why does the application hang every time I switch screens?,technical,58
I received an error message while trying to upload a document. Can you help me?,technical,79
It's really frustrating that the export function is just completely unresponsive right now.,technical,91
I thought the app was supposed to be faster; it’s actually lagging quite a bit today.,technical,85
The calendar integration isn’t working as it should. Can you check what's wrong?,technical,80
I keep getting a timeout error every time I try to save my settings.,technical,68
Is anyone else having issues with the backup feature? It just won't work for me.,technical,80
I can’t access certain parts of the app; they keep throwing up error 404.,technical,73
"I thought I had fixed the glitch, but it keeps appearing every time I log in.",technical,77
"I tried to refresh the page, but it just keeps showing a blank screen.",technical,70
The app crashes immediately after I try to load a new project.,technical,62
Can you explain why there’s no response when I click on the ‘help’ button?,technical,74
"Every time I try to delete an item, it doesn’t seem to register. So annoying!",technical,77
"I keep getting a message saying my session has expired, although I’m still logged in.",technical,85
"For some reason, I can’t see any images in the gallery section. What’s the issue?",technical,81
The download link is broken; it doesn’t work no matter how many times I click it.,technical,81
The app keeps freezing when I switch between tabs.,technical,50
I keep getting a white screen when trying to load my profile.,technical,61
Can you fix the search feature? It doesn't seem to return any results.,technical,70
I'm having trouble with the notifications; they're not showing up at all.,technical,73
"Every time I try to upload a file, it just errors out.",technical,54
This is frustrating! The payment processing page won't load for me.,technical,67
Why does the update crash my device? I can’t even use the app now!,technical,66
I noticed that the reporting tool is displaying incorrect data.,technical,63
"I just installed the latest update, and now the app is super slow.",technical,66
The save function isn’t working. I’ve lost my progress multiple times!,technical,70
I’m seeing a 'not found' error when I try to access my account settings.,technical,72
I can't seem to access the live chat feature; it just won't open.,technical,65
Does anyone else have issues with the app crashing at random times?,technical,67
The app is acting weird; it keeps logging me out every few minutes.,technical,67
Can you help? I’m getting a 403 error when I try to access the dashboard.,technical,73
"I tried the troubleshoot steps you sent, but nothing changed; I'm still having the same issue.",technical,94
The drag-and-drop feature isn’t responsive at all. It’s really annoying!,technical,72
Why is the audio not working during my video calls? This is a big problem!,technical,74
I’m really disappointed; the app keeps crashing while I’m in the middle of projects.,technical,84
The calendar feature doesn't sync with my events. It's a hassle!,technical,64
"I’ve cleared my cache, but the app is still not loading properly.",technical,65
Is there a glitch with the profile picture upload? It's just stuck on 'uploading.',technical,82
"Every time I try to save changes, I get an error message.",technical,57
The download speed today is ridiculously slow. What’s going on?,technical,63
Why can’t I access the help section? It keeps giving me a loading error.,technical,72
The app keeps freezing whenever I try to upload a photo.,technical,56
I can't seem to save my changes; it just says 'error' every time.,technical,65
The search function isn't working at all—nothing pops up when I type.,technical,69
I keep getting a blank screen after I submit a form. What’s going on?,technical,69
Your latest update caused the calendar feature to stop responding.,technical,66
I'm really frustrated; the notifications are not coming through.,technical,64
Why does the app crash whenever I switch between tabs? It's driving me crazy!,technical,77
I'm seeing a weird glitch in the layout; things are overlapping.,technical,64
Can you help? The data sync feature isn't functioning as expected.,technical,66
"I tried reinstalling, but the performance is still really sluggish.",technical,67
"Every time I try to log out, the app crashes. It’s super annoying!",technical,66
The video playback is laggy and buffering constantly. It's not usually like this.,technical,81
"I don't know what's happening, but the download link is broken.",technical,63
The settings panel isn't opening properly; it just loads indefinitely.,technical,70
I keep receiving a 'cannot connect to server' message on my dashboard.,technical,70
"The app doesn't seem to recognize my password anymore, and I've reset it twice!",technical,79
"Whenever I try to change my profile picture, it shows an error message.",technical,71
Can you clarify why the feature we discussed isn't available yet?,technical,65
"The analytics chart isn't displaying any data, and it's crucial for my work.",technical,76
I'm having trouble with the checkout process; it keeps timing out.,technical,66
The app crashes every time I switch to landscape mode. Any ideas?,technical,65
I ran into a problem where the map feature isn't loading locations.,technical,67
I can't figure out how to access the reports; it's just not working.,technical,68
The app is responding so slowly today. Is there something wrong?,technical,64
It's frustrating that my saved items keep disappearing from my account.,technical,71
I keep getting a 'permission denied' error when trying to access shared files.,technical,78
I keep getting a timeout error when I try to access my account settings.,technical,72
Why can't I see my recent transactions? The dashboard seems stuck.,technical,66
The search function isn't working for me; it just returns an empty result.,technical,74
I encountered a glitch while trying to update my profile. It won't save my changes.,technical,83
The recent update seems to have broken the notifications feature. I don't receive any alerts now!,technical,97
I keep getting a blank screen when I try to open the app. What’s going on?,technical,74
The live chat feature is not loading today. It’s really frustrating!,technical,68
I'm having issues with the payment processing—it keeps failing without any error message.,technical,89
The export option is completely missing from the menu. Is it gone for good?,technical,75
"Every time I try to log in, I receive an error message. It’s so annoying!",technical,73
"The stream quality keeps dropping, and I have a stable internet connection.",technical,75
"I tried to change my password, but the system says it’s incorrect even when I know it’s right.",technical,94
Can someone explain why the app is freezing every five minutes? It’s unbearable.,technical,80
"The page won't load past the logo screen. I've reinstalled the app, but no luck.",technical,80
My device says the app is incompatible now after the last update—what happened?,technical,79
I can't attach files in the messaging feature; it just fails every time.,technical,72
Why is your system so slow today? It took me ages just to check my messages.,technical,76
"I pressed the save button, but nothing happened. My edits disappeared!",technical,70
"I’m getting an error when trying to use the chat feature, and I really need assistance now.",technical,91
It’s really frustrating that the app doesn't sync with my calendar anymore.,technical,75
The widget I added is showing outdated information. Can you fix this?,technical,69
Why does the app crash whenever I switch between tabs? It’s infuriating!,technical,72
The loading time for reports is unreasonably long. Can this be improved?,technical,72
I can’t access the settings page—it just keeps redirecting to the homepage.,technical,75
"Please help! The notifications are all messed up, and I’m missing important updates.",technical,84
The app freezes every time I try to upload a file.,technical,50
I'm seeing a blank screen after I log in; nothing loads.,technical,56
"Whenever I try to use the search function, it just hangs indefinitely.",technical,70
The notifications aren't working; I’m missing important updates.,technical,64
I keep getting an error message when I try to save my changes. It's so frustrating!,technical,83
"The software crashed while I was in the middle of a project, and I lost everything!",technical,83
How come the settings page isn't displaying properly? It’s all jumbled up.,technical,74
I can't access the reports section; it just keeps loading and never finishes.,technical,77
The app is lagging so much today; it's almost unusable.,technical,55
"I tried updating to the latest version, but now it won't open at all.",technical,69
The import feature gives me a '404 Not Found' error every time I use it.,technical,72
The dashboard is showing outdated data; I need current information.,technical,67
"Every time I open the app, it gives me a warning about compatibility issues.",technical,76
"The button to submit my feedback is unresponsive, so I can't send it.",technical,69
"When I try to edit my profile, I get a weird pop-up that won’t go away.",technical,71
"The loading screen never goes away, and I’m stuck on it.",technical,56
Is anyone else experiencing issues with the integration feature? It doesn’t work for me.,technical,88
"I tried resetting my password, but the link you sent is broken.",technical,63
The mobile app won't sync with my desktop version at all.,technical,57
I can’t download my invoices; the export function is totally down.,technical,66
Why is the app crashing every time I try to open a specific document?,technical,69
I noticed a glitch in the UI where buttons overlap each other.,technical,62
The performance is so slow that I can't even get my work done.,technical,62
There's a persistent sound glitch in the app that’s really annoying.,technical,68
"Every time I try to share a file, I get a strange error code. What does it mean?",technical,80
The app keeps freezing when I try to upload a photo.,technical,52
I can’t access the settings menu; it just won’t load.,technical,53
Why does the application keep crashing every time I try to save my work?,technical,72
"The page won’t refresh, and it’s stuck on loading for ages.",technical,59
I’m seeing a weird error message when I try to run the report.,technical,62
Is anyone else having issues with the search feature? It’s not returning any results for me.,technical,92
The notifications are not appearing at all; I’ve checked my settings.,technical,69
I keep getting a timeout error while trying to sync my data.,technical,60
"Hey, the website is super slow today, it’s really frustrating.",technical,62
The app always fails to open when I’m on Wi-Fi; it works on mobile data.,technical,72
"Can you help? The download link isn’t working, it just redirects me.",technical,68
"I’ve tried multiple times, but the checkout process keeps crashing.",technical,67
Is there a bug with the chat feature? My messages aren’t sending.,technical,65
The dashboard layout is all messed up; nothing aligns properly.,technical,63
"I keep encountering a white screen when I try to log in, it’s so annoying.",technical,74
The video playback feature is buffering constantly and it’s not my internet.,technical,76
I think the app has a bug; it won’t let me delete any of my saved items.,technical,72
"Whenever I try to access the help section, it just gives me an error.",technical,69
The email notifications are delayed for hours; what’s going on?,technical,63
Something's wrong with the API response; I can’t retrieve any data.,technical,67
"After the last update, my favorite features don’t work anymore.",technical,63
"Each time I attempt to print from the app, it just freezes up.",technical,62
The system crashed during my final submission; is there an auto-recovery feature?,technical,81
"The app shuts down unexpectedly, and I’m losing my updates.",technical,59
Why are the graphs not displaying correctly on my dashboard? It looks odd.,technical,74
The app keeps freezing every time I try to save my changes.,technical,59
"I can't seem to connect to the server, is there something wrong on your end?",technical,76
The search function isn't working; it just returns blank results.,technical,65
I’ve noticed the notifications don’t pop up anymore. Can you help?,technical,66
My screen goes black when I try to open the settings. What's happening?,technical,71
The latest update seems to have messed everything up; my favorites are gone!,technical,76
I keep getting an error code when I try to upload files. It’s really frustrating.,technical,81
Is there a problem with the integration feature? It's not responding.,technical,69
The app crashes whenever I attempt to refresh the page.,technical,55
I don’t understand why the system is so laggy today. It’s unbearable!,technical,69
"Every time I try to access my profile, it just shows a loading icon.",technical,68
Something's wrong with the chat feature; my messages aren't sending.,technical,68
I keep getting a notification saying 'feature not available' for something I used yesterday.,technical,92
Could you look into why the calendar sync isn't functioning properly?,technical,69
My dashboard is showing incorrect data. I need this sorted out ASAP!,technical,68
The video playback feature keeps stuttering; it's impossible to watch anything.,technical,79
There seems to be a glitch when I try to change my preferences.,technical,63
I’m receiving a blank page error when I try to generate reports.,technical,64
Why is my app so slow today? It feels like it’s dragging.,technical,57
The links in the app won’t open. It's really inconvenient!,technical,58
I’m getting a permission denied message for a file that I should have access to.,technical,80
The app keeps logging me out unexpectedly. This is getting annoying.,technical,68
I can’t find my saved work anywhere. Did something break in the system?,technical,71
My password reset link is not working. Can you please send me another?,technical,70
Why am I seeing outdated information? I thought this was real-time!,technical,67
There’s an issue with the payment processing; it keeps giving me an error.,technical,74
I'm unable to access my files; the screen just goes blank.,technical,58
"I don't know what's going on, but the application won't open at all!",technical,68
Can you please check why the search function isn't working? It's been down for days.,technical,84
The video player crashes when I attempt to watch anything.,technical,58
I’m getting a 'page not found' error every time I click on the settings page.,technical,77
My notifications aren’t appearing; it's really frustrating.,technical,59
The data sync process is taking forever. It seems stuck.,technical,56
"I've tried reinstalling the app, but it still won't connect to my account.",technical,74
Something’s wrong with the checkout process; it keeps giving me an error.,technical,73
I'm experiencing lag when trying to use the chat feature. It's super annoying!,technical,78
I can't download my reports; the button is unresponsive.,technical,56
The dashboard won't load up properly; it's just a spinning wheel.,technical,65
"Every time I try to sign out, the app freezes and crashes. What gives?",technical,70
"The app is super slow right now, and it’s making it hard to get anything done.",technical,78
I keep getting an error message saying 'unable to connect to server'.,technical,69
"After the last update, the app is really glitchy. Please fix it!",technical,64
I'm having trouble with the automatic updates; they won't install.,technical,66
The integration with my other tools isn't working like it used to.,technical,66
I just need to know why the reports feature is missing from the menu.,technical,69
It seems like the app doesn't like my new device; it crashes constantly.,technical,72
I can't find the option to edit my profile—and that’s very frustrating!,technical,71
Why are the images in the gallery not displaying? This is a major issue.,technical,72
The app keeps logging me out unexpectedly. It’s driving me crazy!,technical,65
The app keeps freezing whenever I try to upload my files.,technical,57
"I tried updating the software, but now it just crashes every time I open it.",technical,76
My screen goes black whenever I open the settings page.,technical,55
Is anyone else experiencing delays with the search feature? It's super slow.,technical,76
"Every time I try to save my progress, I get an error message.",technical,61
The notifications aren’t showing up; I’m missing important alerts!,technical,66
I can’t access the help section; it just gives me a blank page.,technical,63
I’m frustrated because the app keeps logging me out unexpectedly.,technical,65
The installation wizard doesn’t respond after I click 'Next'.,technical,61
Can you help? I’m seeing a weird glitch on my dashboard that makes it unusable.,technical,79
Why does the app crash when I try to switch between tabs? This is so annoying!,technical,78
"The link to the support page is broken, and I need assistance.",technical,62
There’s a bug that prevents my reports from generating; help!,technical,61
"I keep getting a message saying 'update required,' but I already have the latest version.",technical,89
"The app just quit on me, and I lost all my work. This can’t happen again.",technical,73
I don’t understand why the video playback is so choppy. I need it to work smoothly.,technical,83
"Every time I refresh the page, it throws a 404 error. What’s going on?",technical,70
The color coding on the planner isn’t displaying correctly; it’s all mixed up.,technical,78
It feels like the app is running at a snail's pace today. Any idea why?,technical,71
"I was trying to sync my data, but it just hangs indefinitely.",technical,61
"Please advise—my customization options aren’t saving, and it's frustrating.",technical,75
I'm unable to download the reports; it keeps giving me a download failed error.,technical,79
The import feature doesn’t seem to recognize my file type. What's wrong?,technical,72
Why is everything so sluggish today? I can barely navigate!,technical,59
I received an error when trying to submit my feedback form. Can you look into it?,technical,81
"The app won’t load anything, it just stays on the loading screen.",technical,65
I keep getting a notification that says 'unexpected error'. What does that mean?,technical,80
The search function doesn’t seem to be working; it shows no results even for common queries.,technical,92
"I tried to save my changes, but the system froze and now I lost everything!",technical,75
Can you help? The notifications feature isn't sending me alerts like it used to.,technical,80
"My dashboard keeps refreshing, and I can't get any work done because of it!",technical,75
There’s a glitch when I try to upload files; it just fails every time.,technical,70
I'm really frustrated; the app crashes every time I switch tabs.,technical,64
The analytics page isn't displaying any data; it's just blank.,technical,62
"I've cleared my cache, but the app is still running really slowly.",technical,66
Is anyone else having issues with the software not responding?,technical,62
I can't seem to access my profile settings; it just shows a loading icon.,technical,73
"After the last update, the sync feature stopped working completely!",technical,67
"Every time I try to create a new report, an error message pops up.",technical,66
This really isn't working for me; the software keeps throwing errors when I try to log out.,technical,91
The color scheme is acting weird; my screen keeps flickering between themes.,technical,76
Why is the input lag so bad today? It takes forever to register my clicks.,technical,74
I can’t send messages through the app; the button doesn’t respond at all!,technical,73
Are you aware that the billing feature is down? I can’t view my invoices.,technical,73
"The import function isn’t working. I’ve tried multiple formats, but nothing goes through.",technical,89
I received a pop-up saying there's a problem with the connection. What do I do?,technical,79
So disappointed; the app shuts down every time I try to generate a report.,technical,74
"I’ve been trying to access the FAQ section, but it keeps giving me a 404 error.",technical,79
The app won’t let me log in with my Google account anymore.,technical,59
Can you check if there’s a bug with the chat feature? All my messages are disappearing.,technical,87
The app keeps freezing when I try to upload any files.,technical,54
I’ve encountered a glitch in the settings menu; nothing happens when I click on save.,technical,85
"Every time I open the app, it crashes before loading fully.",technical,59
I'm having issues with the search function; it doesn’t return any results.,technical,74
"The notifications are not appearing, even though I have enabled them.",technical,69
I can’t seem to access the help section; it just shows a blank page.,technical,68
Why is the website so slow today? It’s almost unusable.,technical,55
The video playback feature just stops randomly; it’s really frustrating!,technical,72
I keep getting a 'page not found' error when I try to open the reports section.,technical,79
Can you help? My account dashboard isn’t loading properly.,technical,58
The mobile app won't let me change my password; it just hangs.,technical,62
"Whenever I try to connect to my account, I receive an error message.",technical,68
"I tried reinstalling the app, but the bugs are still there!",technical,59
I’m getting a strange error code every time I attempt to save my work.,technical,70
Can someone explain why my data is not syncing across devices?,technical,62
The export to PDF feature is completely unresponsive for me.,technical,60
The payment processing page constantly times out; I’m losing patience.,technical,70
I think there’s a bug in the chat feature; my messages aren’t sending.,technical,70
"Every time I click on a link, it takes forever to load; what's going on?",technical,72
I can't seem to access my previous orders; the site keeps crashing.,technical,67
The dark mode toggle doesn't work; it stays in light mode no matter what.,technical,73
I’m really frustrated; the app keeps logging me out unexpectedly.,technical,65
Why can’t I view my analytics? It just shows an error message.,technical,62
The custom settings I saved yesterday are gone; I’m really annoyed.,technical,67
I keep receiving a 'server not available' message when trying to log in.,technical,72
"The search function isn’t returning any results, what’s going on?",technical,65
I'm having issues with the syncing feature; it's stuck on 'loading' forever.,technical,76
"Every time I try to save my changes, I get a prompt saying 'error saving'.",technical,74
The notifications aren’t working at all. I’m missing important updates!,technical,71
My screen freezes up every time I hit the submit button. Super frustrating!,technical,75
Why does the app crash every time I try to open the settings?,technical,61
"I keep getting a pop-up error about a missing file, but I have no idea what it means.",technical,85
The integration with my calendar is not functioning as expected.,technical,64
I'm facing issues with uploading files; it just doesn’t seem to work.,technical,69
Can you help? The chat feature isn’t loading for me at all.,technical,59
I’m experiencing a bug where the images won’t display on my profile page.,technical,73
The app has been running really sluggish today; any idea why?,technical,61
I can’t access my account; it says 'session expired' even when I just logged in.,technical,80
The report generation tool throws an error every time I try to run it.,technical,70
Why is the dashboard layout all messed up? It doesn’t look right!,technical,65
The timer function doesn't start when I hit the button; it's so annoying.,technical,73
I’m having trouble with the payment processing; it keeps failing.,technical,65
The links in the app are broken; they redirect back to the homepage.,technical,68
"I can't seem to change any settings; every time I try, it gives an error.",technical,73
The app keeps kicking me out unexpectedly; I can't get anything done!,technical,69
I'm not receiving any updates for my tasks; what's the deal with that?,technical,70
The reminders feature is acting weird; I set them but they don’t notify me.,technical,75
"I tried using the new feature you rolled out, but it's not functioning at all.",technical,78
Is anyone else having trouble with the backup feature? It doesn't save anything.,technical,80
"After the latest update, my app crashes every time I open it!",technical,61
I keep getting notifications that the sync is failing—what's going on?,technical,70
It seems like the search function isn't working properly; it returns no results.,technical,80
I'm unable to access my saved files; the loading screen just hangs indefinitely.,technical,80
The notifications feature isn’t showing alerts. This is really inconvenient!,technical,76
Why does the dashboard look all jumbled? It's hard to read anything.,technical,68
"I’ve tried updating the app, but it still crashes when I change settings.",technical,73
The system just shut down while I was in the middle of editing. Super frustrating!,technical,82
"Every time I try to save my changes, I get a message saying 'Error saving document.'",technical,84
I think there’s a bug with the timeline feature; events aren’t showing up.,technical,74
"The checkout page keeps timing out, and I can't complete my order.",technical,66
"My profile picture won’t upload, and it’s been stuck on 'loading' for hours.",technical,76
The website is super slow today; it takes forever to load any page.,technical,67
I keep receiving a '404 Not Found' error when trying to access specific tutorials.,technical,82
The dark mode option isn't working; everything stays bright regardless of my settings.,technical,86
I can’t seem to update my preferences; the page just refreshes without any changes.,technical,83
"The app keeps crashing on my Android device, especially when I try to view images.",technical,82
"When I try to switch accounts, it logs me out completely. What’s up with that?",technical,78
The audio feature doesn't work; I'm not hearing anything during the call.,technical,73
I’m getting an error message when trying to delete old files. Can someone help?,technical,79
Why can’t I connect to the server? I keep getting connection errors.,technical,68
The calendar integration has some weird glitches; dates keep disappearing.,technical,74
I’ve lost data because the app didn’t save my recent changes. This is unacceptable!,technical,83
"The analytics dashboard isn’t reflecting the latest data, and I need it for a meeting.",technical,86
"Every time I try to refresh the page, it shows a ‘Server Error’ message.",technical,72
Can you help? My app crashes whenever I try to access the settings menu.,technical,72
The website keeps freezing when I try to upload files.,technical,54
I keep getting an error message when I try to save my progress. Can you help?,technical,77
"This feature used to work perfectly, but now it just doesn't respond at all.",technical,76
I'm really annoyed that the app crashes every time I try to open it.,technical,68
"The notification settings won't save, no matter how many times I try.",technical,69
I noticed the search function isn't returning any results lately. What's up with that?,technical,86
The video playback is super choppy; I can't watch anything without interruptions.,technical,81
Can you check why the app is running so slowly today? It’s frustrating!,technical,71
I can’t access my profile settings; the page just stays blank.,technical,62
The download link leads to a 404 error; it’s really inconvenient.,technical,65
"Every time I try to refresh the app, it just shuts down completely.",technical,67
I’ve lost work because the autosave isn’t functioning properly. This is unacceptable.,technical,85
The layout looks all messed up on my phone—elements are overlapping.,technical,68
I get stuck in a loading loop when trying to navigate between pages.,technical,68
My account isn't syncing correctly across devices; I don't know what's wrong.,technical,77
I’m encountering random crashes while using the chat feature—it’s really disruptive.,technical,84
"The app keeps telling me there’s no internet connection, but I’m online.",technical,72
I can’t find the export button; has it been moved or removed?,technical,61
The update messed up my settings; I need help restoring them.,technical,61
"The import feature fails every time I attempt to use it, very frustrating.",technical,74
I’m receiving error code 403 when trying to access certain features; can you explain why?,technical,89
The app keeps asking me to log in again even though I'm already logged in.,technical,74
I can’t seem to change my password; the system keeps rejecting my new one.,technical,74
The images won’t load on my profile; it’s been like this for days.,technical,66
The app keeps crashing whenever I switch between tabs; can you fix this?,technical,72
The upload feature just doesn't seem to work for me!,technical,52
I keep getting an error message when I try to save my progress.,technical,63
Why is the app freezing every time I attempt to use the search function?,technical,72
"The latest update has made everything super slow, it's frustrating.",technical,67
I can't seem to access my account; it keeps showing a network error.,technical,68
"Every time I try to export my data, I get a 'failed to process' notification.",technical,77
Can someone please check the live chat? It keeps crashing on my end.,technical,68
"I've been trying to reset my password, but the link is broken.",technical,62
The notifications haven't been working for days; any idea what's going on?,technical,74
I’m getting a blank screen when I try to load the main page.,technical,60
"After the last update, features that used to work are now broken.",technical,65
The app won't let me log in; it says 'user not recognized'.,technical,59
I keep encountering a 404 error when I click on certain links.,technical,62
I'm really annoyed; the sync feature hasn't worked all week.,technical,60
There’s a bug in the settings menu that's making it impossible to adjust my preferences.,technical,88
"The video player just freezes, and it's ruining my experience.",technical,62
"I’ve tried clearing my cache, but the app still won’t load properly.",technical,68
"The search function isn’t returning any results, which is really inconvenient.",technical,78
My dashboard layout is all messed up—things are overlapping!,technical,60
"The app crashed three times in the last hour, and I’m getting fed up.",technical,69
"I can’t edit my profile; every time I try, it times out.",technical,56
"The connection keeps dropping, making it impossible to get work done.",technical,69
Is anyone else having issues with the payment processing? It's stuck.,technical,69
"All my scheduled tasks vanished, and I can't find them anywhere.",technical,64
The calendar feature is not syncing with my other devices. Help!,technical,64
The app keeps freezing every time I try to save my work.,technical,56
I’m getting an error message that says 'Not Found' when I try to access my profile.,technical,83
"Can someone help? The download feature hasn’t worked all day, and I need those files.",technical,85
I keep encountering a bug that forces me to restart the app multiple times. It's super frustrating!,technical,99
"Why does the search function always return no results, even when I know there are matches?",technical,90
The video playback feature crashes when I try to play anything over a minute long.,technical,82
"I’ve tried to update the app, but it just won’t let me do it. Any fixes for this?",technical,81
"Every time I upload a photo, the app just shuts down. What’s going on?",technical,70
I feel like the whole system is lagging today. I can’t complete anything!,technical,73
I keep seeing this annoying pop-up error whenever I access the settings page.,technical,77
Help! I can't access the report generation tool; it just keeps giving me a blank screen.,technical,88
"The notifications aren’t coming through. I thought it was just me, but my friends have the same issue.",technical,102
"This is ridiculous! The payment feature won't process my card, and I've tried three times!",technical,90
"I am unable to log in using the app. It says 'invalid credentials' every time, even though I’m sure my info is correct.",technical,119
The live chat feature is down. I can’t get any help through the app. What’s up with that?,technical,89
I get a weird glitch that shows random symbols instead of text. It’s bizarre and hard to read!,technical,94
The interface seems to be unresponsive. It takes forever to load any page.,technical,74
I'm having a hard time syncing my devices. Is there a known issue with that?,technical,76
"I just signed up, and I can't even navigate through the app because it keeps crashing.",technical,86
The feature to edit profiles isn’t working right now—nothing saves after I hit submit.,technical,86
I'm stuck in a loop where I can't get past the welcome screen. Help!,technical,68
The app keeps logging me out unexpectedly while I’m just browsing.,technical,66
Is anyone else having trouble with the calendar feature? It won’t show any events.,technical,82
I think there’s a bug in the comments section; everything I post disappears.,technical,76
"The color theme I chose won't apply, and I keep seeing the default settings instead.",technical,84
I'm having trouble with the search function; it's not returning any results.,technical,76
Could you please check why the notifications aren't coming through?,technical,67
Something's wrong with the chat feature; it won't let me send messages.,technical,71
I'm getting a 'file not found' error when I try to open my saved documents.,technical,75
The loading times have been excruciatingly slow for the past few days.,technical,70
Why does the screen go blank when I attempt to print?,technical,53
I'm encountering a persistent error code 403 whenever I access my profile.,technical,74
The dashboard layout seems to be messed up; it's all jumbled together.,technical,70
I can't seem to access the settings page; it's just spinning and nothing happens.,technical,81
"Every time I launch the app, it crashes right before I can do anything.",technical,71
"The video playback is constantly buffering, making it impossible to watch.",technical,74
I've noticed the links don't work anymore; they just take me to a blank page.,technical,77
Could you help me with the syncing feature? It never updates my files.,technical,70
The system just logged me out randomly. What's going on?,technical,56
I keep getting a message saying 'application not responding' every time I try to run it.,technical,88
The upload progress bar gets stuck halfway and never completes.,technical,63
"For some reason, my recent activities aren’t showing up on the feed.",technical,68
I can't download any attachments; I keep getting a corrupted file error.,technical,72
"The app refuses to connect to the internet, even though my Wi-Fi is fine.",technical,73
"I've tried multiple times to reset my password, but I never get the email.",technical,74
It's frustrating that the app crashes when I try to submit my feedback.,technical,71
The formatting in my reports is all wrong; it looks really messy.,technical,65
Please fix the bug where my cursor disappears in the text editor.,technical,65
I’m experiencing random outages throughout the day; it’s really disruptive.,technical,75
The software won’t update to the latest version no matter how many times I try.,technical,79
I keep getting a '404 Not Found' error when I try to access the reports section.,technical,80
"The search function isn't returning any results, which is really frustrating.",technical,77
I can't seem to save my changes. The save button doesn't respond.,technical,65
"Every time I try to open the settings, the app crashes. Can you help?",technical,69
There's a glitch where my notifications don't show up. It’s really inconvenient!,technical,80
I noticed that the charts aren't loading properly on my dashboard.,technical,66
The software keeps rejecting my input in the form field. This is so annoying!,technical,77
Is anyone else experiencing slow loading times? It's taking forever!,technical,68
The latest update seems to have broken the image upload feature.,technical,64
I get an error message every time I try to link my account. What's going on?,technical,76
"Whenever I try to log out, the app just hangs indefinitely.",technical,59
Can you please look into the problem with the analytics feature? It’s not functioning.,technical,86
"The video playback keeps buffering, and I have a strong internet connection.",technical,76
I keep encountering a bug that logs me out of my account unexpectedly.,technical,70
"The drag-and-drop feature isn’t working at all, making it hard to organize my files.",technical,84
I’m having issues with the app crashing during the export process. It’s killing my productivity!,technical,96
Why is the keyboard shortcut for screenshots not working? That's super frustrating!,technical,83
I keep getting a random error code when I try to generate a report.,technical,67
The homepage is not displaying the latest updates like it should.,technical,65
I can't access the customer chat feature—it's just stuck on loading.,technical,68
The app seems to have a bug where it doesn't refresh. I have to restart it constantly.,technical,86
"I’ve noticed that some of the buttons are unresponsive, and it’s driving me crazy.",technical,82
Can you check why the reminders aren’t showing up? I’m missing important deadlines!,technical,83
"I’ve tried reinstalling the app, but it still crashes on startup. What’s next?",technical,78
The login page is taking forever to load. This is getting really frustrating.,technical,77
I'm having trouble with the app; it freezes every time I try to upload a photo.,technical,79
"The notifications aren't working at all, is there a fix for that?",technical,65
I keep getting a timeout error when I try to save my changes.,technical,61
Why does the app take forever to load? It's so slow!,technical,52
"I tried to reset my password, but the link just leads to an error page.",technical,71
The search function is broken; it doesn’t return any results.,technical,61
"I can't add items to my cart, and it's really frustrating.",technical,58
"Whenever I open the settings, the app crashes. Can you help?",technical,60
There's a weird glitch that makes the buttons unresponsive sometimes.,technical,69
My data isn't syncing properly; it shows old information.,technical,57
The app keeps giving me an error message when I try to check out. What's going on?,technical,82
I noticed that some features are missing after the last update. Is that normal?,technical,79
"Every time I try to run a report, it gives me an 'unexpected error' message.",technical,76
"I attempted to connect my account, but it just says 'connection failed'.",technical,72
Is anyone else experiencing the map feature not loading? It's just blank for me.,technical,80
The app keeps shutting down right when I need it most. This is really frustrating!,technical,82
"My application keeps crashing on startup; I've tried reinstalling it, but nothing works.",technical,88
There are a number of bugs affecting my experience lately. Can you provide an update?,technical,85
The chat feature is super laggy; I can't keep up with the conversation!,technical,71
"I submitted a support ticket, but I'm still getting the same errors. Help!",technical,74
Why does the interface keep glitching when I switch tabs? It's really annoying.,technical,79
"I wasn't able to download the latest update, and now nothing works right.",technical,73
The audio isn’t functioning at all; I can’t hear anything during calls.,technical,71
"Every time I click on a link in your app, it crashes. What’s the deal?",technical,70
Could you look into the performance issues? It’s slower than usual.,technical,67
I keep receiving an error message when I try to save my settings. It's really frustrating!,technical,90
Can someone help me? The video call feature isn't working at all.,technical,65
I keep getting a connection timeout error. Is there something wrong with the server?,technical,84
"Every time I click on the settings tab, it crashes. What's going on?",technical,68
The search function seems to be broken. Nothing comes up when I type anything.,technical,78
I’m experiencing lag when using the chat feature. It’s making it hard to communicate.,technical,85
The notifications aren’t appearing on my device anymore. Did something change?,technical,78
"I tried to update the app, but now it's stuck on the loading screen.",technical,68
The export function is returning an empty file. I've tried multiple times.,technical,74
I’m having trouble accessing my account. The app just won’t load.,technical,65
There's a glitch in the payment section. I can't seem to complete my transaction.,technical,81
The error message says '404 not found' when I try to access my profile.,technical,71
"The app keeps crashing on my phone, especially when I try to switch tabs.",technical,73
I think there’s a bug affecting the calendar feature. It won’t let me add events.,technical,81
I was in the middle of a task when the app suddenly closed. This is really annoying!,technical,84
The layout looks all messed up on my screen. Is there a fix for this?,technical,69
I can't seem to get the backup feature to work. It keeps failing.,technical,65
There’s an issue with syncing across devices. My changes aren’t updating.,technical,73
"The system has been unusually slow today, making it hard to get anything done.",technical,78
I keep getting error code 403 when I try to access certain features.,technical,68
My data isn’t loading properly; I’m seeing old information instead.,technical,67
Is anyone else having issues with the notifications not appearing?,technical,66
The music player keeps skipping songs randomly. It's really frustrating!,technical,72
I'm unable to delete certain files from the system. It just won't let me.,technical,73
Can you please look into why the app crashes every time I try to log a ticket?,technical,78
The app keeps freezing when I try to open my account.,technical,53
I can't upload any files; the upload button just doesn't work.,technical,62
"Every time I try to save my settings, I get an error message. What’s going on?",technical,78
"The search function isn’t working at all, it just shows a blank page.",technical,69
I have a problem with the notifications; they aren’t coming through.,technical,68
"This app is so slow today, I can't get anything done!",technical,53
"Help! The reports page is showing incorrect data, and it's driving me crazy.",technical,76
"I've been trying to update my profile, but it just won’t save any changes.",technical,74
"Every time I try to download a file, I get a 404 error. Super frustrating!",technical,74
Why does the chat feature keep disconnecting? It’s really annoying.,technical,67
"I just got a pop-up saying there's a connection error, but my internet is fine.",technical,79
The app crashes whenever I click on the settings tab. Can you please look into this?,technical,84
I’m seeing a weird glitch on the homepage—some text is overlapping images.,technical,74
"I can’t seem to access the dashboard, it’s just loading endlessly.",technical,66
There’s a bug with the calendar feature; it’s showing the wrong dates.,technical,70
"Every time I try to use the help section, it just redirects me to an error page.",technical,80
The sync feature isn’t working; my data isn’t updating across devices.,technical,70
This feature is always lagging. I can't even complete a task without waiting.,technical,77
I’m getting an unexpected error when I attempt to refresh the page.,technical,67
The app won’t let me switch between tabs; it just freezes.,technical,58
I keep getting logged out for no reason while I’m using the app.,technical,64
The profile picture upload isn’t working; it just says 'upload failed'.,technical,71
I’ve noticed that the icons are all out of place; they’re overlapping each other.,technical,81
The template I’m trying to use isn’t loading. What’s wrong with it?,technical,67
I keep receiving an internal server error message when I try to access my files.,technical,80
I keep getting an error message when I try to upload files.,technical,59
The app crashes every time I try to open the settings menu. This is really frustrating!,technical,87
Can you please check why the notifications aren't working? I've missed important updates.,technical,89
I'm seeing a blank screen after logging in. What's going on?,technical,60
The search function doesn't seem to return any results anymore. Help!,technical,69
Why is the app so slow today? I've been waiting ages for pages to load.,technical,71
"I tried using the chat feature, but it just times out. Is this a known issue?",technical,77
"Whenever I export my data, it fails without any explanation. Can you fix this?",technical,78
The screen freezes when I try to refresh my dashboard. So annoying!,technical,67
I received a network error when trying to save my changes. What can I do?,technical,73
The calendar sync feature just stopped working. I need it back ASAP!,technical,68
"I’ve been logging in multiple times, but it keeps kicking me out after a minute.",technical,80
The video playback is really choppy. It's making it hard to watch anything!,technical,75
I can't seem to access any of my previously saved files. They're just gone!,technical,75
"The system keeps telling me my password is incorrect, but I know it’s right.",technical,76
I noticed that the font size in the app is way too small to read comfortably.,technical,77
The website keeps giving me a 404 error when I click certain links. What’s up?,technical,78
I’m really annoyed that the app crashed while I was in the middle of working.,technical,77
"The app interface feels glitchy today, buttons aren't responding properly.",technical,74
Can someone explain why my reports are not generating? I'm stuck here.,technical,70
I’m having issues with the app freezing every time I try to run a report.,technical,73
Why is the loading time on the application taking forever? It's quite frustrating!,technical,82
The mobile version of the site does not load correctly. Please look into it.,technical,76
"My login attempts are failing, and I’m not sure why. Can you assist me?",technical,71
"I keep getting a pop-up for an update, but it doesn't install. What's the deal?",technical,79
"Every time I try to upload a file, the app crashes on me.",technical,57
The search function isn't working; it just shows a blank page.,technical,62
I keep getting an error message when I try to save my changes.,technical,62
Something's off with the display; it keeps showing weird symbols instead of text.,technical,81
The app is freezing whenever I switch tabs; it's super frustrating!,technical,67
I can’t access my settings; it just spins endlessly.,technical,52
The analytics dashboard shows incorrect data; it’s really misleading.,technical,69
I’m unable to export my reports; it keeps failing without any explanation.,technical,74
Why is the app running so slowly today? It's taking forever to load.,technical,68
Is anyone else having issues with the payment page crashing?,technical,60
"I thought the new update would fix bugs, but my app just crashed again.",technical,71
"The sync feature isn’t working, and I’m really in need of that right now.",technical,73
I’m getting a weird error code when I try to generate invoices. What does it mean?,technical,82
Can someone fix the problem with images not loading? It's really annoying.,technical,74
"The app logged me out unexpectedly, and now I can’t log back in.",technical,64
"When I click the 'Help' button, nothing happens - it’s like a dead link.",technical,72
I’m really frustrated because the chat function hasn’t been working for days.,technical,77
It’s not letting me delete any of my old messages; the button is unresponsive.,technical,78
The performance is terrible today; it takes ages to process any command.,technical,72
My notifications are delayed; some arrive hours after they should.,technical,66
Why does the dashboard keep refreshing on its own? It’s really distracting.,technical,75
The app crashed again while I was in the middle of an important task.,technical,69
I’m facing issues with the time tracking feature; it won’t start.,technical,65
Why can't I see the latest updates? The feed seems stuck.,technical,57
Is there a bug with the mobile version? It keeps closing unexpectedly.,technical,70
The app crashed while I was trying to save my changes.,technical,54
I keep encountering a timeout error when submitting my form. This is really annoying!,technical,85
"Every time I try to open the settings, the app just closes unexpectedly.",technical,72
The search function isn’t working. I can’t find anything I need!,technical,64
I’m receiving an error message that says 'Page not found' whenever I try to access the support page.,technical,100
It seems like the notifications aren't coming through. I missed an important update!,technical,84
Why is the website so slow today? It's taking forever to load any page.,technical,71
"I tried to export my data, but nothing happens when I click the button. Help!",technical,77
The photo upload feature is broken; it keeps saying the file is too large even when it’s not.,technical,93
I noticed that the app freezes when I navigate to the profile section. Can you look into it?,technical,92
It's really frustrating that the app crashes during high-traffic times. Can you fix this?,technical,89
I keep getting an 'unexpected error' when I try to delete my account.,technical,69
Is there a problem with the download link? I can’t seem to get the latest version.,technical,82
The chat support option just spins and never connects me to a representative. What’s going on?,technical,94
Can you please help me? The video playback is glitchy and makes it impossible to watch anything.,technical,96
The audio feature stopped working completely. I’ve tried restarting the app multiple times.,technical,91
"I can’t get the live updates to refresh, so I’m missing out on important information.",technical,85
"When I try to change my password, I just get a blank screen. This is frustrating!",technical,81
The data sync feature isn’t functioning; I noticed my files aren’t up to date across devices.,technical,93
I’m getting a pop-up saying 'System Error' every time I try to log in. What does that mean?,technical,91
Can you please check the stability of the app? It's been crashing a lot lately.,technical,79
I’m having trouble with the integration; it keeps failing and giving me a generic error.,technical,88
"The app keeps lagging, making it impossible to use effectively. Any tips?",technical,73
I can’t seem to access the new features you rolled out; they’re not appearing on my app.,technical,88
It’s really annoying that I can’t submit my feedback; the submit button doesn’t work at all.,technical,92
I can't seem to upload any files; it just keeps failing.,technical,56
The app freezes every time I open it—it's really annoying!,technical,58
I'm seeing a 'page not found' error when I try to access my profile.,technical,68
Why is the video player not working? It just shows a blank screen.,technical,66
"The search function isn't returning any results lately, what’s going on?",technical,72
"Every time I try to save my settings, it says 'error saving'.",technical,61
I've encountered a bug where notifications don't show up anymore.,technical,65
The integration with my calendar is glitchy; it doesn't sync properly.,technical,70
Can you check why the reports feature keeps crashing? I need it for work.,technical,73
I get a weird error when trying to reset my password; nothing seems to work.,technical,76
This is ridiculous! The app has been lagging for hours now.,technical,59
I keep getting an 'unauthorized access' message even though I'm logged in.,technical,74
The feature to add comments isn’t visible on my screen. Is it down?,technical,67
"Every time I try to download the app update, it fails halfway.",technical,62
It says 'service unavailable' when I try to check my account info.,technical,66
I noticed the charts aren’t loading. Can you fix that?,technical,54
"Whenever I try to use the live chat, the window just closes unexpectedly.",technical,73
The drag-and-drop feature isn’t functioning; it's really frustrating.,technical,69
"I thought the app was supposed to work offline, but it crashed when I lost connection.",technical,86
Why does it take so long to load the main dashboard? It’s super slow.,technical,69
I can't access any of my saved items; it's like they're vanished!,technical,65
"The notifications aren't working, so I'm missing important updates.",technical,67
Is there a bug with the payment process? It keeps saying 'processing'.,technical,70
"I tried reinstalling the app, but it’s still acting weird. What should I do?",technical,76
The font on the website looks messed up; it’s hard to read.,technical,59
The link I received for the webinar just leads to a 404 error page.,technical,67
I'm really annoyed that the app keeps throwing a network error every time I refresh it!,technical,87
"I just updated the software, and now it's not working at all. What happened?",technical,76
The search bar is completely unresponsive; I can't find anything.,technical,65
I was in the middle of a project when the app crashed and I lost everything. Can you help?,technical,90
Why does the notification feature seem to be broken? I'm missing important updates!,technical,83
I keep seeing a loading spinner that just won't go away when I try to access my settings.,technical,89
The video playback is choppy and keeps lagging. It's super frustrating!,technical,71
I have been getting a '404 Not Found' error when I try to access the help page.,technical,79
"The system doesn't recognize my login credentials, even though I know they're correct.",technical,86
Can you explain why the app is so slow today? It feels like it's crawling.,technical,74
There's a bug where my saved preferences don't stick. I have to reset them every time!,technical,86
"The interface is glitchy, and some buttons don't respond when I click them.",technical,75
I can't generate reports because there's an error showing about missing data. What should I do?,technical,95
"Every time I try to sync my data, it crashes. It's becoming a huge headache!",technical,76
I'm seeing an error message that says 'service unavailable' whenever I try to connect.,technical,86
The drag-and-drop feature for uploading files is just not working right now.,technical,76
Can you fix the bug that prevents me from changing my password? I'm stuck!,technical,74
"The app keeps timing out, and it's really impacting my workflow.",technical,64
I just encountered a strange error code while trying to save my work. What does it mean?,technical,88
It seems like the app is not sending notifications at all. I'm missing important alerts!,technical,88
The performance has been terrible lately. It takes forever to load even simple pages.,technical,85
Why does my app keep crashing whenever I try to use the chat feature?,technical,69
"I don’t know why, but my downloads are failing to complete. Help!",technical,65
"There’s a weird glitch where my profile picture won’t update, no matter what I do.",technical,82
The application freezes every time I try to save my progress.,technical,61
I’m facing an issue where the page won’t load at all. It’s been like this for hours.,technical,84
Could you please check the search functionality? It’s not returning any results.,technical,80
"I just updated the app, and now I can’t access my profile. What’s going on?",technical,75
"Every time I try to upload a file, I get a pop-up error saying 'Upload failed'.",technical,79
Is the server down? I can’t get any data from the dashboard.,technical,60
"I was in the middle of a task, and the app crashed without saving anything!",technical,75
There’s a weird glitch when I try to apply filters in the settings menu.,technical,72
I'm getting an error message when I attempt to connect with my account. It says 'Invalid credentials'.,technical,102
The notifications are not working at all. I’m not receiving any alerts.,technical,71
I keep getting a timeout error when trying to load the reports. Very frustrating!,technical,81
"I’ve cleared my cache and cookies, but the app still won’t function properly.",technical,77
The widget on my homepage isn’t displaying any data. It’s just blank.,technical,69
Help! The app is running so slow that it’s impossible to use it.,technical,64
"I tried to log out, but the button doesn’t seem to work. It’s really annoying!",technical,78
I can't seem to connect to the chat feature. It keeps crashing on my phone.,technical,75
The download link for the report is broken; it doesn't seem to work at all.,technical,75
There’s a constant error that says 'Database connection lost'. What does that mean?,technical,83
"I thought the bug was fixed, but I'm still experiencing the same issues.",technical,72
Can you explain why the app keeps shutting down unexpectedly?,technical,61
"The backup function doesn’t seem to save my data, which is concerning.",technical,70
I’m having trouble with the payment processing feature; it’s stuck on 'loading'.,technical,80
"The app has been glitching for the past few days, and it’s becoming unbearable.",technical,79
"The user interface is lagging, especially when switching between tabs.",technical,70
Why can’t I see my previous orders? The history feature is suddenly empty.,technical,74
The app keeps freezing when I try to open my profile.,technical,53
"I just tried to upload a file, but it keeps saying 'upload failed'.",technical,67
"Every time I click on the settings tab, nothing happens. It's super frustrating!",technical,80
I'm experiencing lag when navigating through the app. Can you help?,technical,67
The search function isn’t returning any results. What’s going on?,technical,65
I keep getting an error message when attempting to use the chat feature.,technical,72
The website won’t load properly on my browser. Is there a known issue?,technical,70
"I tried to use the scheduling tool, but it crashes every time I try to save an event.",technical,85
My notifications aren’t coming through. I've checked all my settings.,technical,69
The app crashes whenever I try to edit my profile. Can you fix this?,technical,68
Getting a weird error code when I try to generate reports. What’s that about?,technical,77
The video playback feature is stuck on loading. It’s really annoying!,technical,69
None of the buttons seem to be working on the homepage. Is anyone else having this issue?,technical,89
I can't access the analytics section; it just gives me a blank page.,technical,68
The update you pushed has caused my app to be super slow. What gives?,technical,69
"I tried resetting the password, but the email link isn't working.",technical,65
I keep seeing a pop-up that says 'something went wrong' whenever I log in.,technical,74
My transactions aren’t showing up properly. They keep disappearing.,technical,67
I can't delete old entries in my account; the option isn't responding.,technical,70
The chat feature keeps disconnecting me. This is becoming a hassle.,technical,67
"I tried using the export feature again, and it still isn't working!",technical,67
"Every time I try to use the feature for live updates, it fails.",technical,63
There's a glitch with the layout on my profile page; it's all messed up.,technical,72
The app is crashing on startup; I can't even get in anymore!,technical,60
I keep getting redirected to an error page when I try to access the dashboard.,technical,78
I can't seem to upload any files; it just hangs indefinitely.,technical,61
Why is the website so slow today? It's really frustrating.,technical,58
I keep getting a 'page not found' error when I click the settings tab.,technical,70
The notifications are not working at all; I'm missing important updates.,technical,72
Can you help me? The search function isn't returning any results.,technical,65
I'm having trouble syncing my data—it's been stuck for hours.,technical,61
"I thought the updates were supposed to fix the bugs, but it’s still not working right.",technical,86
The app crashes whenever I try to open my profile. Super annoying!,technical,66
I keep getting kicked out of the system every five minutes; it's really disruptive.,technical,83
The video playback feature is lagging a lot; it's almost unwatchable.,technical,69
"I tried to reset my password, but I never received the reset email.",technical,67
"It says my connection is lost, but my internet is fine. What's going on?",technical,72
The checkout feature isn't functioning; I can't complete my purchase.,technical,69
Why does the dashboard keep returning an error message when I refresh?,technical,70
The 'send' button is unresponsive in the chat feature. Help!,technical,60
I think there's a bug with the import function—nothing is appearing.,technical,68
My calendar events won't save after I create them; it's frustrating.,technical,68
The color picker tool crashes whenever I try to use it.,technical,55
"I've tried multiple browsers, but the site just won’t load for me.",technical,66
The map isn’t displaying correctly; it’s all garbled and weird.,technical,63
"Every time I try to update my profile picture, I get an error.",technical,62
The app is really slow this morning; it took ages to load.,technical,58
I can't see my recent transactions; the page just keeps loading.,technical,64
"I'm experiencing frequent freezes in the application, especially when trying to access my account settings.",technical,107
The upload function seems to be completely non-functional; I've tried several times with different files.,technical,105
"Every time I try to generate a report, the system shuts down. This is really frustrating!",technical,89
Can someone help me? The app won't even launch on my phone anymore.,technical,67
I keep getting a '403 Forbidden' error while trying to access certain features. What's going on?,technical,96
"The search feature isn’t returning any results, even for common terms. This is kind of a big deal.",technical,98
"I thought I was losing my mind, but the notifications don't seem to work at all. I get nothing!",technical,95
"My dashboard won't load properly, and I've cleared my cache multiple times. What else can I do?",technical,95
"I tried restarting my device, but the software still crashes whenever I attempt to save changes.",technical,96
It seems like the new update broke something. The app keeps throwing random error messages.,technical,91
"Help! Every time I try to log out, I end up stuck on a blank screen.",technical,68
The performance is so sluggish today that it’s making it hard to get any work done. What's the issue?,technical,101
I can't seem to edit any of my documents. Is there a problem with the editing tool?,technical,83
I'm getting an error message saying 'unable to connect' every time I open the app.,technical,82
The integration with other services isn't working as it should—I need a fix ASAP!,technical,81
"Whenever I attempt to send an email through the app, it just hangs there for ages. So annoying!",technical,95
I’m getting an error code 404 when trying to access my account history. Can you assist?,technical,87
The app keeps crashing right after I open it on my tablet. It worked fine last week.,technical,84
"My settings won't save, and I’m getting really frustrated trying to update them.",technical,80
Why is the import feature not functioning? I have important data that I need to transfer.,technical,89
"Every time I try to submit a form, it gives me a 'server error'. Very inconvenient!",technical,83
"The calendar feature is displaying the wrong dates, and it’s causing me a lot of confusion.",technical,91
This is ridiculous! I'm stuck on a loading screen and can't get anything done.,technical,78
The application is super unresponsive today. I can't even navigate through the menus!,technical,85
"I’ve noticed the sound notifications aren’t working, even though my volume is up. Help!",technical,87
The app crashes during updates. It’s happened three times now. Can someone look into this?,technical,90
My app keeps freezing when I try to open it.,technical,44
I noticed that the analytics page isn't loading properly.,technical,57
The submit button isn't responding at all. I've tried multiple times.,technical,69
"Can you help me? Every time I try to update my profile, I get an error message.",technical,79
The interface is lagging so much today! It's almost unusable.,technical,61
I keep getting a message saying 'unexpected error' when I try to save my settings.,technical,82
Why does the search function return no results even for common terms?,technical,69
I'm really frustrated because the sync feature hasn't worked all week.,technical,70
"Each time I try to upload a file, it just crashes. What gives?",technical,62
"The app was working fine, but now it simply won't open on my phone.",technical,67
"I don't know what's going on, but my notifications aren't showing up!",technical,69
Is the chat feature down? I can’t send any messages.,technical,52
The app throws a random error when I try to access the help section.,technical,68
"I’m receiving a 'permission denied' message, and I haven’t changed anything.",technical,76
I have an issue with the import feature; it fails halfway through.,technical,66
Can you please fix the bug that prevents me from deleting items from my list?,technical,77
It's really annoying that the dashboard doesn't refresh automatically anymore.,technical,78
"My profile photo won’t upload, and I’ve tried multiple formats.",technical,63
The whole system seems to be down right now. Is there maintenance happening?,technical,76
I’m experiencing a weird glitch when trying to edit my documents.,technical,65
"Every time I attempt to generate a report, the system crashes.",technical,62
I’ve cleared my cache but the app is still super slow today.,technical,60
The pagination on my results page is completely broken.,technical,55
I just want to know why the app keeps giving me a black screen.,technical,63
I can’t get past the loading screen; it just hangs there.,technical,57
The new update seems to have messed up my app; can you roll it back?,technical,68
The app freezes whenever I try to upload a photo.,technical,49
I keep getting an error message that says 'Connection Failed'. What’s going on?,technical,79
Your website keeps timing out when I attempt to access my account. Please fix this!,technical,83
"I thought the new update would fix the bugs, but the app is still glitching.",technical,76
Can someone explain why the notifications are not showing up? It's really frustrating!,technical,86
"I tried to add a new payment method, but I keep getting an error. Help!",technical,71
The search function isn’t working at all. I can’t find anything!,technical,64
I keep getting an 'access denied' message when trying to view my previous orders.,technical,81
The video playback is super choppy. It makes it impossible to watch anything!,technical,77
I'm experiencing lag every time I try to load a new page. What’s taking so long?,technical,80
I received a pop-up error when I was trying to save my document. This is annoying!,technical,82
The app crashes right after I open it. I can't even get to the main screen!,technical,75
I’ve noticed that the chat feature is completely unresponsive today. Is it down?,technical,80
"I’ve been trying to sync my data, but nothing seems to be happening.",technical,68
My dashboard layout looks all messed up since the last update. Can you fix that?,technical,80
I can’t access the help section – it just leads me to a blank page.,technical,67
It’s been 20 minutes and the upload is still stuck at 10%. What’s going on?,technical,75
"After the last update, my app keeps shutting down unexpectedly.",technical,63
"The reports I generate are coming up blank, and this has never happened before.",technical,79
I can't reset my password because the link in the email isn’t working.,technical,70
The interface is really slow and it takes forever to respond to my clicks.,technical,74
I keep seeing a weird message pop up saying 'Undefined Error’. What does that mean?,technical,83
The app won’t let me proceed to checkout. This is really disappointing!,technical,71
"Every time I try to log out, I get an error message. This is so frustrating!",technical,76
My screen went black when I tried to open the app. What should I do?,technical,68
I’m stuck in a loop where I can’t get past the login page. This is so annoying!,technical,79
The app crashes every time I try to upload a file.,technical,50
"I'm experiencing random freezes while using the software, it's super frustrating!",technical,81
Can you help me? The settings page won't load at all.,technical,53
I keep getting a blank screen when I try to access the reports section.,technical,71
My notifications aren't showing up. Is there a glitch?,technical,54
I'm really annoyed because the video player won't even start.,technical,61
"Every time I refresh the page, I get kicked out of my account!",technical,62
The search function is completely broken; it just returns no results.,technical,69
"I tried to save my work, but the save button isn't responding.",technical,62
The link you sent me leads to an error page. What's going on?,technical,61
There's an issue with the color settings; they keep resetting to default.,technical,73
I can't edit my profile; it says there's an internal error.,technical,59
"The app has been loading forever, it feels like it’s stuck in a loop.",technical,69
I just got a pop-up saying the server is down. What's happening?,technical,64
"My dashboard is super slow today, it's taking ages to load anything.",technical,68
The import feature is not working; it keeps showing a format error.,technical,67
"I've reported this bug before, but it's still not fixed! I'm really frustrated.",technical,79
The software crashed in the middle of my presentation. Very unprofessional!,technical,75
I'm getting an error message saying 'access denied' when I try to view my tasks.,technical,80
"Every time I try to log out, the app freezes. Can you fix this?",technical,63
I don't understand why the app is running so slow today. Any idea?,technical,66
There's a bug that prevents me from accessing my archived messages.,technical,67
"I just installed the latest update, and now nothing is functioning properly.",technical,76
Has the chat feature been disabled? It just won't work anymore.,technical,63
The cursor keeps disappearing when I try to use the editing tools.,technical,66
"I tried to upload a photo, but nothing happens.",technical,47
The app keeps freezing when I open the settings page.,technical,53
I'm seeing a strange error message when I try to save my work.,technical,62
Can you please fix the search feature? It’s just not returning any results.,technical,75
I keep getting kicked out of the app unexpectedly.,technical,50
The button to submit my form isn't working; I've clicked it multiple times.,technical,75
I can’t seem to access the reports section; it just shows a blank page.,technical,71
My game keeps crashing right before I reach a new level.,technical,56
The notifications aren't coming through; is there a bug?,technical,56
"Whenever I try to reset my password, I get an error code. What’s going on?",technical,74
"The app is running super slow today, like it's stuck.",technical,53
I noticed that the filters on the dashboard aren't functioning correctly.,technical,73
The feature for exporting data seems to be broken—I've tried multiple times!,technical,76
I can't see any of my recent transactions; it just says 'loading.',technical,66
I can't believe the app keeps throwing a '503 Service Unavailable' error!,technical,73
"Every time I click on the help section, it leads me to a 404 page.",technical,66
My app regularly crashes when I try to use the camera feature.,technical,62
The settings menu doesn't seem to respond when I click on it.,technical,61
The syncing feature is not working; my files aren’t up to date.,technical,63
"I’ve been trying to access the dashboard for hours, but it won’t load!",technical,70
The chat feature keeps disconnecting every few minutes.,technical,55
I can’t get past the welcome screen; something has to be wrong.,technical,63
"The app just updated, and now I can’t find any of my saved projects.",technical,68
I’m getting a blank screen when I try to access my profile.,technical,59
Can someone look into why I’m having error code 403 every time I log in?,technical,72
The app keeps freezing every time I try to upload a file.,technical,57
"I can't get the search feature to work. Every time I enter a term, it returns no results!",technical,89
Why does your software keep crashing when I try to save my work? This is really frustrating!,technical,92
I just received an error message that says 'access denied' when I try to view my profile.,technical,89
"The notifications aren't coming through, and I'm missing important updates. Can you help?",technical,89
"Every time I try to generate a report, I get a blank page instead. What's going on?",technical,83
The screen goes black whenever I try to load the settings page. This needs fixing ASAP!,technical,87
I'm encountering a bug that prevents me from editing any of my documents. It's very inconvenient.,technical,97
Can you look into why the app is running so slowly? I can barely use it.,technical,72
"I tried reinstalling the app, but the same issues keep popping up. Any advice?",technical,78
I keep getting an 'unexpected error' message when I try to log out. It's super annoying!,technical,88
"The calendar feature isn't syncing with my events, and I'm missing appointments!",technical,80
I can’t access certain features due to an error message that keeps appearing. It’s really bizarre.,technical,98
Is anyone else having issues with the chat feature? It won’t load for me at all.,technical,80
I need help with a feature that's supposed to work but isn't responding. What should I do?,technical,90
"I attempted to update the software, but I keep getting a pop-up saying the update failed.",technical,89
"The page loads, but all I see is a spinning wheel. It’s been like this for over an hour.",technical,88
"Is it just me, or is there a glitch in the payment section? I can't proceed with my purchase.",technical,93
I’m getting weird error codes when trying to access my files. Can you help me troubleshoot?,technical,91
I'm not able to log in after the latest update. It keeps saying 'invalid credentials.',technical,86
"Every time I try to change my password, I get a message that says 'action not allowed.'",technical,87
"The video playback keeps stuttering, and it's ruining my experience. Any fixes?",technical,79
I noticed that some of the features are missing after the last update. Did you remove them?,technical,91
I’m having trouble connecting to the server; it keeps timing out. What can I do about it?,technical,89
My app crashes every time I try to use the new feature. This needs urgent attention!,technical,84
The website keeps freezing when I try to upload my photos.,technical,58
Can someone explain why the app crashes every time I open it? It’s really frustrating!,technical,86
My dashboard isn't loading at all. I've tried refreshing multiple times.,technical,72
The notifications aren't working; I don't receive any updates anymore.,technical,70
"I tried to delete a file, but it just keeps spinning and won't go away.",technical,71
"The search function doesn’t seem to pull up any results, even for popular items.",technical,80
It says 'error 404' whenever I click on the help link. What’s going on?,technical,71
"I noticed my app keeps logging me out unexpectedly, and it's getting annoying.",technical,78
The mobile version is super slow today—it's almost unusable!,technical,60
I can't even get to the checkout page; it just shows a blank screen.,technical,68
The interface is glitchy; buttons sometimes don’t respond when I click on them.,technical,79
"The live chat feature is down, and I really need help right now.",technical,64
Why is everything taking forever to load? I need to access my files right away!,technical,79
My account analytics are not updating. They still show last week's numbers!,technical,75
The document I exported is corrupted. I can't open it on any program.,technical,69
"Whenever I try to share a link, the app crashes. Can you fix this?",technical,66
"I've cleared my cache, but the app still runs very slow.",technical,56
"I tried installing the latest update, but it fails every time.",technical,62
Something's wrong with the payment portal; it keeps saying 'error' when I try to pay.,technical,85
Is anyone else having issues with the app not syncing properly? It's really inconvenient.,technical,89
I can't find the feature to change my password; it just keeps redirecting me.,technical,77
The notifications I set up aren’t showing at all. I need those reminders!,technical,73
"Every time I click on the history tab, it just shows a loading icon and nothing else.",technical,85
Can you please check why the fonts are all messed up in the report I generated?,technical,79
I'm having trouble with the search feature; it just doesn't return any results.,technical,79
Could you help me? The notifications aren't popping up for new messages.,technical,72
I'm getting a 'Page Not Found' error when I click on the support link.,technical,70
The app crashes unexpectedly when I try to edit my profile.,technical,59
"My account just logged me out randomly, and now I can't get back in.",technical,68
Is there something wrong with the chat function? I can't see any of my past messages.,technical,85
"I've tried to refresh the page multiple times, but it keeps saying it's loading.",technical,80
"Every time I attempt to save my changes, it exits out without saving anything.",technical,78
"The upload button doesn't seem to be working at all, can you look into that?",technical,76
I'm really frustrated because your system keeps timing out during my work.,technical,74
"The status bar is stuck, and it won’t let me proceed any further.",technical,65
"When I try to switch tabs, the app just shuts down on me.",technical,57
The video feature won't play anything; it's been like this for days!,technical,68
I keep receiving an error message when I try to access my account settings.,technical,75
Could you check why the app is lagging so much today? It’s super slow.,technical,70
The download link seems broken; I can't get the file I need.,technical,60
The notifications are coming in late or not at all; this is really causing issues.,technical,82
"I tried using the new feature you released, but it doesn’t seem to work as described.",technical,85
"The system just crashed while I was trying to generate a report, which is really frustrating.",technical,93
I can’t find any way to reset my password; the link doesn’t work.,technical,65
The error code 404 keeps popping up. What does that even mean?,technical,62
I noticed that the layout changes every time I log in. It's confusing.,technical,70
The editing tools are not responsive; I'm having a hard time making any changes.,technical,80
"My session keeps expiring too quickly, and I lose all my progress.",technical,66
"The app doesn't seem to recognize my input on the form, which is frustrating.",technical,77
The app freezes every time I try to open it.,technical,44
I keep getting a blank screen after the latest update.,technical,54
"My notifications aren’t working at all, and it’s really frustrating.",technical,68
"Every time I try to save my settings, the app crashes.",technical,54
The website keeps timing out when I attempt to load the page.,technical,61
I’m getting an error message when I try to print my document.,technical,61
The video playback is really choppy; it's unwatchable.,technical,54
I can't seem to access my files; it says they're corrupted.,technical,59
"The search function isn’t returning any results, even for common terms.",technical,71
"The automatic updates keep failing, and I’m not sure why.",technical,57
My connection keeps dropping while I'm trying to use the service.,technical,65
The chat feature is not responding; I can't send any messages.,technical,62
"I’m having trouble syncing my data, can you help?",technical,49
The app keeps crashing whenever I open my profile.,technical,50
"I just updated, and now the app won’t even start!",technical,49
I'm facing issues with the payment processing page; it just hangs.,technical,66
The dashboard layout is all messed up after your last update.,technical,61
"I can’t seem to delete my account, the option isn’t there anymore.",technical,66
"The interface is super slow today, it’s making it hard to use.",technical,62
I keep getting redirected to a 404 page when I click on my orders.,technical,66
The keyboard shortcut I used to rely on doesn’t work anymore.,technical,61
My saved addresses aren’t showing up; it’s quite annoying.,technical,58
"The app keeps prompting me to log in, but I already am.",technical,55
I can’t change my profile picture; it just won’t upload.,technical,56
"I was in the middle of something important, and the app just crashed!",technical,69
The app just freezes every time I try to upload a photo.,technical,56
The latest update seems to have broken the search function. It's not returning any results at all.,technical,98
I'm really frustrated because the notifications aren't working properly. I've missed a lot of important updates.,technical,112
Why does the app keep crashing when I switch tabs? It's driving me crazy!,technical,73
I can't access the settings menu; it's just a blank screen. What's going on?,technical,76
"Every time I try to generate a report, it times out. This is really inconvenient.",technical,81
"The page is loading so slowly, I thought my internet was down. It's taking forever.",technical,83
I ran into a weird bug where the interface rearranges itself randomly. Please fix this!,technical,87
The syncing feature doesn't seem to be working – my files aren't updating across devices.,technical,89
I received an unexpected error while trying to log out of the app. Can you look into that?,technical,90
The performance has really dipped since the last update. Is there a known issue?,technical,80
"I tried using the chat feature, but it's stuck on loading. Feels like it’s broken.",technical,82
The notifications overlap with the app's content and are unreadable. That's really annoying!,technical,92
I can't seem to access my account settings; it keeps saying '403 Forbidden'. What does that mean?,technical,97
The app crashes whenever I reopen it after closing it. This is really frustrating!,technical,82
I encountered a weird glitch where I can't scroll past the first few items on the list.,technical,87
"I'm getting a message saying something went wrong, but it doesn't tell me what. Can you clarify?",technical,96
The videos won't play on my device anymore. Did something change?,technical,65
"I just installed the update, and now none of my saved preferences are loading. What’s up with that?",technical,99
My dashboard is completely blank – I can’t see any of my data. What happened?,technical,77
The text in the app is all jumbled up and hard to read. Please fix this ASAP!,technical,77
Something is definitely wrong with the data import feature; it keeps failing mid-process.,technical,89
I keep receiving 'Session Expired' errors every time I try to refresh the page. It's really inconvenient.,technical,105
The app won’t let me create new entries; it just displays a spinning wheel indefinitely.,technical,88
My app keeps freezing every time I try to open a file.,technical,54
I noticed that the search function isn’t working at all. It just returns no results.,technical,84
Could you please help me? The website doesn’t load properly on my browser.,technical,74
I'm really frustrated because the download feature doesn't seem to work right now.,technical,82
"Every time I click on the settings tab, the app crashes. This is getting annoying.",technical,82
Is anyone else having trouble accessing their account today? Mine won’t load.,technical,77
I keep getting an error message that says 'file not found' when I try to upload documents.,technical,90
"The notifications aren’t showing up. I’ve checked my settings, but nothing seems to work.",technical,89
"I tried to update my profile, but it keeps saying 'update failed'. What’s going on?",technical,83
The system has been lagging for hours. It’s really affecting my workflow.,technical,73
I keep receiving a '403 forbidden' error message when trying to access certain features.,technical,88
The video playback is buffering constantly. It’s super frustrating!,technical,67
"I reached out earlier, but the chat feature is still not functioning properly for me.",technical,85
"Whenever I try to switch accounts, the app just crashes immediately.",technical,68
The formatting options in the text editor are completely missing. Help!,technical,71
My dashboard won’t load any data today. It’s like it’s stuck or something.,technical,74
I’m experiencing a 404 error when I try to access the help page.,technical,64
"The app is running so slowly today, I might as well be using dial-up.",technical,69
I can’t seem to save my changes. The save button doesn’t respond at all.,technical,72
The sync feature isn’t working; my data is not updating across devices.,technical,71
"I’ve tried everything, but the app keeps telling me it's 'offline'. What gives?",technical,79
I constantly see a 'session expired' notification even though I’m logged in.,technical,76
The printer settings on the application are all messed up. I can’t seem to fix it.,technical,82
The link to reset my password isn’t sending me any email. I’ve checked my spam too.,technical,83
Can you look into why the color picker tool isn’t working in the design section?,technical,80
The app is freezing every time I attempt to upload a file!,technical,58
Can someone please fix the search function? It doesn’t return any results.,technical,74
I’m unable to complete my payment because the system just hangs.,technical,64
"The page won't load, and I'm worried I might miss my deadline!",technical,62
"Every time I open the app, it crashes right away. So frustrating!",technical,65
I'm seeing a '403 Forbidden' message when I try to access certain features.,technical,75
The analytics dashboard is loading very slowly today. Is something wrong?,technical,73
"I tried to generate a report, but it says there’s an internal error.",technical,68
The notifications aren’t displaying as they should; I’m missing out on important updates.,technical,89
I can't export my data; the option is greyed out. What’s going on?,technical,66
The chat feature isn't working properly. I can't send messages anymore.,technical,71
My profile keeps reverting to old information; it's really annoying!,technical,68
"Whenever I try to edit my settings, I get a 'not found' error.",technical,62
The app keeps crashing on my phone when I switch between tabs.,technical,62
I'm getting weird glitches on the homepage that make it unreadable.,technical,67
The website is down for me. Is anyone else having this issue?,technical,61
I keep getting an error message when I try to log out. It won’t let me!,technical,71
The print function is broken; nothing comes out when I try to print.,technical,68
It seems like the loading speed has drastically decreased. Can you check?,technical,73
I’ve encountered a bug while viewing the reports; please investigate.,technical,69
"The app won’t recognize my new login credentials, despite them being correct.",technical,77
I think there’s a bug in the new update; it keeps freezing on my screen.,technical,72
The video player isn’t working; it just shows a black screen.,technical,61
Is the system down for maintenance? It’s been unusually slow all day.,technical,69
I can’t access the settings page. It keeps redirecting me to the homepage.,technical,74
The app freezes when I attempt to upload files. It's super annoying!,technical,68
I'm experiencing a constant timeout issue when using the search feature.,technical,72
Is there a reason the report generation tool isn’t working? It just goes blank.,technical,79
"I've tried to refresh the page several times, but it just won’t load.",technical,69
The notifications aren't popping up anymore. Can you look into that?,technical,68
I keep getting a blue screen when I try to access my account settings.,technical,70
"When I try to export my data, nothing happens. What's going on?",technical,63
I can’t believe the app crashed again; this has happened three times today!,technical,75
I’m really frustrated—my sessions keep dropping unexpectedly.,technical,61
The new update seems to have broken the chat feature. It won't open!,technical,68
Why does the dashboard show outdated information? It’s so confusing.,technical,68
"Every time I try to sync with my device, it fails. Help!",technical,56
I noticed the image uploads are failing. Is there a known issue?,technical,64
Can you tell me why the login page keeps saying ‘unresponsive’?,technical,63
"I’ve been trying to access my saved files, but the system says they don’t exist.",technical,80
There’s a glitch in the payment processing section; it keeps displaying errors.,technical,79
"I tried to clear my cache, but the app still won’t start properly!",technical,66
"Seriously, the drag-and-drop function isn’t working at all. It’s a pain.",technical,72
Why does the app run so sluggishly today? It’s driving me crazy!,technical,64
I can’t change my password because the reset link isn't working.,technical,64
"The pop-up alerts are not showing up, which makes it hard to know what’s happening.",technical,83
I’m getting a 404 error when trying to access user settings. Help!,technical,66
The formatting options are all messed up on my documents. What’s up with that?,technical,78
I'm encountering a persistent error when trying to log activity. It's so frustrating!,technical,85
"I keep receiving a message that my session has expired, but I wasn’t even logged out.",technical,85
The app freezes every time I try to update my profile.,technical,54
"I just tried to upload a file, and it keeps showing an error message. Can you help?",technical,83
I’ve noticed that the search function isn’t returning any results lately.,technical,73
My notifications aren’t working at all! I’m missing important updates.,technical,70
"Every time I click on the settings tab, the app crashes. What’s going on?",technical,73
The video playback is really choppy on my device. Is there a fix for that?,technical,74
I can't access the help section; it just keeps loading indefinitely.,technical,68
Can someone please explain why I’m getting a blank screen after logging in?,technical,75
I’m having issues with the chat feature; it doesn’t seem to connect anymore.,technical,76
The latest update has made the app super slow. I can barely use it!,technical,67
"I tried to reset my password, but the link didn’t work. What should I do?",technical,73
The icons in the app are not displaying correctly on my screen.,technical,63
I’m getting a weird glitch when I try to view my dashboard. It’s really annoying.,technical,81
The app crashes every time I try to log out. Can you look into this?,technical,68
"I’ve been trying to generate reports, but it says ‘feature unavailable’ every time.",technical,83
I really need help with the syncing feature—it's just not working for me.,technical,73
The colors in the app are all messed up. Is there a known issue?,technical,64
I keep receiving a network error when trying to connect. This is frustrating!,technical,77
The app doesn’t seem to respond when I tap the buttons. Am I the only one?,technical,74
I can’t open any of my previous projects; they all show an error.,technical,65
"I’ve been trying to access the settings, but they aren’t loading for some reason.",technical,81
"Every time I try to log in, I get a message saying ‘user not found.’ What’s up with that?",technical,89
The latest update broke something; my dashboard layout is completely off.,technical,73
Why does the app keep crashing when I try to share my file? This is so annoying!,technical,80
The app freezes whenever I try to upload a file.,technical,48
I keep getting a 'page not found' error when I click on support.,technical,64
Is anyone else having trouble with the sync feature? It's not working for me.,technical,77
"The notifications aren't showing up on my device, which is super frustrating.",technical,77
"I can't seem to change my password; every time I try, it says there's a server issue.",technical,85
The search function in the app is giving me a lot of weird results lately.,technical,74
I had to restart my device because the app got stuck. What’s going on?,technical,70
"The reports are taking forever to load, and I need them for a meeting!",technical,70
"Every time I try to save my progress, the system crashes. It’s really annoying.",technical,79
Can you look into the fact that the desktop version is so laggy today?,technical,70
I’m getting strange error messages when trying to update my profile.,technical,68
The chat feature has been offline for the past hour. Can you check that?,technical,72
I've noticed that some features are missing from the latest update. What happened?,technical,82
The app won’t even open anymore; it just crashes immediately on startup.,technical,72
I'm experiencing a lot of bugs with the last version of the software. Help!,technical,75
"My dashboard is missing critical widgets, and I can't get them back.",technical,68
It seems like the app is constantly buffering. It's really slowing me down.,technical,75
I can't access any of the features after the latest update. What should I do?,technical,77
The videos won't play on my account despite my internet being fine.,technical,67
I’m having trouble tracking my expenses; the app keeps freezing.,technical,64
Why does the upload feature always fail halfway? It's so frustrating.,technical,69
I keep getting a timeout error when I try to submit my form.,technical,60
The layout is all messed up on my tablet. Is it a bug or something?,technical,67
I can't access the help section because it gives me a 404 error.,technical,64
The app crashes whenever I switch between tabs. Can you fix this?,technical,65
I don’t understand why the app keeps logging me out unexpectedly.,technical,65
The app crashes every time I try to save my project.,technical,52
I’m getting a weird error message when I try to upload images. Can you help?,technical,76
"The search function isn’t working at all, it just keeps loading.",technical,64
I’m really frustrated because the site keeps timing out when I'm trying to check out.,technical,85
"I tried accessing the help section, but it’s completely blank for me.",technical,69
There’s a glitch in the notification system; I’m not getting any alerts.,technical,72
My screen freezes whenever I try to switch tabs in the app. What’s going on?,technical,76
The latest update seems to have broken the chat feature. Please fix it ASAP!,technical,76
I keep encountering a 'Page Not Found' error when clicking on certain links.,technical,76
This software is running way slower than usual. It’s really annoying!,technical,69
I can’t seem to edit my profile; the save button doesn’t respond.,technical,65
"Every time I open the app, it logs me out without any reason.",technical,61
I just got a message saying 'unknown error.' What does that even mean?,technical,70
The map feature isn’t displaying any locations correctly; it’s a bit confusing.,technical,79
"I’ve tried refreshing multiple times, but the dashboard still won’t load.",technical,73
"The payment page won't accept my card, and it keeps saying 'Invalid details.'",technical,77
Why does the app keep crashing during video calls? It’s so unreliable!,technical,70
The color palette tool is stuck on one color; it's not letting me change it.,technical,76
My analytics reports are showing incorrect data. This needs to be resolved quickly.,technical,83
"Every time I try to print a document, the app freezes completely.",technical,65
I’m facing issues with syncing my data across devices; it’s frustrating!,technical,72
The error message I get when trying to export files makes no sense.,technical,67
"I thought the bugs were fixed in the last update, but they’re still here!",technical,73
I can’t seem to access my saved items; the button doesn’t respond at all.,technical,73
"Suddenly, the audio feature has stopped working in the app. What happened?",technical,74
I can't access my account; the page just freezes.,technical,49
The app keeps giving me an error message when I try to upload pictures.,technical,71
Why does your software keep crashing every time I try to save my work?,technical,70
I noticed the search function isn’t working at all today.,technical,57
Can someone please fix the bug that's making my profile page blank?,technical,67
The notification feature isn't alerting me like it's supposed to.,technical,65
My dashboard keeps showing an outdated version; can you check that?,technical,67
"I’ve been trying to generate reports, but the system just hangs up.",technical,67
"The mobile app is super slow, and it keeps timing out.",technical,54
I keep getting a pop-up saying 'error loading data' when I log in.,technical,66
It seems like the chat feature is completely unresponsive right now.,technical,68
"After the last update, I can’t find my saved drafts anymore.",technical,60
The widget you provided won’t load on my site; what’s going on?,technical,63
"I'm really frustrated; I just want to uninstall the app, but it won’t let me.",technical,77
"Every time I refresh the page, the content disappears—I need help!",technical,66
The link you sent me to access the tutorial just gives me a 404 error.,technical,70
Is anyone else having issues with the app crashing when trying to create new projects?,technical,86
"Your system is throwing up random errors, and it's really annoying.",technical,67
I can't use the live chat feature; it keeps disconnecting.,technical,58
My files are not syncing properly between devices; what should I do?,technical,68
The settings menu is not responding when I click it—ugh!,technical,56
"I’ve submitted feedback countless times, but the bugs still exist.",technical,66
The drag-and-drop function is acting weird; it won't let me drop anything.,technical,74
It feels like the app is stuck in a loop; I can’t seem to get past the loading screen.,technical,86
I'm having trouble accessing the help section; nothing loads on that page.,technical,74
The application keeps freezing when I try to save my changes.,technical,61
I noticed that the search function isn't returning any results; it's really frustrating.,technical,88
Can you help me? I keep getting a 'page not found' error when trying to access my profile.,technical,90
"Every time I log in, I see a weird error message. It’s super annoying.",technical,70
"I’ve been trying to upload files, but I keep getting an upload failed notification. What’s going on?",technical,100
"The app works fine, but the notifications won’t stop pinging nonstop.",technical,69
Why is the download speed so slow today? It’s taking forever to get anything done.,technical,82
I can't use the chat feature; it just doesn't load properly.,technical,60
The latest update seems to have broken the analytics dashboard. What do I do?,technical,77
My account keeps logging me out unexpectedly. This is really inconvenient!,technical,74
"I tried to reset my password multiple times, but the email isn't coming through.",technical,80
The app crashes every time I try to view my settings. Can you fix this?,technical,71
"I just installed the update, and now my favorite feature is missing!",technical,68
The video playback is stuttering for me. Is there a known issue with that?,technical,74
I’m getting constant error messages when I try to print from the app.,technical,69
Can you check why my notifications aren’t showing up anymore? I need them.,technical,74
There’s a glitch in the profile section where it won’t let me change my email.,technical,78
The sync feature isn't working; my files aren’t showing on other devices.,technical,73
I encountered a 404 error when trying to access the help section. Help!,technical,71
"Every time I navigate to a different page, the app crashes. This is getting old.",technical,80
I can't seem to find the settings for notifications; the menu isn’t responding.,technical,79
The app is extremely slow today; it took ages to load my dashboard.,technical,67
Can you please explain why my data isn't syncing with the cloud? This is frustrating.,technical,85
Why is the performance so sluggish? It used to be much faster.,technical,62
I’m having trouble with the payment gateway; it keeps throwing errors.,technical,70
"I tried to update my profile picture, but it keeps failing to upload.",technical,69
The search function isn't returning any results for me.,technical,55
I keep getting a timeout error when I try to upload files.,technical,58
Why is the page loading so slowly? It's really frustrating.,technical,59
The app just crashes every time I open it. Can you help?,technical,56
I can't seem to access my account settings; the button isn't working.,technical,69
I'm experiencing a glitch with the notifications—they won't disappear.,technical,70
The calendar sync feature isn't working; my events aren't showing up.,technical,69
I'm getting a weird error message when I try to run the report.,technical,63
Can someone look into why the app is freezing? It’s unusable right now.,technical,71
The video upload feature never seems to work correctly. What's going on?,technical,72
I've been experiencing several bugs since the last update. Can you fix that?,technical,76
I need help! The checkout process keeps failing and it's super annoying.,technical,72
I'm having a hard time with the live chat feature; it keeps disconnecting.,technical,74
Why doesn't the save option work when I'm drafting a message?,technical,61
The app crashes whenever I open it on my tablet. Please investigate.,technical,68
I'm having issues with the item search; it doesn't seem to recognize anything.,technical,78
"The comment section is broken, and I can't leave feedback.",technical,58
Can you check why the dashboard isn't refreshing with the latest data?,technical,70
I keep getting a 'page not found' error when I access the help section.,technical,71
I'm really frustrated that the analytics aren't loading as they should.,technical,71
The app just hangs when I try to switch between tabs. It's so annoying!,technical,71
The export to CSV isn't working; it keeps giving me an error.,technical,61
I can’t log in through the app—I keep getting redirected to the homepage.,technical,73
There's a bug where the images won't load properly on my profile page.,technical,70
Can someone please take a look at the reporting tool? It crashes constantly.,technical,76
I cannot access my account; it keeps showing a 'page not found' error.,technical,70
"I tried using the search function, but it just returns an empty result every time.",technical,82
The notifications aren't working; I’m missing important alerts!,technical,63
I'm really frustrated with the app crashing during my calls.,technical,60
There’s a bug in the settings menu; I can’t change my password.,technical,63
The website is taking forever to load today; what's going on?,technical,61
My chart keeps displaying 'data unavailable' even though I know there is data.,technical,78
I found a glitch when I try to delete messages; nothing happens.,technical,64
"Every time I save my changes, they don't stick. What’s wrong?",technical,61
The video feature just won’t play for me; it's stuck on loading.,technical,64
I keep getting a '403 Forbidden' error when I try to access the reports.,technical,72
Can someone please look into why the sync feature isn't working?,technical,64
The app keeps crashing right after I try to submit a form.,technical,58
I’ve been experiencing lag when switching between tabs; it's driving me nuts!,technical,77
Is there a known issue with importing files? I keep getting an error message.,technical,77
I'm unable to initiate a chat; the button seems to be broken.,technical,61
My dashboard isn’t updating properly; the numbers are stuck.,technical,60
"It keeps telling me there’s an update available, but I can’t install it.",technical,72
The save feature is glitching; I lose my work every time.,technical,57
I’m getting random error messages popping up when I’m navigating the site.,technical,74
Can you check why the integration with XYZ isn't functioning? It was fine before.,technical,81
I can't seem to log out properly; the button won’t respond.,technical,59
"The sound on the application isn’t working, and it’s really frustrating.",technical,72
The app keeps crashing when I try to access my settings.,technical,56
I can't access my account; it keeps showing an error message.,technical,61
The app freezes every time I try to save my changes.,technical,52
Why does the search function always return no results? It's really frustrating!,technical,79
"I tried to upload a file, but I keep getting a timeout error.",technical,61
"The notifications aren't showing up, even though I have them turned on.",technical,71
I encountered a bug where the images don't load on the profile page.,technical,68
"Every time I refresh the page, it crashes. This is so annoying!",technical,63
The settings page is completely unresponsive on my mobile device.,technical,65
"I don't know what's going on, but the app is way slower than usual.",technical,67
There's a glitch in the app that makes the buttons disappear occasionally.,technical,74
"I'm unable to connect to the server for some reason, can you help?",technical,66
The calendar sync feature isn't working; I've tried everything.,technical,63
I keep getting an error when I try to export my data. What gives?,technical,65
The app just closed itself while I was using it—what happened?,technical,62
Searching for products doesn’t seem to do anything; it just sits there.,technical,71
"My profile photo won't update, no matter how many times I try.",technical,62
This is ridiculous! The checkout process keeps crashing.,technical,56
I’ve noticed that the app is missing some features that were there before.,technical,74
"The analytics tool is showing inaccurate data, which is really concerning.",technical,74
I can’t seem to change my password; the option is grayed out.,technical,61
"Whenever I try to open the help section, it takes forever to load.",technical,66
The chat support feature is broken—can you fix it?,technical,50
"I received a notification about a feature update, but nothing has changed.",technical,74
The app keeps asking me to log in again for no reason.,technical,54
"The video player is buffering constantly, making it unusable.",technical,61
I'm facing an issue with the import feature; it doesn't recognize the file format.,technical,82
I can't seem to access the settings page; it's just stuck on loading.,technical,69
Is anyone else having issues with the search function not returning any results?,technical,80
My notifications aren’t working. I’m missing important updates!,technical,63
I keep getting a blank screen when I open the help section.,technical,59
The website is running super slow today. It’s almost unusable.,technical,62
"Every time I submit a form, I receive an error message. Can you fix this?",technical,73
"I tried updating the app, but now it's crashing when I launch it.",technical,65
The payment processing feature is completely gone; what happened?,technical,65
Why does the app keep logging me out? It's really frustrating.,technical,62
I noticed some of my files are not syncing properly. What’s going on?,technical,69
I can’t view the reports. The page keeps timing out.,technical,52
I’m receiving an 'access denied' message when trying to open a shared document.,technical,79
The analytics dashboard isn’t displaying any data. It’s confusing!,technical,66
There seems to be a bug with the chat feature; messages are disappearing.,technical,73
I can't seem to format my text properly; the toolbar isn’t responding.,technical,70
The calendar feature isn’t sending out reminders anymore. What gives?,technical,69
I’m experiencing a lot of lag when trying to navigate through the app.,technical,70
The import function keeps throwing an error. It’s very annoying.,technical,64
Can you help me? The app crashes every time I try to create a new account.,technical,74
I can't find the option to reset my password; it just isn’t there.,technical,66
The download button isn’t working; nothing happens when I click it.,technical,67
I keep encountering a 'server not found' error when I load the page.,technical,68
Why does the app look different? The layout seems all messed up!,technical,64
The mobile version has issues with the layout; it’s hard to read.,technical,65
The video playback keeps freezing on my phone.,technical,46
I can't access my account; the app just shows a blank screen.,technical,61
"Whenever I try to save my changes, I get an error message.",technical,58
The search function isn’t returning any results for me.,technical,55
I'm encountering a '404 Not Found' error when I navigate to my profile.,technical,71
"Every time I use the chat feature, the window crashes.",technical,54
Can you please fix the notification settings? They don't seem to be working.,technical,76
The latest update made the app really slow for me.,technical,50
I'm getting a message saying 'connection lost' every few minutes.,technical,65
"I tried to upload a file, but it keeps failing without any explanation.",technical,71
The layout is all messed up on my tablet; items overlap.,technical,56
I can't seem to get the program to launch; it just freezes at startup.,technical,70
The filters in the report section aren't functioning properly; I can't narrow down my search.,technical,93
I received an error code when trying to sync my data—what does that mean?,technical,73
Where did the export button go? I can't find it anywhere.,technical,57
I keep getting kicked out of the app while I'm in the middle of a task.,technical,71
I'm having trouble with the auto-save feature; it hasn't saved my work.,technical,71
The homepage takes forever to load; it’s very frustrating.,technical,58
Can you look into why the app crashes when I try to edit a document?,technical,68
I keep getting a pop-up with an error message when I attempt to print.,technical,70
My device compatibility seems off; some features are completely missing.,technical,72
The app won't let me log out; it just stays on the same screen.,technical,63
"I thought the bugs were fixed, but I just encountered another one.",technical,66
"The connection drops constantly, making it impossible to use the app.",technical,69
"I’ve tried everything, but the dashboard won’t refresh.",technical,55
I keep getting a 'page not found' error when navigating to the settings.,technical,72
Is there a reason the search function is returning no results? It worked fine yesterday.,technical,88
I'm really frustrated because the app hangs whenever I try to access my profile.,technical,80
The notification feature doesn't seem to be working; I'm not getting any alerts.,technical,80
"I just tried exporting my data, and it says there’s a processing error. What’s going on?",technical,88
The website is super slow today. It’s taking ages to load any page.,technical,67
Why does the chat feature keep disconnecting? It’s really annoying!,technical,67
I can’t seem to access the analytics dashboard; it keeps freezing.,technical,66
"I thought the update would fix the bugs, but I’m still experiencing crashes.",technical,76
"Every time I try to save my settings, I get a weird error message.",technical,66
This isn't the first time the app has crashed while I was in the middle of something important.,technical,95
I’m having trouble with the video playback; it keeps buffering endlessly.,technical,73
The import function just fails without giving any feedback. What gives?,technical,71
I wish the app was more stable. It's crashing nearly every day now.,technical,67
"I don't know if it's just me, but the entire system seems unusually sluggish.",technical,77
I get a blank screen whenever I try to open the reports section of the app.,technical,75
"The app was working fine before, now it’s showing a ‘500 Internal Server Error’ repeatedly.",technical,91
Can someone look into why the navigation has gotten so laggy? It’s frustrating.,technical,79
"The calendar sync isn’t working, and it’s throwing off my entire schedule.",technical,74
I keep receiving error messages when I attempt to apply filters on the data set.,technical,80
Why can't I access the latest updates? It just says ‘error’ every time I log in.,technical,80
It feels like the app is glitchy today. Things aren't responding like they should.,technical,82
I've noticed the chat widget disappears randomly; it's really disruptive.,technical,73
The sharing feature isn't allowing me to send links anymore. What happened?,technical,75
"I thought the bugs were fixed in the last update, but now I’m experiencing even more issues.",technical,92
I keep getting an error message when I try to save my progress. Can someone help?,technical,81
There's a bug with the notifications; I’m not receiving any alerts.,technical,67
The import function isn’t working correctly; I tried multiple times.,technical,68
I'm really frustrated because the website is super laggy today.,technical,63
I'm unable to access the settings menu; it just freezes.,technical,56
Why does the app keep giving me a blue screen?,technical,46
"I thought the last update would fix the issue, but the search feature is still broken.",technical,86
The report generation tool just crashes unexpectedly. What’s going on?,technical,70
I noticed that some images are not loading on the site at all.,technical,62
The mobile version isn't displaying correctly; it's really hard to navigate.,technical,76
Error 404 pops up every time I try to view my profile. Help!,technical,60
I can't seem to log in from my tablet; it keeps saying 'invalid credentials'.,technical,77
I'm having trouble with the chat feature; messages aren't sending.,technical,66
The app just freezes when I try to check my messages.,technical,53
The calendar feature is glitching; it won't let me add events.,technical,62
Why does the sync feature keep failing? It's getting really annoying.,technical,69
The layout looks all messed up on my laptop; can you fix this?,technical,62
I’m seeing a lot of weird icons instead of images on the dashboard.,technical,67
I can't connect to the server; it keeps timing out.,technical,51
The analytics page is showing wrong data; it doesn't match up with last week.,technical,77
The buttons on the website don't seem to be responsive today.,technical,61
I need help! The app just completely shut down while I was working.,technical,67
I keep getting an error when I try to update my profile information.,technical,68
My notifications are stuck on 'loading' and won’t disappear.,technical,60
The app keeps freezing when I try to upload files.,technical,50
I keep encountering a 'Page Not Found' error on your website.,technical,61
My screen goes black every time I try to open the settings.,technical,59
The search function is not returning any results today; what's going on?,technical,72
"I was in the middle of using the application, and it suddenly crashed without warning!",technical,86
I can't access any of my projects; it keeps saying there's an internal server error.,technical,84
"Every time I try to save my changes, the app shuts down. Super frustrating!",technical,75
There's a glitch where my notifications aren't showing up; can you help?,technical,72
Why is the loading time so ridiculously slow right now? It's driving me insane!,technical,79
"I tried updating the app, but now it won't open at all. What do I do?",technical,69
The feature to tag users in comments isn’t responding; is this a known issue?,technical,77
The app has been consistently lagging all week. I'm honestly getting really annoyed.,technical,84
I get a pop-up error message every time I refresh the page; it’s quite annoying!,technical,80
I can’t download any reports today; it just keeps hanging at 99%.,technical,65
The calendar sync is off by several hours; I need help fixing this.,technical,67
I can’t see any images on the dashboard; just a blank space. What’s wrong?,technical,74
"After the last update, the app crashes as soon as I try to open it.",technical,67
"My profile picture won’t upload, and I’ve tried multiple times. Any advice?",technical,75
I’m getting an error message when I try to reset my password. What’s up with that?,technical,82
The video player isn’t loading for me; I’ve cleared my cache and everything.,technical,76
I keep getting a time-out error when I try to log in; this is really frustrating!,technical,81
"The notifications for messages aren't coming through, and I rely on them for work.",technical,82
"I’ve been trying to use the chat feature, but it doesn't open at all. Help!",technical,75
The formatting is all off when I try to export my document; it's a mess!,technical,72
I can't seem to access the settings page; it just loads indefinitely.,technical,69
I keep seeing a 'connection error' message even though my internet is fine.,technical,75
"Every time I upload a file, I get a weird error message. What's going on?",technical,73
"The search function isn't returning any results, even for common terms.",technical,71
I'm really frustrated because the notifications aren't working at all!,technical,70
"I tried reinstalling the app, but it still crashes when I attempt to open it.",technical,77
Can someone please help? My screen just goes blank when I try to launch the software.,technical,85
The feature I rely on is completely offline; this is really inconvenient.,technical,73
I encountered a bug where the app won't let me select any options.,technical,66
"Whenever I try to edit my profile, I get a '403 Forbidden' error. Help!",technical,71
The loading times are ridiculously slow today; it’s practically unusable.,technical,73
I'm running into a weird bug where the text is missing from my dashboard.,technical,73
"The app keeps logging me out unexpectedly, and it's really annoying.",technical,68
I’m seeing some weird glitches in the interface; buttons aren’t responding well.,technical,80
"The backup feature is failing, and I’m worried about losing my data.",technical,68
Can you check why the integration with my calendar isn't functioning?,technical,69
The screen goes black every time I try to stream a video.,technical,57
The chat feature hasn’t been active for me all day—what’s happening?,technical,68
I’m getting a message that says 'service unavailable' when I log in.,technical,68
The analytics page shows incorrect data; something must be wrong.,technical,65
I’m unable to download attachments; it just keeps failing.,technical,58
"Every time I switch tabs, the app crashes. It’s super frustrating!",technical,66
I don’t understand why I can’t get past the loading screen.,technical,59
It seems like the new update broke a few features; it’s not working like it used to.,technical,84
The app just freezes every time I try to upload a file.,technical,55
I keep getting a 'page not found' error when I click on the reports section.,technical,76
I'm unable to save my changes in the settings; it just doesn't register.,technical,72
"Why does the search function return no results, even for entries that I know exist?",technical,83
The notifications aren't showing up as they should; I've checked all my settings.,technical,81
"I tried using the chat feature, but it keeps saying 'service unavailable'.",technical,74
Can someone explain why the loading times have been so awful lately?,technical,68
"Every time I try to access my profile, the app crashes unexpectedly.",technical,68
It seems like the syncing feature is stuck; nothing updates on my devices.,technical,74
"I received an error message while trying to edit my document, and now it's all messed up.",technical,89
Why is the audio feature not working during calls? Everything was fine yesterday.,technical,81
The analytics dashboard is displaying incorrect data; it’s really frustrating.,technical,78
I can’t figure out why the image upload is failing repeatedly; it’s just not working.,technical,85
The app doesn't let me switch between tabs; they’re all frozen.,technical,63
I'm getting a weird error code whenever I try to start a new project.,technical,69
I just wanted to report that the user interface is behaving strangely; buttons are unresponsive.,technical,96
Why is the app running so slow? It’s taking ages to load.,technical,57
The interface is glitchy and makes it hard to navigate without issues.,technical,70
"I attempted to reset my password, but I’m getting an error every time.",technical,70
Can someone help? The calendar isn’t syncing properly with my other devices.,technical,76
I experienced a sudden crash while trying to generate a report; what’s going on?,technical,80
The backup function didn’t work; I lost some important data because of it.,technical,74
Is anyone else having trouble with the new update? It seems buggy.,technical,66
The pop-up notifications are malfunctioning; they won’t dismiss even after I click them.,technical,88
I'm really annoyed that my app keeps kicking me out unexpectedly; it’s super frustrating.,technical,89
The screen freezes when I try to upload a photo.,technical,48
"Every time I try to save my settings, I get an error message.",technical,61
Is there a reason the search function isn’t working? It just brings up a blank page.,technical,84
I can't seem to access my account; it just hangs on loading.,technical,60
The notification feature has stopped working. I’m missing important alerts.,technical,75
I'm really frustrated because the app crashes every time I try to use the chat feature.,technical,87
The website keeps logging me out unexpectedly. What’s going on?,technical,63
Why does the app take forever to respond? It's super slow today!,technical,64
I keep getting a 'page not found' error when I try to view my profile.,technical,70
Can you help? The payment page is just showing a spinning wheel.,technical,64
My app keeps freezing when I try to switch between tabs. It’s so annoying!,technical,74
I'm encountering a strange glitch with the calendar feature; it's not displaying my events.,technical,91
The latest update seems to have broken the import function. I need that fixed ASAP.,technical,83
I'm getting constant 404 errors when trying to access certain features on the site.,technical,83
It looks like the video player isn't functioning properly; all I see is a black screen.,technical,87
The download button isn’t working at all; I need to get those files ASAP.,technical,73
I’m experiencing crashes every time I open the app on my iPhone.,technical,64
The analytics dashboard seems to be frozen and won’t load any data.,technical,67
I keep getting a message saying 'unexpected error' whenever I try to submit a form.,technical,83
The interface is super laggy right now; it’s making it hard to use.,technical,67
Can someone explain why my notifications aren’t showing up on my phone?,technical,71
"The app isn't recognizing my login credentials, but I’m sure they are correct.",technical,78
I noticed that the sync feature has stopped working. My data is out of date.,technical,76
I can't seem to find where the new features are. They’re not showing up at all.,technical,79
"I’ve tried everything, but the app won’t work on my tablet. What’s the fix?",technical,75
The website crashes every time I try to check out. This is really frustrating!,technical,78
My screen keeps freezing when I try to update my profile.,technical,57
I can't seem to access the settings page; it just loads forever.,technical,64
The search function hasn't been working for days now. It’s really frustrating!,technical,78
"Every time I try to upload a file, I get an error message. What's going on?",technical,75
The app shuts down unexpectedly when I try to save my changes.,technical,62
I've been getting constant notifications about a bug in the chat feature. Can you fix it?,technical,89
I noticed that the notifications aren’t coming through like they used to.,technical,73
"The website is super slow today, almost unusable. Any idea why?",technical,63
I’m getting a 404 error when I click on the help section. This is really inconvenient.,technical,86
The video player doesn't work at all. I can't watch anything!,technical,61
"I tried clearing my cache, but the app is still acting weird.",technical,61
There's an error message popping up every time I try to log out. Can you help?,technical,78
I can’t download reports; the export button just doesn't respond.,technical,65
The images on the homepage are not loading. Is there a problem?,technical,63
"I just installed the update, and now the app won’t even open.",technical,61
It keeps saying 'unable to connect to server' when I launch the application.,technical,76
I’d appreciate it if someone could look into why the analytics section is missing data.,technical,87
The chat feature is glitchy — I’m missing messages and can’t send new ones.,technical,75
Why does the app keep crashing every time I change the language settings?,technical,73
It’s really annoying that the refresh button does nothing. I need it to work!,technical,77
I've reported this issue multiple times; the dashboard layout is still broken.,technical,78
Can you let me know when the bugs in the payment processing will be fixed?,technical,74
I keep having to restart my device because the app is so unstable.,technical,66
The customer feedback form isn't submitting; please check what's wrong.,technical,71
The audio cuts out frequently during calls. It’s really affecting my experience.,technical,80
I’m encountering a bug that makes it impossible to add new users to my account.,technical,79
I'm experiencing constant lag when navigating through the settings page.,technical,72
Could you please look into why the search function isn't returning any results?,technical,79
I keep getting a 'file not found' error when I try to access my documents.,technical,74
Why does the notification feature always seem to fail? I miss important updates!,technical,80
It's frustrating that the photo filter options don’t work at all. Can you fix this?,technical,83
The website crashes on Safari but works fine in Chrome. What's going on?,technical,72
"I’ve tried refreshing multiple times, but the loading screen just keeps spinning.",technical,81
The download link for the latest update isn’t working; I can’t get it to start.,technical,79
My dashboard isn’t displaying the latest data. Can you help me fix that?,technical,72
I keep getting an error message when I try to save my changes in the app.,technical,73
The app doesn’t seem to recognize my account credentials anymore. Help!,technical,71
"I can't access the help center; every time I try, I get a 404 error. Super annoying!",technical,84
"The widget I installed is missing, and I don't know how to get it back.",technical,71
There’s a glitch with the video playback; it keeps skipping and pausing.,technical,72
Why is the chat feature always unresponsive when I need help? It’s so frustrating!,technical,82
"Every time I open the app, it just exits unexpectedly. What’s happening?",technical,72
The integration with my calendar is broken; I can’t sync any events.,technical,68
I noticed that the app crashes whenever I try to use the new feature you rolled out.,technical,84
Can someone explain why my settings keep resetting? It’s driving me mad!,technical,72
I've been trying to clear the cache but it doesn't seem to make any difference.,technical,79
I need to cancel my account immediately.,cancellation,40
Could you please help me with canceling my subscription? I don't want it anymore.,cancellation,81
I’ve decided it’s best for me to end my subscription.,cancellation,53
"I want to cancel my service, can you guide me through it?",cancellation,57
Please go ahead and terminate my account.,cancellation,41
"I’m no longer interested in this, so I want to cancel my subscription.",cancellation,70
How can I stop my subscription from being renewed next month?,cancellation,61
I’d like to cancel the recurring payment for my account.,cancellation,56
I’m done with this service; please cancel my subscription for me.,cancellation,65
Can you confirm that my subscription will be canceled?,cancellation,54
I'm frustrated with my experience and want to cancel everything right now.,cancellation,74
"I've really enjoyed my time, but I have to cancel my membership.",cancellation,64
"It’s time to move on, please cancel my account as soon as possible.",cancellation,67
I want to make sure my subscription is canceled before the next billing cycle.,cancellation,78
"I’m looking to terminate my service, what steps should I take?",cancellation,62
"This isn't working for me, so please cancel my subscription.",cancellation,60
I want to put an end to my membership today.,cancellation,44
I’d appreciate it if you could cancel my subscription right away.,cancellation,65
Can you help me? I want to cancel my account.,cancellation,45
I don’t want to continue my subscription; please cancel it.,cancellation,59
"This service isn’t what I expected, so I’d like to cancel.",cancellation,58
"I need to cancel my plan, it’s not right for me anymore.",cancellation,56
Please make sure my account is closed and that I won’t be charged again.,cancellation,72
"I would like to stop my subscription, it’s just not a good fit for me.",cancellation,70
Can you ensure that my subscription is completely canceled?,cancellation,59
"I want out of my subscription, no questions asked.",cancellation,50
I need to cancel my membership immediately.,cancellation,43
Can you please help me close my account? I no longer need it.,cancellation,61
I want to terminate my subscription effective right away.,cancellation,57
I'm not interested in renewing my plan next month.,cancellation,50
Please stop any further billing for my account.,cancellation,47
"I’d like to cancel my account, how do I go about that?",cancellation,54
"I’ve decided to discontinue my subscription, please process the cancellation.",cancellation,77
Can you confirm that my subscription is cancelled?,cancellation,50
I wish to end my membership now as I won’t be using it anymore.,cancellation,63
Could you help me with the steps to cancel my account?,cancellation,54
I’m frustrated with the service and want to cancel everything.,cancellation,62
I want to make sure I won’t be charged again next month.,cancellation,56
"I am not happy with the service, so I need to cancel my subscription.",cancellation,69
Can you cancel my account? I just don't find it useful anymore.,cancellation,63
"I need to stop my service right now, please assist me.",cancellation,54
"I’m done with this plan, please cancel my subscription ASAP.",cancellation,60
"I want to cancel my auto-renewal option, how do I do that?",cancellation,58
I would like to terminate my account at your earliest convenience.,cancellation,66
Please cancel my membership effective immediately.,cancellation,50
"I’m not using the service, so I need to cancel it now.",cancellation,54
Can you help me end my subscription? I’m not satisfied.,cancellation,55
I want to opt-out of my plan and stop future payments.,cancellation,54
Please make sure my account is cancelled by the end of the day.,cancellation,63
I’ve been trying to cancel my account but need assistance.,cancellation,58
I don’t want to continue paying for this service anymore.,cancellation,57
I'd like to submit a cancellation request for my subscription.,cancellation,62
I need to cancel my account effective immediately.,cancellation,50
Could you please assist me in terminating my subscription?,cancellation,58
"I'm not interested in renewing my plan next month, so please cancel it.",cancellation,71
I'm feeling overwhelmed and would like to cancel my service.,cancellation,60
How do I go about stopping my subscription? I don't want to keep paying.,cancellation,72
Please consider this my official request to close my account.,cancellation,61
I've decided to cancel my membership; please confirm when it's done.,cancellation,68
I want to cancel everything related to my subscription right now.,cancellation,65
Can you help me with the cancellation process? I don’t want to continue.,cancellation,72
"I no longer wish to use this service, so please cancel my subscription.",cancellation,71
This is my request to cancel. I appreciate your help with this.,cancellation,63
"I’ve had enough and need to terminate my account, please do it ASAP.",cancellation,68
"I want to make sure I won't be charged again, so I need to cancel my plan.",cancellation,74
I’m requesting to cancel my subscription; it’s not working for me anymore.,cancellation,74
"Please cancel my account, I’m done with this service.",cancellation,53
I'm ready to say goodbye to my subscription; please cancel it for me.,cancellation,69
I want to discontinue my service and be done with it.,cancellation,53
Can you ensure my subscription is canceled before the next billing cycle?,cancellation,73
"I’m sorry, but I need to cancel my membership right now.",cancellation,56
Please process my cancellation request as soon as possible.,cancellation,59
"I’ve made my decision to cancel my subscription, thank you for understanding.",cancellation,77
Can you confirm that my subscription will be canceled immediately?,cancellation,66
"I’m not interested in renewing my service, so please cancel it.",cancellation,63
I'm officially canceling my subscription; it's just not for me anymore.,cancellation,71
This is a request to end my account and stop all future charges.,cancellation,64
Could you please help me with canceling my subscription?,cancellation,56
I’ve decided I want to end my service with you.,cancellation,47
"I’d like to terminate my account, please.",cancellation,41
Can you guide me on how to cancel my membership?,cancellation,48
"I no longer wish to use your service, so please cancel my account.",cancellation,66
"I don’t want to be charged anymore, so I need to cancel.",cancellation,56
I’ve made up my mind; I’m canceling my subscription today.,cancellation,58
Could you confirm that my subscription has been canceled?,cancellation,57
I want to stop my subscription from renewing next month.,cancellation,56
"I’m frustrated with this service, so I want to cancel my account.",cancellation,65
Please cancel my trial subscription before it converts to a paid one.,cancellation,69
"I’m looking to cancel my plan, and I’d appreciate your assistance.",cancellation,66
I just want to cancel everything and be done with it.,cancellation,53
Can you process my cancellation request right away?,cancellation,51
I’ve had enough and want to terminate my account now.,cancellation,53
"I’d like to cancel my service, how do I go about that?",cancellation,54
I want to make sure I’m not renewed next billing cycle.,cancellation,55
"Please help me close my account, I’m done.",cancellation,42
I want to officially cancel; please send me a confirmation.,cancellation,59
"Stop my subscription, I won’t be needing it anymore.",cancellation,52
"I’ve decided to move on, so please cancel my subscription.",cancellation,58
This is my final request to cancel my account.,cancellation,46
"I need to cancel before the next billing date, please help.",cancellation,59
Can you cancel my membership immediately?,cancellation,41
"I’m not interested anymore, so I’d like to cancel my subscription.",cancellation,66
I need to cancel my account right now.,cancellation,38
Can you help me with cancelling my subscription? I'm not happy with the service.,cancellation,80
I'm done with my subscription. Please cancel it immediately.,cancellation,60
I want to discontinue my plan. How do I go about that?,cancellation,54
Please take care of cancelling my membership effective immediately.,cancellation,67
I don’t want to keep my account anymore. Please close it for me.,cancellation,64
I'd like to stop receiving payments for my subscription. Let's cancel it.,cancellation,73
"This service isn’t working for me, so I’d like to cancel.",cancellation,57
Can you let me know how to cancel my auto-renewal?,cancellation,50
I am not interested in renewing my subscription next month.,cancellation,59
I'm looking to cancel my service. What do I need to do?,cancellation,55
"I'm really frustrated with this, so I just want to cancel everything.",cancellation,69
Can I cancel my account today? I'm not using it anymore.,cancellation,56
"I think it's time to cancel my subscription, please assist.",cancellation,59
I need to cancel my plan. It's just not what I expected.,cancellation,56
I want to opt-out of my subscription. Please confirm the cancellation.,cancellation,70
"This isn't working out for me, so I’d like to cancel, thanks.",cancellation,61
I've decided to cancel my account. Please help me through the process.,cancellation,70
I want to terminate my subscription. Can you process that for me?,cancellation,65
"I’m not satisfied with my experience, cancel my subscription please.",cancellation,68
Let’s go ahead and cancel my membership. I appreciate your help.,cancellation,64
I want to discontinue my service as soon as possible.,cancellation,53
I’m planning to cancel my account before I get charged again.,cancellation,61
"Please cancel my subscription, I'm no longer interested.",cancellation,56
Can you guide me on how to officially cancel my subscription?,cancellation,61
I need to cancel my account right away.,cancellation,39
I want to stop my subscription as soon as possible.,cancellation,51
I’m done with this service; cancel my subscription.,cancellation,51
I don’t want to keep my account active any longer.,cancellation,50
Can you assist me in canceling my subscription?,cancellation,47
"I’ve changed my mind, please cancel my service.",cancellation,47
I’d like to confirm the cancellation of my account.,cancellation,51
How do I go about closing my account?,cancellation,37
Please make sure my subscription doesn’t renew next month.,cancellation,58
I want to cancel my membership; it’s not what I expected.,cancellation,57
I've decided to cancel my plan; it's not working for me.,cancellation,56
"I’d like to end my subscription immediately, please.",cancellation,52
Is there a way to cancel my account without calling?,cancellation,52
"I’m not happy with the service, so please cancel it.",cancellation,52
"Cancel my subscription for me, I’m too busy to deal with it.",cancellation,60
I want out! Please cancel anything related to my account.,cancellation,57
I need to stop the recurring charges on my card.,cancellation,48
I've decided to stop using your service; cancel my account.,cancellation,59
I’m requesting to cancel my subscription today.,cancellation,47
Make sure I won’t be billed again; I want to cancel.,cancellation,52
"This isn’t working for me, so I want to cancel my plan.",cancellation,55
"I want to opt-out of this subscription, please.",cancellation,47
I’d like to submit my cancellation request now.,cancellation,47
I simply don’t need this service anymore; please cancel.,cancellation,56
Please go ahead and terminate my subscription.,cancellation,46
"I don't want this service anymore, so please cancel it.",cancellation,55
"It's time for me to cancel my membership, I've decided to move on.",cancellation,66
"I'd like to stop my subscription, can you help me with that?",cancellation,60
"I'm not happy with the service, so I want to cancel.",cancellation,52
Can you help me with the process to close my account?,cancellation,53
"I'd like to ensure that I won't be charged next month, so please cancel my subscription.",cancellation,88
"This just isn't working for me, please cancel my account.",cancellation,57
"I've made up my mind to cancel, please confirm this for me.",cancellation,59
"I want to cancel my plan, I'm not using it anymore.",cancellation,51
"Please end my subscription right now, thank you!",cancellation,48
"Uh, I need to cancel my service please; it's not what I expected.",cancellation,65
"Cancel my account effective immediately, I don't want to deal with this anymore.",cancellation,80
"Just a quick note to say I no longer want my subscription, thanks.",cancellation,66
"I won't be needing this service anymore, so please cancel it.",cancellation,61
I've decided to cancel; please ensure I'm not charged again.,cancellation,60
My subscription needs to be canceled; I can't afford it anymore.,cancellation,64
Can you confirm my cancellation? I want to be done with it.,cancellation,59
I just want to cancel my membership and be done.,cancellation,48
I’ve changed my mind and I need to cancel my account.,cancellation,53
"I can't continue with my subscription, so please cancel it.",cancellation,59
"I’m officially opting out of my plan, thanks for your help.",cancellation,59
I am unhappy with my plan and wish to cancel it.,cancellation,48
Please make sure my account is canceled before the next billing cycle.,cancellation,70
I need to cancel my membership right away.,cancellation,42
Can you please help me end my subscription?,cancellation,43
"I'm not interested in continuing with my account, so I'd like to cancel it.",cancellation,75
"I want to stop my payments and cancel my plan, please.",cancellation,54
Please terminate my account effective immediately.,cancellation,50
I realized I don't need this service anymore. How can I cancel?,cancellation,63
I’m frustrated and want to cancel my subscription now.,cancellation,54
"I want to make sure I won’t be charged again next month, so please cancel my account.",cancellation,85
Can you process my cancellation? I’m done with this service.,cancellation,60
I’ve decided to cancel; I’m not happy with my experience.,cancellation,57
Could you guide me through the steps to close my account?,cancellation,57
It's time for me to cancel my subscription; I've lost interest.,cancellation,63
I no longer want this service. Please cancel my account as soon as possible.,cancellation,76
I'd like to cancel my plan today. Thanks!,cancellation,41
"I want to opt-out of my subscription and not renew it, please.",cancellation,62
Please ensure my subscription is canceled before the next billing cycle.,cancellation,72
"I didn't find the service useful, so I want to cancel.",cancellation,54
Can I cancel my account over the phone?,cancellation,39
I’ve had enough; please go ahead and cancel everything for me.,cancellation,62
"I can't afford this anymore, so I need to cancel my subscription now.",cancellation,69
"I want to cancel my account, no questions asked.",cancellation,48
I’ve changed my mind. Please cancel my subscription immediately.,cancellation,64
Can you confirm that my account will be canceled?,cancellation,49
I want to formally request the cancellation of my membership.,cancellation,61
"This service isn't working for me, so I need to cancel.",cancellation,55
Please cancel my account immediately.,cancellation,37
I need to stop my subscription right now.,cancellation,41
Can you help me with canceling my membership?,cancellation,45
I’ve decided I want to cancel my subscription as soon as possible.,cancellation,66
I’d like to terminate my account. Can you assist me?,cancellation,52
I’m no longer interested in my subscription. Please cancel it for me.,cancellation,69
How do I go about canceling my service?,cancellation,39
I want to make sure my account won’t be renewed next billing cycle.,cancellation,67
Please stop all payments related to my account.,cancellation,47
I don’t want to continue with my subscription anymore. Can you cancel it?,cancellation,73
"My subscription isn’t working out for me, so I need to cancel.",cancellation,62
I’ve changed my mind about my subscription and want to end it.,cancellation,62
I want to opt-out of my plan and cancel my account.,cancellation,51
"This service isn't what I expected, so please cancel my account.",cancellation,64
Can you please make sure my subscription is canceled before the next payment?,cancellation,77
I just want to make sure I won’t be charged again next month.,cancellation,61
Please go ahead and cancel my subscription. I appreciate it.,cancellation,60
"I’d like to withdraw from my subscription plan, please.",cancellation,55
"My experience hasn’t been great, so I need to cancel.",cancellation,53
I’m ready to end my subscription effective immediately.,cancellation,55
I’m frustrated and want to cancel my account now.,cancellation,49
"Cancel my account, please. I don’t need it anymore.",cancellation,51
"I’m not interested in continuing, so please cancel my membership.",cancellation,65
I’m formally requesting to cancel my subscription right away.,cancellation,61
"I'm done with this service, so please cancel my account.",cancellation,56
Can you help me with canceling my subscription? I no longer need it.,cancellation,68
I would like to terminate my membership effective immediately.,cancellation,62
I've decided to cancel my plan. Please process this as soon as possible.,cancellation,72
Just wanted to let you know I'm not interested in renewing my subscription.,cancellation,75
I want to end my account with you guys. How do I go about that?,cancellation,63
Please cancel my subscription; it’s not working out for me.,cancellation,59
I'm unhappy with the service and would like to cancel my account.,cancellation,65
Can you process my cancellation request? I won't be needing my subscription anymore.,cancellation,84
I need to cancel my subscription. Could you confirm once it's done?,cancellation,67
I'm reaching out to ensure my account will not be renewed next month.,cancellation,69
I've decided to stop my subscription for personal reasons. Thanks.,cancellation,66
I've had enough and want to cancel my account right now.,cancellation,56
Can you assist me with canceling? I've already made up my mind.,cancellation,63
"I want to make sure there are no further charges, so I’d like to cancel.",cancellation,72
I'm ready to cancel my subscription. Please confirm this is possible.,cancellation,69
"Unfortunately, I need to cancel my membership. It's not quite what I expected.",cancellation,78
Let's go ahead and cancel my account. I won't be needing it anymore.,cancellation,68
"I no longer wish to continue my subscription, so please cancel it.",cancellation,66
I want to terminate my account today. Just not satisfied anymore.,cancellation,65
Could you please help me cancel my subscription? I appreciate it.,cancellation,65
"I want to officially cancel my account. No further payments, please.",cancellation,68
I’ve decided to cancel. Please make sure my account is closed.,cancellation,62
"I don’t find value in my subscription anymore, so I want to cancel it.",cancellation,70
Please consider this my request to cancel my account immediately.,cancellation,65
I would like to cancel my subscription. Please let me know if you need anything else from me.,cancellation,93
"I'd like to cancel my account, please.",cancellation,38
Can you help me with canceling my subscription? I'm done with it.,cancellation,65
I want to end my membership effective immediately.,cancellation,50
This service isn't working for me. Please proceed with the cancellation.,cancellation,72
"I'm sorry, but I need to cancel my plan as of today.",cancellation,52
How do I go about terminating my subscription?,cancellation,46
Please make sure my account is closed by the end of the month.,cancellation,62
"I don't want any further charges, so I'll need to cancel my subscription now.",cancellation,77
Just wanted to let you know I won't be continuing with this service anymore.,cancellation,76
I've decided to cancel my account; it's no longer needed.,cancellation,57
I'm frustrated and want to stop my subscription. Can you assist me?,cancellation,67
I need to cancel my service right away; it’s not what I expected.,cancellation,65
I no longer wish to be billed for this subscription. Please cancel it.,cancellation,70
"This is my request to close my account, effective immediately.",cancellation,62
I want to opt-out of my subscription and not renew it next month.,cancellation,65
How can I ensure that my account is canceled before the next billing cycle?,cancellation,75
Can you confirm my cancellation has been processed?,cancellation,51
I'd appreciate it if you could cancel my subscription as soon as possible.,cancellation,74
This service isn't for me; please cancel my account.,cancellation,52
I’m writing to request the cancellation of my subscription. Thank you.,cancellation,70
I want to discontinue my membership; please take care of it.,cancellation,60
I'm really unhappy with the service and need to cancel.,cancellation,55
Please stop my subscription—I'm not interested anymore.,cancellation,55
I can’t keep paying for this. I need to cancel my account.,cancellation,58
"I want to make sure I’m not charged again; cancel my subscription, please.",cancellation,74
I need to cancel my account ASAP.,cancellation,33
Can you please help me to end my subscription?,cancellation,46
"I no longer wish to continue my service, so please cancel it.",cancellation,61
I'm not happy with my subscription and want to terminate it.,cancellation,60
I would like to discontinue my subscription at the end of this billing cycle.,cancellation,77
Please cancel my subscription before the next billing date.,cancellation,59
I’m really frustrated and want to cancel my account now.,cancellation,56
How do I go about cancelling my subscription?,cancellation,45
"I don’t want to keep my account open anymore, please cancel it.",cancellation,63
I need assistance in cancelling my membership.,cancellation,46
I'm done with this service; please terminate my account.,cancellation,56
Could you guide me through the cancellation process?,cancellation,52
I’ve decided to cancel my subscription; it’s just not for me.,cancellation,61
I would like to stop my payments and cancel my account.,cancellation,55
Let’s go ahead and terminate my subscription immediately.,cancellation,57
"I’ve had enough, so please end my service.",cancellation,42
I don't think I need this service anymore; please cancel it.,cancellation,60
I just want to cancel; this isn’t working out for me.,cancellation,53
Can you please ensure my subscription doesn’t renew next month?,cancellation,63
I want to cancel my plan and remove my payment info.,cancellation,52
"This isn’t what I expected, so I wish to cancel.",cancellation,48
I need to cancel right away; I'm not satisfied!,cancellation,47
I’m looking to cancel my account for personal reasons.,cancellation,54
This service isn't what I signed up for; please cancel it.,cancellation,58
I would appreciate it if you could process my cancellation.,cancellation,59
I need to cancel my plan right away.,cancellation,36
Can you please help me close my account? I'm done with it.,cancellation,58
I’ve decided I no longer want to keep my subscription active.,cancellation,61
I’m really unhappy with the service. I’d like to cancel my membership.,cancellation,70
This isn’t working for me. Please cancel everything.,cancellation,52
I want to make sure I won't be billed again next month.,cancellation,55
Please go ahead and terminate my account. Thanks.,cancellation,49
I just want to cancel my subscription without any hassle.,cancellation,57
I'm not interested in continuing with my subscription. Please take care of it.,cancellation,78
"It's time for me to move on; I need to cancel my account, please.",cancellation,65
I want to stop all my payments. Please cancel my membership.,cancellation,60
I’ve changed my mind and won’t be needing this anymore. Cancel my account.,cancellation,74
Can you guide me through the cancellation process? I want out.,cancellation,62
I'm frustrated with this service. I want to cancel now.,cancellation,55
I just realized I don’t want this subscription any longer. Just cancel it.,cancellation,74
I need to cancel my subscription due to personal reasons.,cancellation,57
This isn’t what I expected. Please cancel my subscription immediately.,cancellation,70
I no longer find this useful. Please terminate my account.,cancellation,58
I have decided not to renew my subscription for next month.,cancellation,59
I wish to cancel my services. How can I do that?,cancellation,48
I want this over. Please cancel everything related to my account.,cancellation,65
I’m done with my subscription; please confirm my cancellation.,cancellation,62
"I don’t want to be charged anymore. Cancel my account, please.",cancellation,62
I need help canceling my subscription because I'm not satisfied.,cancellation,64
I would like to cancel my account effective immediately.,cancellation,56
Can you help me stop my subscription? I don’t want to continue.,cancellation,63
Please terminate my service; I won’t be needing it anymore.,cancellation,59
I’d like to cancel my membership. What do I need to do?,cancellation,55
I want to end my subscription before the next billing cycle.,cancellation,60
How do I go about canceling my account? It's not working for me.,cancellation,64
I’ve decided to cancel my subscription. Just not using it enough.,cancellation,65
Please cancel my plan. I can’t justify the cost right now.,cancellation,58
I’m really unhappy with this service. I want to cancel it.,cancellation,58
I’m not interested in renewing my subscription. Please make sure it doesn’t happen.,cancellation,83
Could you please assist me in canceling my subscription?,cancellation,56
I've changed my mind and want to cancel my service.,cancellation,51
"I was charged again, and I want to cancel my subscription right now!",cancellation,68
I’m done with this service. Please close my account.,cancellation,52
How do I stop any upcoming charges? I want to cancel.,cancellation,53
This service isn’t what I expected. I’d like to cancel.,cancellation,55
"I want to cancel, and I’m not happy about my experience.",cancellation,56
Please remove me from your list; I do not wish to renew.,cancellation,56
I need my account canceled by the end of the day.,cancellation,49
I want to opt out of my subscription and not be billed again.,cancellation,61
"This isn’t working out for me, so please cancel my account.",cancellation,59
"I’ve lost interest, and I’d like to cancel my membership.",cancellation,57
Can you confirm my account cancellation? I don’t want to be charged again.,cancellation,74
I’m ready to cancel my subscription; please process this.,cancellation,57
I want to discontinue my service; I find it unnecessary now.,cancellation,60
"I’m no longer able to use this service, so cancel my subscription.",cancellation,66
Can you please help me with the cancellation process for my subscription?,cancellation,73
"I don’t want to continue my membership, so please cancel it.",cancellation,60
I’ve decided to stop my subscription; please take care of that.,cancellation,63
"I want to cancel my account, it's just not working out for me.",cancellation,62
Can you confirm that my subscription will not renew next month?,cancellation,63
I want to opt out and cancel my plan today.,cancellation,43
Please terminate my subscription effective immediately.,cancellation,55
It's time to cancel my account; I've made up my mind.,cancellation,53
"I would like my subscription cancelled, thank you.",cancellation,50
"I don’t wish to be charged anymore, so please cancel my subscription.",cancellation,69
Can you assist me in closing my account? I'm done with it.,cancellation,58
I just want to make sure my subscription is cancelled before the next billing cycle.,cancellation,84
"Please go ahead and cancel my membership, I've lost interest.",cancellation,61
I’m frustrated with the service and need to cancel my subscription.,cancellation,67
How can I ensure that my account gets cancelled without issues?,cancellation,63
I want to cancel my service; it’s not what I expected.,cancellation,54
Could you please process my cancellation request?,cancellation,49
I need to cancel my subscription now; I can’t afford it anymore.,cancellation,64
I’m done; please cancel my account ASAP.,cancellation,40
Can you guide me on how to cancel my subscription easily?,cancellation,57
I have to cancel my plan since I’m no longer using it.,cancellation,54
I want to make sure my account is closed and no further charges occur.,cancellation,70
Please cancel my subscription. I’m just not interested anymore.,cancellation,63
I’ve decided to cancel and won’t be needing the service anymore.,cancellation,64
I need to cancel my service immediately.,cancellation,40
Can you help me end my subscription? I'm not using it anymore.,cancellation,62
"I would like to terminate my account, please.",cancellation,45
How can I ensure that my subscription doesn't renew next month?,cancellation,63
Please go ahead and cancel my account.,cancellation,38
"I'd like to stop my payments, how do I do that?",cancellation,47
I want to cancel my membership now.,cancellation,35
"I'm done with this service, please close my account.",cancellation,52
Can you confirm that my subscription has been canceled?,cancellation,55
I'm really frustrated and would like to terminate my account.,cancellation,61
I’m reaching out to officially request a cancellation of my service.,cancellation,68
I no longer need this. Please cancel my subscription.,cancellation,53
"I don't want to continue with my plan, so please cancel it.",cancellation,59
"Just to be clear, I want to cancel my account today.",cancellation,52
I've decided to stop my subscription. Please process this cancellation.,cancellation,71
I’ve changed my mind and want to cancel my service.,cancellation,51
"I’m not satisfied, so I want to cancel my subscription immediately.",cancellation,67
Can you let me know how I can cancel my account?,cancellation,48
"I wish to cancel my membership, thanks.",cancellation,39
Please cancel my subscription and confirm that it’s done.,cancellation,57
"I can't afford this anymore, so I need to cancel.",cancellation,49
I’m requesting a cancellation for my account.,cancellation,45
I want to discontinue my subscription without any further charges.,cancellation,66
I’d like to cancel before the next billing cycle starts.,cancellation,56
Can you help me terminate my subscription? I'm not using it anymore.,cancellation,68
I’d like to stop my subscription from renewing next month.,cancellation,58
Please go ahead and cancel my membership for me.,cancellation,48
"I'm really frustrated with this service, and I want to cancel my subscription.",cancellation,78
I just realized I’m being charged again. Can you cancel that?,cancellation,61
I want to opt out of this service and close my account.,cancellation,55
Can you let me know how to cancel my subscription?,cancellation,50
This isn't working for me. Please cancel my account now.,cancellation,56
"I won’t be needing this anymore. Cancel my subscription, please.",cancellation,64
I’m done with this service. Cancel my membership effective immediately.,cancellation,71
I'd like to discontinue my account and avoid any future charges.,cancellation,64
"I don’t want to be billed again, so please cancel my subscription.",cancellation,66
Can you process my cancellation for this month’s fee?,cancellation,53
"I’m not satisfied, so I want to cancel my account.",cancellation,50
I’ve decided to cancel my subscription. Please confirm that it’s done.,cancellation,70
Can you please cancel my plan? I won't be using it anymore.,cancellation,59
"I've been trying to cancel my account, but I need assistance.",cancellation,61
I’d like to ensure my subscription won't auto-renew next month.,cancellation,63
How do I go about cancelling my service? I want out.,cancellation,52
"I want to cancel my account, no further questions.",cancellation,50
Please cancel everything related to my subscription right away.,cancellation,63
I need to stop the charges and cancel my account. Thanks.,cancellation,57
"I'm not happy with this service, so cancel my subscription, please.",cancellation,67
Can you confirm the cancellation of my account? I don’t want to renew.,cancellation,70
I simply want to cancel. Can you help me with that?,cancellation,51
I’ve decided I no longer want to continue the subscription.,cancellation,59
"I'm really unhappy with the service, so I want to cancel.",cancellation,57
I’d like to make sure my subscription doesn’t renew next month.,cancellation,63
I'd appreciate a confirmation once my account is canceled.,cancellation,58
I want to stop all charges associated with my account.,cancellation,54
I can't afford this anymore; please cancel my account.,cancellation,54
"I need to cancel my subscription right now, thanks.",cancellation,51
I'd like to end my subscription effective immediately.,cancellation,54
Could you assist me in canceling my plan?,cancellation,41
"This is my request to cancel my service, please.",cancellation,48
I'm not interested in renewing my account; please cancel it.,cancellation,60
I’m really frustrated and want to cancel my subscription.,cancellation,57
"I don't want to be billed again, so please cancel my service.",cancellation,61
Can you please process my cancellation? I'm done with this.,cancellation,59
I won't be needing my subscription after this month; please cancel.,cancellation,67
I’m writing to formally request the cancellation of my account.,cancellation,63
It’s time for me to cancel; I won’t be using this anymore.,cancellation,58
Please stop my subscription from renewing; I want to cancel.,cancellation,60
I’m done; please terminate my account.,cancellation,38
I want to throw in the towel – cancel my subscription.,cancellation,54
"I need to cancel, and I want to do it now, please.",cancellation,50
Can you please ensure that my account is closed by the end of the day?,cancellation,70
I have decided to cancel and don’t need any further assistance.,cancellation,63
I need to cancel my membership now.,cancellation,35
Could you please terminate my account for me?,cancellation,45
"I'm not interested in continuing my subscription, so please cancel it.",cancellation,70
I want to stop my payments and cancel my plan.,cancellation,46
I’ve decided I no longer wish to maintain my subscription. Please proceed with the cancellation.,cancellation,96
Can you help me with closing my account? I don’t want to use this anymore.,cancellation,74
"I’d like to end my service today, can you do that for me?",cancellation,57
"I appreciate your service, but I need to cancel my subscription immediately.",cancellation,76
This isn’t working for me. Please cancel my account.,cancellation,52
"I just want to confirm that I won’t be charged again, so please cancel my subscription.",cancellation,87
I’m done with this service. Go ahead and cancel my account.,cancellation,59
Please make sure my subscription is canceled by the end of this month.,cancellation,70
I don't want to continue my service past this billing period. Please cancel.,cancellation,76
How do I go about canceling my account permanently?,cancellation,51
I’ve had enough. Please close my account as soon as possible.,cancellation,61
Can you cancel my subscription? I won’t be needing it anymore.,cancellation,62
I wish to discontinue my service. Please handle the cancellation.,cancellation,65
"I'm looking to cancel my membership, what steps do I need to take?",cancellation,66
I want to ensure my account is canceled and I won't be charged again.,cancellation,69
"This service is not for me, so please cancel my subscription.",cancellation,61
I would like to request the cancellation of my plan right now.,cancellation,62
I’m really frustrated and want to cancel my account today.,cancellation,58
Could you please assist me with canceling my subscription? I no longer need it.,cancellation,79
I don’t want to renew my subscription. Please make sure it’s canceled.,cancellation,70
"I’m unable to continue with my subscription, so I need to cancel it.",cancellation,68
Could you please assist me in terminating my account?,cancellation,53
I want to stop my subscription and not get charged anymore.,cancellation,59
This is my formal request to close my account.,cancellation,46
I'm really frustrated with the service; please cancel my subscription.,cancellation,70
How do I go about ending my membership with you?,cancellation,48
I'm done with this service; please cancel my account.,cancellation,53
Please help me stop the automatic renewal on my subscription.,cancellation,61
I'd like to cancel my subscription effective immediately.,cancellation,57
"I no longer wish to use this service, so please cancel my account.",cancellation,66
Can you confirm that you received my cancellation request?,cancellation,58
"I'm not satisfied, so I want to cancel my subscription now.",cancellation,59
"I need you to cancel my plan right away, thanks.",cancellation,48
I'm going to cancel if things don't improve with my service.,cancellation,60
Can I cancel my account without any penalties?,cancellation,46
Please process my cancellation request at your earliest convenience.,cancellation,68
I want to ensure that I won’t be billed next month; please cancel my subscription.,cancellation,82
"I’m officially canceling my account, please make it happen.",cancellation,59
I want out of this subscription; cancel it for me.,cancellation,50
I’m really unhappy and can’t keep using this service; please cancel.,cancellation,68
Can you guide me on how to cancel my subscription?,cancellation,50
I wish to terminate my account; it’s not working for me anymore.,cancellation,64
Please make sure my subscription is canceled and confirm it.,cancellation,60
"I can’t continue with this, so I need to cancel.",cancellation,48
I want to cancel my subscription now; I’m done with it.,cancellation,55
I’ve decided to stop my subscription—how do I do that?,cancellation,54
Can you confirm that my account is being terminated?,cancellation,52
"I really want to cancel, but I’m not sure how.",cancellation,46
"This service isn’t for me anymore, so I’d like to cancel.",cancellation,57
Please cancel my subscription effective immediately.,cancellation,52
I’m tired of being billed every month. Please end my subscription.,cancellation,66
I want to close my account and stop any further charges.,cancellation,56
"I thought I had canceled my account, but it looks like I'm still being billed.",cancellation,78
I’m not happy with my plan anymore. Let’s cancel it.,cancellation,52
I want to make sure I won’t be charged next month—please cancel.,cancellation,64
I’m ready to end my subscription. What do I need to do?,cancellation,55
I’m officially requesting to cancel my membership.,cancellation,50
"I don’t need this service anymore, please stop my subscription.",cancellation,63
I have made up my mind to cancel my account without any renewal.,cancellation,64
Can you guide me on how I can cancel my subscription?,cancellation,53
"I want to terminate my account, what’s the next step?",cancellation,53
"Just letting you know I want to cancel my subscription, thanks.",cancellation,63
How quickly can I cancel my plan?,cancellation,33
This is my formal request to cancel my account.,cancellation,47
I want to make sure my subscription is canceled at the end of this billing cycle.,cancellation,81
Please ensure that my account is closed and I’m not charged again.,cancellation,66
"Cancel my subscription and confirm it via email, please.",cancellation,56
"I’ve decided I no longer want this subscription, please cancel it.",cancellation,66
Can you help me with ending my membership? I'm not using it anymore.,cancellation,68
"I would like to stop my auto-renewal for next month, please.",cancellation,60
"This service isn't for me, so I want to cancel my subscription now.",cancellation,67
How can I get my account closed? I’m done with it.,cancellation,50
I want to terminate my subscription effective immediately.,cancellation,58
Please ensure my account is canceled before the next billing cycle.,cancellation,67
I'm really frustrated with this service and want to cancel my account.,cancellation,70
"I no longer need this subscription, so I’d like to cancel it.",cancellation,61
Please cancel my membership. I'm not satisfied with it.,cancellation,55
I want to end my service. What do I need to do?,cancellation,47
I’ve thought it over and I want to cancel my account.,cancellation,53
Can you please assist me in canceling my subscription?,cancellation,54
I’m looking to cancel my plan; I’m not interested in it anymore.,cancellation,64
"I've had enough, please go ahead and terminate my account.",cancellation,58
I want out of this service; please cancel my subscription.,cancellation,58
I need to cancel my annual plan before I get charged again.,cancellation,59
"Just a heads up, I want to cancel my account for good.",cancellation,54
I feel like I’m wasting money and want to cancel.,cancellation,49
"Can I have my account canceled, please? It's no longer needed.",cancellation,62
"I don’t want to be billed anymore, so please cancel my subscription.",cancellation,68
I’ve decided to cancel my account. Let me know what to do next.,cancellation,63
I want to cancel before the next payment goes through.,cancellation,54
Please make sure my subscription is canceled effective today.,cancellation,61
Can you please help me cancel my subscription? I'm not using it anymore.,cancellation,72
I want to stop my membership from renewing next month.,cancellation,54
Please go ahead and terminate my account permanently.,cancellation,53
I'm really unhappy with the service. I’d like to cancel my subscription now.,cancellation,76
"Just a heads up, I won’t be renewing my plan next billing cycle.",cancellation,64
"Cancel my subscription, please. I'm done with it.",cancellation,49
"I no longer need this service, so I'd like to cancel my account.",cancellation,64
Help me out—I want to ensure my subscription is canceled completely.,cancellation,68
It's time to call it quits. Can you cancel my membership?,cancellation,57
I’m requesting to end my subscription effective immediately.,cancellation,60
"I’d like to cancel, but how do I make sure it’s really done?",cancellation,60
Can you process my cancellation request? I don’t want to be charged again.,cancellation,74
I’ve decided to cancel my account. Thanks for your help.,cancellation,56
"I’m frustrated and want to cancel my subscription, please.",cancellation,58
I can't keep this subscription anymore; I need to cancel it now.,cancellation,64
I’m not interested in renewing my plan. Just cancel it for me.,cancellation,62
I want to cancel everything associated with my account.,cancellation,55
I don’t want to continue with this service; please cancel my subscription.,cancellation,74
Please cancel my account before the next billing date.,cancellation,54
I just want to stop my subscription. What do I need to do?,cancellation,58
Cancel my membership. I won’t be needing it anymore.,cancellation,52
I'd appreciate it if you could help me cancel my account.,cancellation,57
"This service isn’t working for me, so I want to cancel.",cancellation,55
"I'd like to end my service, please.",cancellation,35
Can you help me cancel my account? I'm not using it anymore.,cancellation,60
I want to stop my subscription as of next month.,cancellation,48
Please make sure my account is closed. Thanks!,cancellation,46
I'm no longer interested in my plan; can you cancel it?,cancellation,55
How do I go about canceling my membership?,cancellation,42
I need to cancel my subscription right away.,cancellation,44
Can you help me with the cancellation process?,cancellation,46
I want to stop all future charges to my account.,cancellation,48
I've decided to cancel my subscription after this billing cycle.,cancellation,64
I want to get rid of my account; please proceed with the cancellation.,cancellation,70
It’s time to cancel my subscription. Too many other expenses!,cancellation,61
I don’t want to continue my service. Please cancel it for me.,cancellation,61
I've had enough; I want to end my subscription immediately.,cancellation,59
How can I unsubscribe? I won’t be needing this anymore.,cancellation,55
Can you please close my account? I won't be using it.,cancellation,53
I need to cancel my plan. I'm not happy with it.,cancellation,48
I'm requesting to terminate my subscription effective now.,cancellation,58
Please stop my subscription from renewing next month.,cancellation,53
"I'd like to put an end to my account, please.",cancellation,45
Can you ensure my account is canceled? I'm done with this service.,cancellation,66
I’m frustrated and want to cancel my account ASAP.,cancellation,50
I want to cancel and avoid any further charges.,cancellation,47
Please process my account cancellation today.,cancellation,45
I’m unhappy with the service and want to cancel my subscription.,cancellation,64
"I'd like to cancel my service, please.",cancellation,38
Can you help me with canceling my account?,cancellation,42
I need to end my subscription; it’s just not working for me.,cancellation,60
Please stop my subscription; I won’t be needing it anymore.,cancellation,59
I'm done with this service. Time to cancel my account.,cancellation,54
I want to cancel my membership effective immediately.,cancellation,53
Can you show me how to terminate my account?,cancellation,44
I’ve decided not to renew my subscription for next month.,cancellation,57
I would like to cancel my monthly plan. Thank you.,cancellation,50
"I can’t afford this anymore, so please cancel my subscription.",cancellation,62
How do I go about canceling my service? It’s just not for me.,cancellation,61
I regret to inform you that I need to cancel my account.,cancellation,56
I want to cancel everything related to my subscription.,cancellation,55
"This isn't what I expected, so please cancel my service.",cancellation,56
I need to cancel my subscription now! It's getting too expensive.,cancellation,65
I've decided to discontinue my service. Please cancel my account.,cancellation,65
"This isn’t working out for me, so I need to cancel my subscription.",cancellation,67
I just want to cancel; it’s too much hassle for me.,cancellation,51
"I’m sorry, but I have to cancel my account today.",cancellation,49
Can you confirm that my subscription is canceled?,cancellation,49
Please make sure my account is canceled by the end of the day.,cancellation,62
I’m finished with this service. Please close my account.,cancellation,56
"I want to stop all future charges, so I need to cancel.",cancellation,55
"I’m not satisfied, so go ahead and cancel my subscription.",cancellation,58
This is my official request to terminate my account.,cancellation,52
I’ve made up my mind; cancel my subscription immediately.,cancellation,57
I need to cancel my membership right now.,cancellation,41
Could you please help me with terminating my account?,cancellation,53
"I'm not satisfied anymore, so I want to cancel my subscription.",cancellation,63
This service isn't for me. Please cancel my account.,cancellation,52
"I don’t want to be charged for another month, so please stop my subscription.",cancellation,77
I’d like to close my account effective immediately.,cancellation,51
I'm really frustrated with this service. Just cancel everything for me.,cancellation,71
How do I go about canceling my plan? It's just not working out.,cancellation,63
Please make sure my subscription is canceled. I can't keep paying for this.,cancellation,75
I've decided to cancel my account. Please proceed with that.,cancellation,60
"I'm looking to cancel my subscription, can you walk me through the process?",cancellation,75
I'd appreciate it if you could cancel my membership as soon as possible.,cancellation,72
I'm done with this subscription. Please cancel it for me.,cancellation,57
I want to stop my subscription today. What do I need to do?,cancellation,59
"This service has not met my needs, so I am canceling my account.",cancellation,64
Please let me know how to cancel my subscription without any hassle.,cancellation,68
"I want to end my subscription. No more charges, please.",cancellation,55
"It's not you, it's me. I want to cancel my account.",cancellation,51
I need to cancel; it’s not worth it for me anymore.,cancellation,51
Can you help me get rid of my subscription? I no longer want it.,cancellation,64
I've decided I'm not renewing my subscription next month.,cancellation,57
I've had enough; please cancel my account.,cancellation,42
I want to opt-out of my plan and cancel my membership.,cancellation,54
I just want to cancel everything and not worry about it anymore.,cancellation,64
Can you please help me terminate my account? I'm no longer interested.,cancellation,70
"I'm not happy with the service, so I want to cancel my subscription.",cancellation,68
How can I go about closing my account with you?,cancellation,47
I won't be needing my subscription anymore. Please cancel it.,cancellation,61
I want to stop my subscription immediately. What do I need to do?,cancellation,65
I'd like to request cancellation of my account as soon as possible.,cancellation,67
I'm thinking about canceling my subscription. Can you process that for me?,cancellation,74
Please ensure my account is not renewed next billing cycle.,cancellation,59
I’d appreciate it if you could cancel my service. Thank you.,cancellation,60
I’m fed up and want to cancel my subscription right now.,cancellation,56
How do I officially cancel my account? I’m done with it.,cancellation,56
I’ve decided to cancel my subscription. It’s just not working for me.,cancellation,69
"Cancel my account, please. I don’t want to continue.",cancellation,52
I want to opt out of my subscription. Can you take care of that?,cancellation,64
"I’m done, please terminate my account without any further charges.",cancellation,66
Can you help me with canceling my subscription? I’m not satisfied.,cancellation,66
I want my account closed immediately. This is my final decision.,cancellation,64
I’m reaching out to cancel my membership. It’s not for me anymore.,cancellation,66
I don’t want to be billed again. Please cancel my subscription.,cancellation,63
Please stop my subscription. I’ve lost interest in the service.,cancellation,63
I need to cancel my account before the next billing date.,cancellation,57
I would like to unsubscribe from your service effective immediately.,cancellation,68
I’m writing to request the cancellation of my account.,cancellation,54
I want to terminate my subscription. I won’t be using it anymore.,cancellation,65
Please terminate my subscription at your earliest convenience.,cancellation,62
I'm no longer interested in your service; please cancel my subscription.,cancellation,72
How do I go about cancelling my membership?,cancellation,43
Can you please ensure my subscription isn't renewed next month?,cancellation,63
"I want to stop my payments, so please cancel my account.",cancellation,56
"I'm really unhappy with the service, so I want to cancel my subscription.",cancellation,73
I just realized I don't need this anymore. Can you help me cancel?,cancellation,66
Please close my account effective immediately.,cancellation,46
"I'm trying to avoid any future charges, so I need to cancel my plan.",cancellation,68
I've decided to cancel my subscription; it just isn't working for me.,cancellation,69
"I don't want to continue with my account, so please end my subscription.",cancellation,72
"This service isn't for me, so I'd like to cancel.",cancellation,49
I want to make sure I won't be charged again. Please cancel my account.,cancellation,71
I'm fed up and want to cancel my subscription now.,cancellation,50
I’ve changed my mind about the subscription; please cancel it.,cancellation,62
I'm moving on and need to cancel my account with you.,cancellation,53
"I forgot to cancel last month, and I don’t want that to happen again!",cancellation,69
Can you confirm that my subscription will be cancelled?,cancellation,55
I'm ready to cancel my subscription; it's not meeting my needs.,cancellation,63
I'd like to cancel before the next billing cycle starts.,cancellation,56
Please make sure my account is closed by the end of the week.,cancellation,61
I wish to terminate my membership due to personal reasons.,cancellation,58
"This isn’t what I expected, so I'd like to cancel my subscription.",cancellation,66
Can you help me terminate my subscription? It's not working out for me.,cancellation,71
I want to stop my membership as soon as possible.,cancellation,49
Please go ahead and close my account for me.,cancellation,44
"I'm tired of this service. Just cancel it, please.",cancellation,50
"I'd like to cancel my auto-renewal, thank you.",cancellation,46
How do I end my subscription? I’m done with it.,cancellation,47
I want to opt-out of my plan and stop any future charges.,cancellation,57
"This isn't what I expected, so please cancel my account.",cancellation,56
I no longer wish to be a member. Please confirm my cancellation.,cancellation,64
"I'm really frustrated with this service, and I want to cancel.",cancellation,62
I’ve decided I don’t want to continue with my subscription. Please handle the cancellation.,cancellation,91
Can you make sure my account doesn't renew next month? I'm canceling.,cancellation,69
I’m not satisfied and want to cancel my subscription immediately.,cancellation,65
This is my formal request to end my service with you.,cancellation,53
I'd like to cancel my plan. Let me know what I need to do.,cancellation,58
"I can’t afford this anymore, so please cancel my account.",cancellation,57
I want to stop my subscription before I'm charged again.,cancellation,56
I just want to discontinue my service. How can I do that?,cancellation,57
Can you please assist me in getting my account canceled?,cancellation,56
I’m reaching out to request the cancellation of my subscription.,cancellation,64
I’ve changed my mind and want to cancel my membership now.,cancellation,58
"I don’t want to keep my account active anymore, please cancel it.",cancellation,65
Please make sure I won’t be billed next month; I’d like to cancel.,cancellation,66
I’ve decided to end my service. Please confirm my cancellation request.,cancellation,71
Can you please help me terminate my account? I'm done with the service.,cancellation,71
"I no longer wish to be charged for this subscription, so please cancel it.",cancellation,74
"I’d like to end my subscription, but I’m not sure how to do that.",cancellation,65
"This service isn't working for me, so I want to cancel my subscription.",cancellation,71
Please go ahead and close my account. I’m not interested anymore.,cancellation,65
I want to stop all future charges. How do I cancel my account?,cancellation,62
Can you confirm the cancellation of my subscription? I want it done today.,cancellation,74
I've decided to cancel my plan—it just isn't right for me.,cancellation,58
I'm unhappy with the service and want to cancel my account immediately.,cancellation,71
Please make sure my subscription is canceled by the end of the month.,cancellation,69
"I've changed my mind about this service, so I need to cancel my plan now.",cancellation,73
I want to discontinue my subscription effective immediately.,cancellation,60
Can you help me with canceling my account? I'm feeling overwhelmed.,cancellation,67
I'm reaching out to cancel my subscription. Thanks for your help.,cancellation,65
"I want to make sure I won’t be billed again, so please cancel my account.",cancellation,73
Could you assist me in canceling my subscription? I’d appreciate it.,cancellation,68
I’ve decided I no longer need this service—please cancel my account.,cancellation,68
I’m not satisfied and would like to cancel my subscription right away.,cancellation,70
"I need to terminate my account, please process my cancellation.",cancellation,63
Let’s go ahead and cancel my plan. I’m not happy with it.,cancellation,57
Please confirm that my subscription has been canceled. I want no further charges.,cancellation,81
I want to opt out of this service. Please cancel my account now.,cancellation,64
"I didn’t find value in my subscription, so I’d like to cancel it.",cancellation,65
Make sure my account is closed; I won't be using this anymore.,cancellation,62
I want to cancel and stop all billing. What do I need to do?,cancellation,60
"I'd like to terminate my account, thank you.",cancellation,44
I want to make sure my subscription is not renewed next month.,cancellation,62
Please cancel my service as soon as possible.,cancellation,45
I’ve decided to cancel my plan due to personal reasons.,cancellation,55
How do I stop my payments from going through?,cancellation,45
"I no longer want to use this service, so please cancel my account.",cancellation,66
Can you confirm my subscription will be canceled by the end of the month?,cancellation,73
I’m not satisfied with the service and would like to cancel.,cancellation,60
"I want to opt-out of my subscription, can you help?",cancellation,51
"This is my final request to cancel my account, please proceed.",cancellation,62
I’ve changed my mind and need to cancel my subscription.,cancellation,56
I’m over this service and want to cancel it.,cancellation,44
Can you assist me with stopping my subscription?,cancellation,48
"I’m done with this, please end my account now.",cancellation,46
Please ensure my account is closed and no more payments are taken.,cancellation,66
I just want to cancel everything related to my account.,cancellation,55
This service isn’t working for me anymore; I want to cancel.,cancellation,60
How do I go about terminating my account effectively?,cancellation,53
I’m officially requesting to cancel my subscription today.,cancellation,58
"I’d like to withdraw from my subscription, please.",cancellation,50
I need to cancel my plan and would appreciate your help.,cancellation,56
I’m not going to continue with this service; please cancel it.,cancellation,62
Can you make sure my account is canceled today?,cancellation,47
I want to ensure that I will not be billed again next month.,cancellation,60
I'd like to cancel my membership right away.,cancellation,44
Please terminate my account; I've made my decision.,cancellation,51
Can you help me cancel my subscription? I don't want to continue.,cancellation,65
How do I go about cancelling my service?,cancellation,40
I don't find value in my subscription anymore; please cancel it.,cancellation,64
I need to stop my subscription from renewing next month.,cancellation,56
It's time for me to cancel my account; I've decided not to continue.,cancellation,68
Can you confirm the cancellation of my subscription?,cancellation,52
I want to make sure my account is closed. Please help me with that.,cancellation,67
I'm really frustrated with the service; just go ahead and cancel my subscription.,cancellation,81
Please end my subscription immediately; I'm not happy with it.,cancellation,62
"I want to cancel everything associated with my account, please.",cancellation,63
Stop all charges to my account; I need to cancel my plan.,cancellation,57
I wish to discontinue my subscription effective immediately.,cancellation,60
I've moved on and need to cancel my subscription now.,cancellation,53
This isn't working for me; please cancel my services.,cancellation,53
I want to terminate my account due to personal reasons.,cancellation,55
Can you process my cancellation right now? I'm no longer interested.,cancellation,68
I'd appreciate it if you could cancel my subscription at your earliest convenience.,cancellation,83
"My subscription isn't serving me, so I'd like to cancel it.",cancellation,59
I'm requesting a cancellation of my account; thank you for your assistance.,cancellation,75
I just want to cancel my plan without any hassle.,cancellation,49
Please help me end my subscription; I'm not satisfied.,cancellation,54
I have decided to cancel my account; please confirm this for me.,cancellation,64
"No more charges, please! I want to cancel everything.",cancellation,53
I'm done with my subscription; let's get this cancellation taken care of.,cancellation,73
I'm done with this service; please cancel my subscription immediately.,cancellation,70
How do I go about stopping my subscription? This isn’t working for me.,cancellation,70
I'd like to cancel my membership. Please process it for me.,cancellation,59
I want to make sure my account doesn’t renew next month.,cancellation,56
Please remove me from your service; I no longer need it.,cancellation,56
I'd like to cancel everything and close my account. Thanks.,cancellation,59
Can you confirm that my subscription is canceled? I don't want to be billed again.,cancellation,82
I really want to cancel my service. It's just not for me anymore.,cancellation,65
"I’ve decided to stop my subscription. Make it happen, please.",cancellation,61
I would like to cancel my account as soon as possible.,cancellation,54
I don’t see the value in this anymore. Please cancel my subscription for me.,cancellation,76
Can you assist me in canceling my service? I don't need it anymore.,cancellation,67
"I’m officially opting out of this service. Cancel my account, please.",cancellation,69
Can you stop my subscription from renewing next month? I’m not interested.,cancellation,74
"I’d like to cancel my plan, please. I’m not using it.",cancellation,53
This isn't working for me. Please cancel my subscription.,cancellation,57
I'd like to cancel and get a confirmation of my cancellation.,cancellation,61
Please ensure my account is canceled and I won't be charged again.,cancellation,66
I want to end my subscription effective immediately.,cancellation,52
How do I go about canceling my account? It's too much for me.,cancellation,61
I don't want to continue with this service any longer; please cancel.,cancellation,69
"I’m not satisfied, so I want to cancel my subscription.",cancellation,55
"I need help canceling my service now, please.",cancellation,45
Can you take care of canceling my subscription? I'm done.,cancellation,57
I'm looking to end my subscription. What do I need to do?,cancellation,57
Please make sure I won't be charged again. I want to cancel.,cancellation,60
I've decided I no longer want this service. Cancel my account.,cancellation,62
How do I go about cancelling my subscription? It’s not working for me.,cancellation,70
I don’t want to continue; please cancel my account immediately.,cancellation,63
Can you assist me in terminating my subscription? It’s time to say goodbye.,cancellation,75
I’m frustrated and want to cancel my service. It’s just not for me anymore.,cancellation,75
This is my request to cancel my subscription. I won’t be needing it any longer.,cancellation,79
Can you confirm that my account will be canceled? I don’t want any more charges.,cancellation,80
I need to end my subscription. It’s not worth it for me anymore.,cancellation,64
Please cancel my membership. I've found another option.,cancellation,55
I want to make sure my account is closed. I’m not interested anymore.,cancellation,69
How do I stop my subscription? I want to avoid future payments.,cancellation,63
This is me letting you know I want to cancel. Enough is enough.,cancellation,63
I’ve decided to cancel. It’s just not fitting into my plans anymore.,cancellation,68
Please proceed with canceling my account. I’m ready to move on.,cancellation,63
I want to stop being billed for this service. Please cancel my account.,cancellation,71
"I’m done with this subscription, please cancel it for me.",cancellation,57
It’s time for me to cancel my membership. Thank you for your help.,cancellation,66
Can I end my subscription now? I don't want to continue.,cancellation,56
I want out of this subscription. How can I cancel it?,cancellation,53
Please confirm the cancellation of my account. I no longer wish to have it.,cancellation,75
Can you please help me cancel my subscription?,cancellation,46
"I'm no longer interested in this service, so I want to cancel.",cancellation,62
I want to make sure my subscription won't renew next month.,cancellation,59
I'm really frustrated with this service. I want to cancel my subscription now.,cancellation,78
Could you provide me with the steps to cancel my membership?,cancellation,60
I'm going to have to cancel my account due to personal reasons.,cancellation,63
"I've decided to stop using your service, so I need to cancel my subscription.",cancellation,77
"This isn't working out for me, please cancel my account.",cancellation,56
How can I ensure that I won't be charged again next month?,cancellation,58
I’ve had enough; I want to terminate my subscription right away.,cancellation,64
"It’s been nice, but I’m ready to cancel my account.",cancellation,51
I want to opt out of my subscription as of today.,cancellation,49
I really need to cancel my membership; it's not what I expected.,cancellation,64
I'm not satisfied and want to discontinue my subscription.,cancellation,58
Can you confirm that my account will be canceled and that I won't be billed again?,cancellation,82
I need to cancel my service because of financial reasons.,cancellation,57
"This is too expensive for me, so I want to cancel my subscription.",cancellation,66
I’d like to discontinue my account and not renew it next month.,cancellation,63
Could you assist me in canceling my subscription effectively?,cancellation,61
I’ve decided to cancel my membership. Please make it happen.,cancellation,60
I want to stop my subscription before being charged again.,cancellation,58
I'm reaching out to finalize the cancellation of my account.,cancellation,60
"My subscription isn’t working for me, so I want to cancel it.",cancellation,61
Can you please help me terminate my subscription?,cancellation,49
"I'm no longer interested in this service, so please cancel it.",cancellation,62
"I'd like to stop my subscription from next month, how can I do that?",cancellation,68
"I want to end my membership, so please proceed with the cancellation.",cancellation,69
Please ensure my account is closed by the end of the month.,cancellation,59
"I don't want to continue with my subscription, so just cancel it for me.",cancellation,72
How can I get my account deactivated? I’m not using it anymore.,cancellation,63
It's time to cancel my subscription. Thanks for your help!,cancellation,58
"I’m not satisfied, so I'd like to cancel my plan now.",cancellation,53
I want to opt out of the service; please cancel my subscription.,cancellation,64
I’ve decided to cancel my account. Please confirm once it's done.,cancellation,65
Can you guide me on how to cancel my service? I’m ready to do it now.,cancellation,69
I want to quit my subscription—it's just not working for me.,cancellation,60
Please cancel my account effective immediately. Thank you.,cancellation,58
I’m done with this service; I need to cancel my subscription now.,cancellation,65
"I've changed my mind, and I want to cancel my plan.",cancellation,51
"Can you process my cancellation request, please?",cancellation,48
I’m requesting a cancellation of my subscription as soon as possible.,cancellation,69
Let’s go ahead and cancel my account. I won’t need it anymore.,cancellation,62
I wish to terminate my subscription today. Please assist me.,cancellation,60
I need to halt my payments and cancel my membership.,cancellation,52
Can you make sure my account is cancelled? I don’t want to be charged again.,cancellation,76
"It’s been great, but I’ve decided to close my account now.",cancellation,58
I just want to be done with my subscription. Please cancel it for me.,cancellation,69
"I'm done with this service, please cancel my account.",cancellation,53
"I need to cancel my subscription immediately, thanks!",cancellation,53
Can you help me with the steps to cancel my account? I'm not satisfied anymore.,cancellation,79
Please terminate my subscription. I won't be needing it anymore.,cancellation,64
I've decided to cancel my membership. It's not working out for me.,cancellation,66
"I don't want to continue my subscription, so please cancel it.",cancellation,62
"This isn't for me, so I want to go ahead and cancel my account.",cancellation,63
"I'd like to cancel my subscription, could you assist me with that?",cancellation,66
"I'm really frustrated with this service, so I want to cancel my account.",cancellation,72
"I won't be renewing my subscription next month, please make sure it doesn't go through.",cancellation,87
"Cancel my account, please. I've had enough.",cancellation,43
I'm looking to cancel my subscription right now. Can you assist me?,cancellation,67
I've decided to stop my subscription. Please proceed with the cancellation.,cancellation,75
Don't charge me next month; I want to cancel my plan.,cancellation,53
I want to end my subscription. What do I need to do?,cancellation,52
"This service isn't for me anymore, so I'd like to cancel.",cancellation,57
Could you please cancel my account at your earliest convenience?,cancellation,64
I want to cancel everything related to my account. I've lost interest.,cancellation,70
I'm not satisfied and I want to cancel my subscription today.,cancellation,61
Make sure to cancel my account. I'm not using it anymore.,cancellation,57
I need to cancel my subscription effective immediately. Thank you!,cancellation,66
Please stop my subscription. I can't afford it anymore.,cancellation,55
I've changed my mind about this service; please cancel my account.,cancellation,66
How do I go about canceling my subscription? I want to make sure it's done.,cancellation,75
Please process my cancellation request. Thank you for your assistance.,cancellation,70
I'm done with this service; please cancel my subscription.,cancellation,58
"I want to make sure I won't be charged next month, so I need to cancel my account.",cancellation,82
"This isn't working for me anymore, so I'd like to terminate my subscription.",cancellation,76
I wish to stop my subscription immediately; I'm not happy with it.,cancellation,66
How do I cancel this? I don’t want it anymore.,cancellation,46
I’ve decided to opt out of my plan; please cancel it for me.,cancellation,60
"I can't keep paying for this service, so I want to cancel.",cancellation,58
Please ensure my account is fully closed by the end of the month.,cancellation,65
I don't want to continue with this; please cancel my service now.,cancellation,65
Can you process my cancellation request? I don't need this anymore.,cancellation,67
I’m frustrated and want to terminate my account today.,cancellation,54
I'm not pleased with my subscription; I want to cancel it now.,cancellation,62
I’d like to discontinue my service; can you take care of that for me?,cancellation,69
Can you confirm my subscription has been canceled? I don’t want to be charged again.,cancellation,84
I want to cancel my account without any further charges.,cancellation,56
Please cancel my plan; I’m not using it.,cancellation,40
I'm requesting the cancellation of my account due to financial reasons.,cancellation,71
"This service isn’t right for me, so I need to cancel.",cancellation,53
Please let me know what steps I need to take to cancel my subscription.,cancellation,71
"I'd like to terminate my account as of today, please.",cancellation,53
How can I stop my subscription? I don’t want it anymore.,cancellation,56
"I’ve really enjoyed the service, but I have to cancel my subscription now.",cancellation,74
Let’s get my account canceled; I won’t be needing it anymore.,cancellation,61
Can I please terminate my account? I'm done with it.,cancellation,52
"I'm no longer interested in your service, so I'd like to cancel my subscription.",cancellation,80
How can I go about closing my account? It's not working for me.,cancellation,63
I've decided I don't want to continue with my subscription. Please cancel it.,cancellation,77
This is my request to end my account with you. Thank you.,cancellation,57
I just want to make sure I won't be charged again next month. How do I cancel?,cancellation,78
Please process the cancellation of my subscription at your earliest convenience.,cancellation,80
I'd like to opt out of my renewal. Can you handle that for me?,cancellation,62
I don't want my account anymore. Can you please cancel it?,cancellation,58
Can you guide me through the steps to cancel my subscription? I want to stop it now.,cancellation,84
I want to discontinue my service. Please cancel my account immediately.,cancellation,71
"This isn't working out for me, so please cancel my subscription.",cancellation,64
"I’d like to close my account, as I’m not finding the service useful.",cancellation,68
"I'm really frustrated with this service, so I'd like to cancel my subscription.",cancellation,79
I’ve decided to cancel everything. Make sure I’m not billed again.,cancellation,66
Please let me know how to cancel my subscription efficiently. Thank you.,cancellation,72
I'd appreciate it if you could cancel my account right away.,cancellation,60
I want to cancel my plan. It’s just not for me anymore.,cancellation,55
Can you ensure my subscription is cancelled before the next billing cycle?,cancellation,74
"I need to end my account. It's been a tough decision, but I have to do it.",cancellation,74
Can you cancel my membership? It's not what I expected.,cancellation,55
I’m looking to cancel my service completely. What do I need to do?,cancellation,66
I no longer wish to continue with my subscription. Please take care of it.,cancellation,74
I’m done with the service and want to cancel my account immediately.,cancellation,68
Can you please help me close my account for good?,cancellation,49
I'm ready to end my subscription; please take care of it.,cancellation,57
"It’s time for me to cancel my service, thanks for your help!",cancellation,60
How do I get off your subscription list?,cancellation,40
Please go ahead and cancel my account. I don't want to continue.,cancellation,64
"I'd like to stop my subscription starting now, if possible.",cancellation,59
I’m no longer interested in your service; please cancel it.,cancellation,59
I want to terminate my account. What do I need to do?,cancellation,53
Can you confirm that my subscription will not renew automatically?,cancellation,66
I’ve decided to cancel my plan; can you assist me?,cancellation,50
I’m frustrated with your service and want to cancel right away.,cancellation,63
"I won’t be needing my subscription anymore, so please cancel it.",cancellation,64
I’d like assistance canceling my membership; it’s not working for me.,cancellation,69
"I need to end my subscription today, thanks for your understanding.",cancellation,67
Let’s wrap this up; I want to cancel my account.,cancellation,48
"I don’t want to be charged next month, so please cancel my subscription.",cancellation,72
Could you help me with canceling my account? I want to stop using it.,cancellation,69
I’d appreciate it if you could process my cancellation now.,cancellation,59
I'm requesting to cancel my service; please confirm it's done.,cancellation,62
"This isn't for me anymore, and I'd like to cancel my account.",cancellation,61
"I'd like to cancel and get any last charges refunded, please.",cancellation,61
"Please go ahead and cancel my subscription, I won’t be using it.",cancellation,64
I really need to cancel my account; it’s been nice but I need to move on.,cancellation,73
I'm done with this service. Please cancel my account.,cancellation,53
Could you help me with canceling my subscription? I no longer need it.,cancellation,70
I’ve decided to stop using your service. Please go ahead and cancel it.,cancellation,71
I need to cancel my subscription today. It's just not working out for me.,cancellation,73
Can you please process the cancellation of my account? I won’t be needing it anymore.,cancellation,85
"I want to make sure I won't be charged again next month, so please cancel my subscription.",cancellation,90
"I've had enough, please terminate my account immediately.",cancellation,57
How do I cancel my subscription? I want to make sure I’m not billed again.,cancellation,74
I'm requesting cancellation of my account. It’s not what I expected.,cancellation,68
Please cancel my membership. It's not a good fit for me anymore.,cancellation,64
I really want to cancel my subscription. Can you confirm that this will stop future charges?,cancellation,92
This service isn't for me anymore. Please close my account.,cancellation,59
I'd like to opt out of my current subscription. Please cancel it for me.,cancellation,72
"I'm feeling frustrated with this service, so I'd like to cancel my account.",cancellation,75
Can you assist me in canceling my subscription? I don't find it useful anymore.,cancellation,79
"Just a quick note to say I want to cancel my account, please.",cancellation,61
I need to cancel my subscription right away. Thanks for your help!,cancellation,66
I want to withdraw from my subscription. Please ensure it’s canceled.,cancellation,69
Please terminate my subscription. I've made my decision.,cancellation,56
Can you please help me cancel before my next billing cycle?,cancellation,59
"I’m no longer interested in this service, so I’d like to cancel my account.",cancellation,75
I’m looking to close my account immediately. Please process this request.,cancellation,73
Can you please confirm that my subscription has been canceled?,cancellation,62
I've decided it's time to cancel my membership. Please take care of this.,cancellation,73
I want to cancel my subscription and I need to confirm it won’t renew.,cancellation,70
"This just isn’t working out for me, so please cancel my account.",cancellation,64
Can you help me with the cancellation process? I don't want to continue my subscription.,cancellation,88
I want to terminate my subscription as soon as possible.,cancellation,56
Please cancel my membership; I've decided to move on.,cancellation,53
I won't be needing my subscription anymore; please cancel it.,cancellation,61
How do I go about stopping my subscription from renewing?,cancellation,57
I'm frustrated with the service and would like to cancel my account now.,cancellation,72
I've made up my mind to cancel my subscription; it just isn't working for me.,cancellation,77
"I don't want to be charged anymore, so please cancel my plan.",cancellation,61
I’m writing to request the cancellation of my subscription without any further charges.,cancellation,87
Can you confirm that my account will be canceled? I don't want to renew.,cancellation,72
I've decided to cancel my membership. Can you assist me?,cancellation,56
Please ensure my account is canceled at the end of the billing cycle.,cancellation,69
I need my subscription canceled immediately. Thank you.,cancellation,55
"This isn't for me anymore, please cancel my account.",cancellation,52
I would like to officially request a cancellation of my subscription.,cancellation,69
"I’d like to stop using this service, so please cancel my subscription.",cancellation,70
Is it possible to cancel my subscription online? I'm ready to end it.,cancellation,69
I just want to confirm cancellation of my account; it’s no longer needed.,cancellation,73
"I'm not satisfied with the service, so I'd like to cancel my subscription.",cancellation,74
Please process the cancellation of my subscription right away.,cancellation,62
"I want to cancel my plan as soon as possible, can you help?",cancellation,59
"I want my account closed and no further charges, please.",cancellation,56
Kindly assist me in canceling my subscription today.,cancellation,52
"I need to cancel my membership, please.",cancellation,39
Can you help me end my subscription? I don’t want it anymore.,cancellation,61
I’ve decided to discontinue my account. Please proceed with the cancellation.,cancellation,77
"I’m not happy with the service, so I’d like to cancel my subscription.",cancellation,70
How do I go about shutting down my account?,cancellation,43
I’d like to terminate my subscription. What do I need to do?,cancellation,60
I no longer wish to continue my subscription. Please cancel it.,cancellation,63
"This isn’t working for me, so I’d like to cancel my plan.",cancellation,57
Can you process the cancellation of my service?,cancellation,47
I don’t want to keep my account active any longer. Please cancel it.,cancellation,68
How can I stop future charges on my account?,cancellation,44
I’m done with this service. Please cancel everything for me.,cancellation,60
I need my subscription canceled by the end of today.,cancellation,52
"I want to end my account with you guys, please help.",cancellation,52
"I can’t afford this anymore, so I want to cancel.",cancellation,49
Please ensure that my subscription is canceled at the end of this billing cycle.,cancellation,80
I’ve made my decision—please cancel my subscription right away.,cancellation,63
"I’m really frustrated with the service, so I’ve decided to cancel.",cancellation,66
I would like to formally request the cancellation of my subscription.,cancellation,69
Can I please get confirmation that my account will be canceled?,cancellation,63
I’m ready to cancel my membership. Just let me know how.,cancellation,56
I’m tired of this service and want to close my account.,cancellation,55
Can you please terminate my account? I'm not using it anymore.,cancellation,62
I just want to let you know that I won’t be renewing my subscription.,cancellation,69
"I'm really frustrated with your service, so please cancel my account.",cancellation,69
How can I go about canceling my subscription? I don’t want to be charged again.,cancellation,79
I think it's best if I cancel my account. It’s just not working for me.,cancellation,71
Please make sure to close my subscription before the next billing cycle.,cancellation,72
I want to stop receiving charges for this service. Just cancel it.,cancellation,66
This is a request to cancel my account effective immediately.,cancellation,61
I'm done with this service. Please cancel my subscription.,cancellation,58
I'd like to cancel my plan and close my account. How do I do that?,cancellation,66
I want to end my subscription with you. Please process my cancellation.,cancellation,71
"I’m not satisfied, so I want to cancel my service.",cancellation,50
I need to cancel. It’s just not the right fit for me anymore.,cancellation,61
"I'd like to request an account cancellation, please confirm when it’s done.",cancellation,75
I really don’t want to renew my subscription next month. Just cancel it.,cancellation,72
Could you help me out by canceling my subscription? I'm not interested anymore.,cancellation,79
Please stop my subscription; I can't afford it right now.,cancellation,57
I want to cancel my membership before the next billing date.,cancellation,60
"I need to get off this service, so please cancel my account.",cancellation,60
I’m reaching out to cancel my subscription. I won't be needing it anymore.,cancellation,74
I would appreciate it if you could cancel my plan immediately.,cancellation,62
What do I need to do to completely cancel my account?,cancellation,53
I just want to cancel without any hassles. Can you help me?,cancellation,59
Please ensure my account is canceled so I don’t see any more charges.,cancellation,69
I'd like to cancel my membership immediately.,cancellation,45
Can you please help me with canceling my account? I no longer need it.,cancellation,70
"I'm not happy with the service, so I want to terminate my subscription.",cancellation,71
How do I go about canceling my subscription? I can't find the option.,cancellation,69
I'm canceling my account. I've decided to go in a different direction.,cancellation,70
I want to end my account with you guys. Not satisfied.,cancellation,54
Could you assist me in canceling my subscription? Thanks.,cancellation,57
"I need to cancel my service, effective right now.",cancellation,49
I'm really frustrated with this service. Please cancel my subscription.,cancellation,71
I want to discontinue my account. It’s just not working for me.,cancellation,63
Can you process my account cancellation? I appreciate it.,cancellation,57
I've been meaning to cancel my subscription. Please do it for me.,cancellation,65
I would like to end my subscription and not be billed again.,cancellation,60
Let's go ahead and cancel my account. I'm done here.,cancellation,52
I need to stop my subscription from renewing. How do I do that?,cancellation,63
Please cancel my service immediately. I won't be needing it anymore.,cancellation,68
I want to officially cancel my account right now.,cancellation,49
"I’m requesting to terminate my subscription, effective today.",cancellation,61
Can you please make sure my account is closed? Thanks!,cancellation,54
I've decided to cancel. Please confirm that my subscription is ending.,cancellation,70
I wish to cancel my account due to personal reasons.,cancellation,52
Can you assist me with the cancellation of my subscription? I want it done soon.,cancellation,80
Please take care of my account cancellation. I'm no longer interested in the service.,cancellation,85
"I need to cancel my service, it's just not what I expected.",cancellation,59
Can you help me with canceling my account? I'm not using it anymore.,cancellation,68
I want to make sure my subscription doesn't renew next month.,cancellation,61
I'm done with this service; please cancel my subscription now.,cancellation,62
I'd like to terminate my account effective immediately.,cancellation,55
Please process my cancellation request. Thanks!,cancellation,47
I wish to end my subscription; it’s no longer working for me.,cancellation,61
Can you guide me on how to cancel my subscription? I can’t find the option.,cancellation,75
I’ve decided to cancel. Don't charge me anymore.,cancellation,48
I’m really frustrated with this service. I want to cancel my account.,cancellation,69
I just want to stop the recurring payments. How can I do that?,cancellation,62
It's time to say goodbye; please cancel my subscription.,cancellation,56
I've lost interest and need to cancel my account right away.,cancellation,60
"I can’t afford this anymore, so I need to cancel my membership.",cancellation,63
Can you please assist me in closing my account? I won’t be needing it.,cancellation,70
I want to make sure you won’t charge my card again next month.,cancellation,62
I’d like to cancel my plan and no longer receive your services.,cancellation,63
Can you confirm that my subscription is canceled? I don’t see any option.,cancellation,73
I’m not satisfied with the service; please terminate my account.,cancellation,64
Please cancel my subscription — I don't want to continue.,cancellation,57
Can you make sure I’m not billed again? I want to cancel.,cancellation,57
This isn’t working out for me; I need to cancel my account.,cancellation,59
I request the cancellation of my subscription immediately.,cancellation,58
Please end my membership today; I’m not interested anymore.,cancellation,59
I’m feeling overwhelmed with charges. I need to cancel my service.,cancellation,66
Can you help me with canceling my subscription? It's just not working out for me.,cancellation,81
I've decided to stop my subscription; please take care of that.,cancellation,63
I want to end my membership and not be charged again next month.,cancellation,64
"I don't want to continue with this service, so please cancel my account.",cancellation,72
"I've had enough, and I wish to cancel everything right now.",cancellation,59
Could you confirm that my subscription is canceled? I don't want any future charges.,cancellation,84
I want to stop my payments and cancel my service ASAP.,cancellation,54
This isn't for me anymore; please cancel my subscription.,cancellation,57
"I'd like to opt-out and terminate my account, effective immediately.",cancellation,68
"I'm done with this; cancel my subscription today, please.",cancellation,57
How can I go about canceling my account? I don’t want to renew.,cancellation,63
It's not working for me; I need to cancel my subscription.,cancellation,58
"Just cancel my account already, I’m not interested anymore.",cancellation,59
I want to cancel my subscription before the next billing cycle begins.,cancellation,70
Please remove me from your service and cancel everything.,cancellation,57
"I've decided I no longer need this service, so I want to cancel my account.",cancellation,75
Can you process my cancellation request? I'm not renewing.,cancellation,58
I'm looking to cancel my subscription. What do I need to do?,cancellation,60
I’m not satisfied and would like to cancel my account immediately.,cancellation,66
I need you to terminate my account; I'm no longer using it.,cancellation,59
This isn’t for me; please proceed with the cancellation.,cancellation,56
I just want to make sure my subscription is canceled to avoid future charges.,cancellation,77
I’d like to cancel my membership right away.,cancellation,44
Please terminate my account as soon as possible.,cancellation,48
"I don’t want to keep paying for this service, so please cancel it.",cancellation,66
Can you help me stop my subscription from renewing next month?,cancellation,62
I'm not happy with the service anymore; please cancel my account.,cancellation,65
"I'd like to go ahead and cancel my subscription, please.",cancellation,56
How can I make sure my subscription doesn’t renew?,cancellation,50
I need to cancel my trial before I get charged.,cancellation,47
I’m fed up with this service; I want to cancel.,cancellation,47
"Just want to confirm that my subscription is cancelled, thanks!",cancellation,63
I want to discontinue my account effective immediately.,cancellation,55
Please stop my membership; I can’t afford it anymore.,cancellation,53
I’d like to end my subscription before the next billing cycle.,cancellation,62
"Hello, please make sure my account is cancelled.",cancellation,48
I want to cancel all my services with you guys.,cancellation,47
I no longer wish to be a member; please cancel my account.,cancellation,58
Please process my cancellation request as quickly as possible.,cancellation,62
I’m really frustrated; I want to cancel my plan now.,cancellation,52
Can you confirm that my account cancellation is complete?,cancellation,57
I’d like to cancel my subscription and have no further charges.,cancellation,63
I want to get rid of my account; how do I do that?,cancellation,50
This service isn’t what I expected. Please cancel my subscription.,cancellation,66
"I’m not satisfied, so I want to cancel everything.",cancellation,50
I don’t need this anymore; please cancel my membership.,cancellation,55
I’d like to opt out of the subscription. Can you help?,cancellation,54
My subscription needs to be cancelled before the renewal date.,cancellation,62
Can you please help me cancel my subscription? I don’t want to continue.,cancellation,72
I’ve decided to close my account. Please process the cancellation for me.,cancellation,73
I'm not happy with the service anymore; please cancel my subscription.,cancellation,70
I’d like to cancel my plan effective immediately.,cancellation,49
How do I go about canceling my subscription? It’s just not for me.,cancellation,66
I want to stop my subscription permanently. Can you confirm that for me?,cancellation,72
It's time to say goodbye; please cancel my account.,cancellation,51
I'm frustrated and want to discontinue my service now.,cancellation,54
Can you make sure my subscription doesn't renew? I'm done.,cancellation,58
"I tried your service, but it's not for me. Please cancel it.",cancellation,60
I need assistance with canceling my account before the next billing cycle.,cancellation,74
Cancellation of my subscription is required; please assist.,cancellation,59
"I want to cancel everything—my account and subscription, please.",cancellation,64
I'm no longer interested; please go ahead and cancel my subscription.,cancellation,69
I've made my decision to cancel; let's get this done.,cancellation,53
"Cut my subscription off, please. I don’t want to keep it.",cancellation,57
I would like to cancel my recurring payment. It’s no longer needed.,cancellation,67
Can you confirm that my membership is canceled? I don’t want to deal with this anymore.,cancellation,87
"It's been nice, but I need to cancel my account now.",cancellation,52
I want to end my subscription. Please take care of that.,cancellation,56
Please help me with canceling my plan. I’m feeling overwhelmed.,cancellation,63
I’m done with this; I need you to cancel my subscription right away.,cancellation,68
Can you please help me with canceling my subscription?,cancellation,54
I've had enough and want to stop my subscription.,cancellation,49
"I want to end my service, how do I go about that?",cancellation,49
Please make sure my account is closed by the end of this month.,cancellation,63
"I'm not interested in using your service anymore, so please cancel my account.",cancellation,78
"I want to stop the subscription, it’s not working for me.",cancellation,57
This is my request to terminate my account with you.,cancellation,52
"I just can’t justify the cost anymore, please cancel my subscription.",cancellation,69
I'm fed up and would like to cancel my membership.,cancellation,50
I’m reaching out to officially end my subscription.,cancellation,51
"I'd like to cancel everything, thanks.",cancellation,38
How do I go about stopping the recurring charges on my account?,cancellation,63
"It seems I don't need this service anymore, so please cancel it for me.",cancellation,71
"I've decided to cancel, please process that as soon as you can.",cancellation,63
Can you assist me in canceling my account? I’m done with it.,cancellation,60
"I’m not happy with the service, so I’d like to cancel my plan.",cancellation,62
I want to terminate my subscription without any further payments.,cancellation,65
"Please let me know how to cancel my subscription, I want it done ASAP.",cancellation,70
"I don’t want to continue my account beyond this month, please cancel it.",cancellation,72
"I’d like to withdraw from my subscription, it's not right for me.",cancellation,65
"I’m done with this, please cancel my subscription immediately.",cancellation,62
Can you please ensure my subscription is canceled before the next billing cycle?,cancellation,80
"I want to take my business elsewhere, so please close my account.",cancellation,65
Please cancel my subscription and confirm it back to me.,cancellation,56
Can you please help me with closing my account?,cancellation,47
I’ve decided I don’t want my subscription anymore.,cancellation,50
I want to end my plan and stop the payments.,cancellation,44
"I’m not interested in continuing my subscription, so please cancel it.",cancellation,70
"I would like to terminate my account, thank you.",cancellation,48
I want to stop my subscription before the next billing date.,cancellation,60
How can I cancel my service? I don't need it anymore.,cancellation,53
Please go ahead and deactivate my account.,cancellation,42
I’m frustrated with this service and I want to cancel it now.,cancellation,61
I would like to cancel my subscription and receive confirmation.,cancellation,64
Can you assist me with canceling my subscription?,cancellation,49
I’m ready to cancel my account. What do I need to do?,cancellation,53
I don't want to continue with my current plan. Please cancel it.,cancellation,64
I’ve changed my mind about this subscription; please cancel.,cancellation,60
I want to opt out of my subscription right away.,cancellation,48
Stop all charges on my account. I want to cancel.,cancellation,49
I need to cancel before I get charged again next month.,cancellation,55
Please help me with the cancellation process.,cancellation,45
I want to put an end to my account; it’s not working for me.,cancellation,60
"I just can’t justify the expense anymore, so cancel me.",cancellation,55
"Let’s go ahead and cancel my subscription, please.",cancellation,50
I want to terminate this service as soon as possible.,cancellation,53
Can you please make sure my account is canceled immediately?,cancellation,60
I won’t be renewing my subscription; please take care of that.,cancellation,62
Can you help me end my subscription?,cancellation,36
"I want to terminate my account, please.",cancellation,39
"I'm really not happy with the service, so I’d like to cancel.",cancellation,61
Please make sure my account isn't renewed next month.,cancellation,53
"I decided I won’t be needing this service anymore, so please cancel it.",cancellation,71
I want to officially cancel. What do I need to do?,cancellation,50
"This isn’t working for me, I’d like to stop my subscription.",cancellation,60
I’d appreciate it if you could cancel my account immediately.,cancellation,61
"I’ve changed my mind and I want to cancel my subscription, please.",cancellation,66
I need to stop my payments; can you cancel my account?,cancellation,54
I’m not satisfied and want to cancel my plan.,cancellation,45
Can you ensure that my subscription doesn’t renew? I’m cancelling.,cancellation,66
I would like to get my account closed as soon as possible.,cancellation,58
I'm fed up and want to end my subscription now.,cancellation,47
Please proceed with cancelling everything related to my account.,cancellation,64
"I don't want to be charged again, so cancel my subscription.",cancellation,60
This service isn't for me; please cancel it for me.,cancellation,51
"I don't plan to continue, so I need to cancel my account.",cancellation,57
I'd like to cancel my membership; it hasn’t been working out.,cancellation,61
Let’s get my subscription cancelled. I’m done here.,cancellation,51
I’ve made my decision; I want to terminate my account.,cancellation,54
Can you walk me through cancelling my subscription?,cancellation,51
I want to cancel—no need to explain why.,cancellation,40
I’d like to cancel everything associated with my account.,cancellation,57
"I'd like to go ahead and cancel my account, please.",cancellation,51
Can you help me stop my subscription? I don't want it anymore.,cancellation,62
I'm not happy with the service and want to cancel my membership.,cancellation,64
I'm done with this subscription. Please make sure it's canceled.,cancellation,64
How can I ensure that I won't be charged next month?,cancellation,52
I want to cancel my plan. It's just not working out for me.,cancellation,59
This subscription is not what I expected. Please cancel it.,cancellation,59
I want to discontinue my service. Can you take care of that?,cancellation,60
I don't want to renew my subscription when it ends. Thanks!,cancellation,59
I really need to cancel my account now; I've decided against it.,cancellation,64
Can you confirm the cancellation of my subscription? I'm done.,cancellation,62
"I need to stop my payments, so please cancel my account.",cancellation,56
I'm reaching out to cancel my membership. Thank you.,cancellation,52
Can you assist me in closing my account? I'm no longer interested.,cancellation,66
I wish to cancel my plan immediately. It's not for me.,cancellation,54
I want out of this subscription. Please cancel it for me.,cancellation,57
Cancel my account as soon as possible. I'm really frustrated.,cancellation,61
I don't think this service is for me. Please terminate my account.,cancellation,66
Just a quick note to say I want to cancel my subscription.,cancellation,58
I no longer want to be a member. Please cancel my subscription.,cancellation,63
Can you help me with the cancellation process? I want to stop it now.,cancellation,69
Please ensure that my subscription is canceled before the next billing cycle.,cancellation,77
I'm really unhappy; I need to cancel my account now.,cancellation,52
Please cancel my trial. I won’t be continuing.,cancellation,46
Can I go ahead and terminate my account now?,cancellation,44
I want to stop my subscription effective immediately.,cancellation,53
Please make sure I won't be charged next month.,cancellation,47
I'd appreciate it if you could help me cancel my plan.,cancellation,54
How do I ensure my subscription won't renew?,cancellation,44
I've decided to close my account; can you assist me?,cancellation,52
I'm really unhappy and want to cancel my subscription.,cancellation,54
Please process the cancellation of my service.,cancellation,46
I'd like to opt-out and cancel my account.,cancellation,42
I'm not interested anymore; please cancel my membership.,cancellation,56
I want to end my subscription; it's not working for me.,cancellation,55
Please take care of my cancellation request.,cancellation,44
"I found a better option, so please cancel my account.",cancellation,53
I'm really frustrated with this service and need to cancel.,cancellation,59
I'd like to discontinue my plan; can we get that sorted?,cancellation,56
Please don't renew my account; I want to cancel.,cancellation,48
I need to stop my payments and cancel my service.,cancellation,49
"This isn't for me, so please cancel my subscription.",cancellation,52
I want to terminate my account as soon as possible.,cancellation,51
Can I get a confirmation that my account is canceled?,cancellation,53
This has been disappointing; I'd like to cancel my subscription.,cancellation,64
Can you help me terminate my subscription?,cancellation,42
I've decided I want to end my service.,cancellation,38
Please stop my subscription from being renewed.,cancellation,47
I would like to cancel my membership immediately.,cancellation,49
I’m not happy with this service and want to cancel.,cancellation,51
I don’t want to be charged again next month; please cancel my plan.,cancellation,67
"It’s time to say goodbye to my subscription. Cancel it, please.",cancellation,63
I'm moving on and will need to cancel my account.,cancellation,49
Can you assist with canceling my subscription? It's just not for me anymore.,cancellation,76
"I want to end my subscription today, please.",cancellation,44
I'm really frustrated and just want to cancel everything.,cancellation,57
Please let me know the steps to cancel my account.,cancellation,50
"I’ve decided to unsubscribe, please take care of that for me.",cancellation,61
This service isn’t working out; I want to cancel it.,cancellation,52
I want to make sure my account is canceled before the next billing cycle.,cancellation,73
I need to cancel my subscription before I get charged again.,cancellation,60
"I want to stop my subscription right away, how do I do that?",cancellation,60
"I’m not interested in renewing my service, so please cancel the automatic renewal.",cancellation,82
How can I ensure my subscription is canceled? I don't want to continue.,cancellation,71
I'm requesting to cancel my account as soon as possible.,cancellation,56
Please proceed with the cancellation of my subscription immediately.,cancellation,68
I just want to end my service. Can you do that for me?,cancellation,54
"I'm done with my subscription, please cancel it.",cancellation,48
Can you help me end my account? I'm not interested anymore.,cancellation,59
I want to cancel my membership immediately.,cancellation,43
Please stop all future payments and close my account.,cancellation,53
"I no longer need this service, please cancel my plan.",cancellation,53
I want to make sure I won't be charged again next month.,cancellation,56
Let’s wrap this up—please terminate my subscription.,cancellation,52
I’m frustrated with this service; please cancel my account.,cancellation,59
I’ve changed my mind and want to cancel everything.,cancellation,51
Can you please guide me on how to stop my subscription?,cancellation,55
I don’t want to continue; please cancel my service.,cancellation,51
I've had enough and want to end my account now.,cancellation,47
Please don't renew my subscription; I want to cancel.,cancellation,53
"I’ve been thinking about it, and I want to cancel my account.",cancellation,61
Can you process my cancellation? I’m not using it anymore.,cancellation,58
"I need to cancel my subscription right away, thanks.",cancellation,52
"I’m not satisfied, so please go ahead and cancel my account.",cancellation,60
I’d like to end my service. How do I do that?,cancellation,45
I’ve decided to cancel my subscription; I’m not happy.,cancellation,54
I would appreciate it if you could cancel my account.,cancellation,53
"I just realized I don’t use this anymore, so please cancel it.",cancellation,62
I'd like to cancel my plan without any hassle.,cancellation,46
Can you assist me in terminating my subscription?,cancellation,49
I want to make sure my account is canceled immediately.,cancellation,55
This isn’t working for me; please end my subscription.,cancellation,54
"I’m asking you to cancel my account, please.",cancellation,44
Can you please help me close my account? I don’t wish to continue.,cancellation,66
I'm done with this service; please terminate my subscription.,cancellation,61
I’ve changed my mind and I want to cancel my plan.,cancellation,50
I’d like to stop my subscription from billing me next month.,cancellation,60
Please delete my account; I won't be using it anymore.,cancellation,54
I want to stop my monthly payments. Can you assist with that?,cancellation,61
"I’m no longer interested in this service. Cancel it for me, please.",cancellation,67
Cancel my subscription – I don’t need it anymore.,cancellation,49
"I can’t afford this anymore, so I need to end my account.",cancellation,57
I’d like to cancel my trial before I get charged.,cancellation,49
Please make sure my account is canceled; I won’t be using it again.,cancellation,67
I’m frustrated with this service and want to cancel it.,cancellation,55
I need instructions on how to cancel my subscription right away.,cancellation,64
I don’t want to renew my service – just cancel it.,cancellation,50
Can you confirm that my account has been canceled?,cancellation,50
Please ensure that I’m not billed again after this month.,cancellation,57
I want nothing to do with this service anymore; cancel me.,cancellation,58
I need to cancel my subscription today; I can’t keep paying for this.,cancellation,69
Just want to let you know that I’m canceling my account.,cancellation,56
Could you please help me cancel my subscription? I no longer need it.,cancellation,69
I want to stop my membership right away.,cancellation,40
Can you assist me in terminating my account? Thanks!,cancellation,52
I'd like to discontinue my subscription effective immediately.,cancellation,62
"This isn't working for me, please cancel my account.",cancellation,52
How do I go about canceling my subscription? I don’t want to keep it.,cancellation,69
I'm not happy with my plan and would like to cancel.,cancellation,52
Please proceed with canceling my subscription.,cancellation,46
"I’d like to part ways and cancel my account, please.",cancellation,52
"Unfortunately, I need to end my subscription. Can you help?",cancellation,59
I want to ensure my account isn't renewed next month.,cancellation,53
Can you confirm my subscription has been canceled? I don’t want any further charges.,cancellation,84
I’ve decided to cancel my membership; please take care of that.,cancellation,63
I need to cancel my plan today as it's no longer needed.,cancellation,56
Can you please help me with the cancellation process? I want out.,cancellation,65
I've changed my mind and I'm ready to cancel my account.,cancellation,56
"I've had enough, can you make sure my subscription is terminated?",cancellation,65
I'm requesting to cancel my account immediately. Thank you.,cancellation,59
I'm not interested in renewing. Please cancel my subscription.,cancellation,62
Please cancel my subscription; I’m not using it anymore.,cancellation,56
I need to cancel before the next billing cycle starts.,cancellation,54
Can you help me end my subscription? I’m not satisfied with it.,cancellation,63
I want to cancel my service. It's just not working for me.,cancellation,58
"I’d like to cancel, please let me know what steps I need to take.",cancellation,65
I'd like to cancel my membership as soon as possible.,cancellation,53
"I don’t want to continue with this service, please cancel it.",cancellation,61
Could you confirm that my account will not be renewed next month?,cancellation,65
I need to stop my subscription; it’s no longer working for me.,cancellation,62
Please go ahead and close my account. Thank you.,cancellation,48
"I want to end my subscription immediately, please.",cancellation,50
This isn't what I expected; please cancel my account.,cancellation,53
Just letting you know that I want to cancel my service.,cancellation,55
I want to stop all charges and cancel my subscription.,cancellation,54
Please make sure my account is canceled and I am not billed again.,cancellation,66
I’m not happy with the service; please cancel my subscription.,cancellation,62
Can you assist me in canceling my account? I'm not using it anymore.,cancellation,68
I need to cancel my membership before the next billing cycle.,cancellation,61
This is my formal request to terminate my account. Thank you!,cancellation,61
"I wish to cancel my subscription, effective immediately.",cancellation,56
How can I go about canceling my service? I’ve had enough.,cancellation,57
My subscription is not working out; I’d like it canceled.,cancellation,57
I’m reaching out to ensure my account is canceled right away.,cancellation,61
I’d like to cancel my membership and would appreciate your help.,cancellation,64
Please proceed with canceling my subscription; I'm not satisfied.,cancellation,65
I want to end my service and confirm that my account will be closed.,cancellation,68
"Can you finalize the cancellation of my account, please?",cancellation,56
I’m frustrated with the service; please cancel my subscription!,cancellation,63
"I'd like to cancel my membership, please.",cancellation,41
Can you help me end my subscription right away?,cancellation,47
"I'm not happy with the service, so I need to cancel my account.",cancellation,63
I want to make sure I won't be charged again next month. Please cancel.,cancellation,71
"This isn't working for me anymore, so I want to cancel my subscription.",cancellation,71
Can you let me know how to cancel my account? I'm done with it.,cancellation,63
I'm calling to cancel my account immediately.,cancellation,45
I've decided to terminate my subscription. Please process it ASAP.,cancellation,66
I'm really frustrated and want to cancel my service.,cancellation,52
How do I go about stopping my subscription? I want to cancel.,cancellation,61
I’m officially requesting to cancel my membership effective immediately.,cancellation,72
I need to cancel my subscription before the next billing cycle hits.,cancellation,68
Please cancel my account. I've made up my mind.,cancellation,47
"I'm not satisfied with this anymore, please end my subscription.",cancellation,64
I want to cancel and stop all future payments.,cancellation,46
"This service isn't for me, so I need to cancel it today.",cancellation,56
Could you please assist me in cancelling my account? Thanks!,cancellation,60
"I want to make sure my subscription doesn't renew. Cancel it, please.",cancellation,69
"I’m done with this, so please cancel my membership right now.",cancellation,61
I just want to cancel my account without any hassle.,cancellation,52
Can you initiate the cancellation of my subscription for me?,cancellation,60
Please confirm that my subscription is canceled and I won't be billed again.,cancellation,76
"I want to close my account today, can you help me?",cancellation,50
"I’ve decided I no longer want this service, so cancel it for me.",cancellation,64
I wish to terminate my subscription effective immediately.,cancellation,58
I want to end my subscription. How do I do that?,cancellation,48
Please stop charging my card. I want to cancel.,cancellation,47
"I'm not interested in continuing my plan. Cancel it, please.",cancellation,60
I've decided to unsubscribe. Kindly take care of it for me.,cancellation,59
I no longer wish to use your service. Please process my cancellation.,cancellation,69
I need to terminate my account effective immediately.,cancellation,53
"I want to cancel my service, but I'm not sure how. Can you guide me?",cancellation,68
Just letting you know that I don't want to renew my subscription.,cancellation,65
I'd like to cancel my account and ensure I won't be charged anymore.,cancellation,68
Can you confirm that my subscription has been canceled? I don’t want to be billed again.,cancellation,88
I'm really frustrated and want to cancel my service now.,cancellation,56
Can you help me with the cancellation process? I'm done with my subscription.,cancellation,77
"I'm tired of this service, please cancel my account.",cancellation,52
I want to opt-out of my subscription. Please assist me with that.,cancellation,65
How can I stop my subscription from renewing? I don’t want it anymore.,cancellation,70
I’m ready to cancel my plan. I don't find it useful anymore.,cancellation,60
Please cancel my account and make sure there's no more billing.,cancellation,63
"I just want to cancel everything. No more charges, please.",cancellation,58
"This service isn’t what I expected, so I want to cancel my subscription.",cancellation,72
Please go ahead and cancel my account. Thanks.,cancellation,46
I’ve had enough and want to terminate my subscription now.,cancellation,58
Can you make sure my account is canceled before the next billing cycle?,cancellation,71
I would like to cancel my service before the trial ends.,cancellation,56
Just a heads-up that I want to cancel my subscription this month.,cancellation,65
I’ve decided to discontinue my service; please process my cancellation.,cancellation,71
"I no longer wish to keep my subscription active, so please cancel it.",cancellation,69
Can you help me end my subscription? I’m not happy with the service anymore.,cancellation,76
I'd like to cancel my account; it’s not working out for me.,cancellation,59
"I want to make sure I won't be charged next month, so please cancel my subscription.",cancellation,84
I’m fed up with this; just cancel my service now.,cancellation,49
Can you confirm that my subscription will be canceled? I don’t want to be billed again.,cancellation,87
I want to stop my subscription; it’s no longer what I need.,cancellation,59
"This isn't for me anymore, so please close my account.",cancellation,54
I’ve had enough—please go ahead and cancel my service.,cancellation,54
Can you please assist me in canceling my plan? I’m no longer interested.,cancellation,72
I’d like to terminate my account right away.,cancellation,44
Just want to let you know I’m canceling my subscription effective immediately.,cancellation,78
I need to cancel my membership before I get charged again.,cancellation,58
I want to opt out of my subscription; can you take care of that?,cancellation,64
Please ensure my account is canceled. I don’t want any more charges.,cancellation,68
I’m requesting to cancel my subscription; it’s not fitting my needs anymore.,cancellation,76
I’ve decided to cancel; please make it happen for me.,cancellation,53
Can you process my cancellation request? I don’t want to continue with this service.,cancellation,84
I want to withdraw from this subscription—please cancel it now.,cancellation,63
I’m not interested in renewing my plan; please cancel my account.,cancellation,65
I'd like to cancel my subscription before the next billing cycle.,cancellation,65
This service isn’t what I expected. Please cancel my account without delay.,cancellation,75
Can you help me with canceling my account? I don't need it anymore.,cancellation,67
Please stop my subscription. I'm not using it anymore.,cancellation,54
I’ve decided to end my account with you. How do I proceed?,cancellation,58
I want to ensure my subscription doesn't renew next month.,cancellation,58
I'd like to cancel everything associated with my account. Thank you.,cancellation,68
This is my official request to cancel my membership effective immediately.,cancellation,74
"I’m done with this service, please cancel my subscription as soon as possible.",cancellation,78
"I don't want to continue with my plan, so please go ahead and cancel it.",cancellation,72
How do I go about canceling my subscription? I’m not satisfied.,cancellation,63
I need to terminate my account. What steps do I have to take?,cancellation,61
Could you please assist me in canceling my current subscription?,cancellation,64
I want to put an end to this account. Please process my cancellation.,cancellation,69
I've changed my mind and would like to cancel my subscription.,cancellation,62
I want to cancel my auto-renewal option. Stop charging me next month.,cancellation,69
"I would like to cancel my service today, please.",cancellation,48
"This isn't working for me anymore, so I need to cancel my subscription.",cancellation,71
"I'm not getting the value I expected, so I want to cancel my account.",cancellation,69
Please initiate the cancellation of my subscription effective today.,cancellation,68
I've had enough and want to cancel my subscription right now.,cancellation,61
I need to cancel my account. Please confirm once it’s done.,cancellation,59
Can you cancel my subscription? I’ve decided it’s not for me.,cancellation,61
"I want to cancel my plan completely. No more charges, please.",cancellation,61
I’m looking to terminate my subscription. What do I need to do?,cancellation,63
I want to cancel before the next billing cycle. Please help me.,cancellation,63
"I’ve decided I don’t want to continue my service, so please cancel it.",cancellation,70
I’m not happy with my plan anymore. Can you terminate my subscription?,cancellation,70
I want to stop my membership effective immediately.,cancellation,51
Please remove my card details and cancel my account.,cancellation,52
"I don't plan to use this anymore, so I’d like to cancel.",cancellation,56
I’m reaching out to request a cancellation of my subscription.,cancellation,62
"I've been considering it, and I want to cancel my service.",cancellation,58
"This service isn’t for me, so I need to cancel.",cancellation,47
I want to end my subscription. Can you confirm it’s done?,cancellation,57
Can you guide me on how to cancel my subscription? I’d appreciate it.,cancellation,69
I’m frustrated with this service and want to close my account.,cancellation,62
Please don’t bill me next month; I’m canceling.,cancellation,47
I’ve made up my mind. I need to cancel my account now.,cancellation,54
"I don’t want to continue any longer, so please cancel my plan.",cancellation,62
"I won’t be using this anymore, so go ahead and cancel it.",cancellation,57
"I want to end my subscription, and I want to do it now.",cancellation,55
"I’d like to cancel my account, it’s just not working for me.",cancellation,60
Please help me cancel my subscription; it’s not what I expected.,cancellation,64
Can I end my subscription without any complications?,cancellation,52
"I’m done with this, so please cancel everything related to my account.",cancellation,70
Can you please process my cancellation? I’m ready to move on.,cancellation,61
I’ve decided to cancel my plan immediately.,cancellation,43
My subscription needs to be canceled. Please take care of that.,cancellation,63
"This isn’t what I wanted, so I’m canceling my account.",cancellation,54
I'm done with this service; I want to cancel my subscription.,cancellation,61
How can I make sure my account won't renew next month?,cancellation,54
"I decided I no longer want to be a part of this, so please cancel everything for me.",cancellation,84
I'm really frustrated with the service and want to cancel my plan.,cancellation,66
"I want to stop any future charges on my account, so please cancel it.",cancellation,69
"I'd like to close my account as soon as possible, thank you.",cancellation,60
Can you assist me in canceling my subscription today?,cancellation,53
I'm not happy with the service and I'm looking to cancel.,cancellation,57
Please stop my subscription; I won't be using it anymore.,cancellation,57
I'm reaching out to cancel my account; it's not working for me.,cancellation,63
How do I go about canceling my membership with you?,cancellation,51
"Just a heads up, I want to cancel my subscription now.",cancellation,54
"I've made my decision and want to cancel my account, please process that.",cancellation,73
I need help cancelling my subscription; I can't find the option.,cancellation,64
I want out of my subscription; please take care of it for me.,cancellation,61
"I don't want to continue with my membership anymore, please cancel it.",cancellation,70
"This service is not what I expected, so I’d like to cancel now.",cancellation,63
Can I get assistance canceling my account today?,cancellation,48
"I'm over this, please cancel my subscription immediately.",cancellation,57
I wish to cancel my subscription; I don't want any more charges.,cancellation,64
"I want to make sure I won't be billed again, please cancel my account.",cancellation,70
I hereby request the cancellation of my subscription effective immediately.,cancellation,75
"I'm not interested in continuing my subscription, please cancel it.",cancellation,67
Can you please end my account? I've decided I no longer need it.,cancellation,64
I want to stop the charges from next month. How do I proceed?,cancellation,61
I’ve changed my mind and want to cancel my subscription. Can you assist me?,cancellation,75
This service isn't working out for me. Please terminate my account.,cancellation,67
I’d like to cancel my plan. What steps do I need to take?,cancellation,57
I’m frustrated with my subscription; it's time for me to cancel it.,cancellation,67
Can you help me cancel? I won't be needing the service going forward.,cancellation,69
I wish to cancel my current plan and not renew it. Thank you.,cancellation,61
"I don't want to be billed anymore, so please cancel my account.",cancellation,63
"My situation has changed, and I need to cancel my subscription. Thanks!",cancellation,71
I want to officially cancel. This isn’t what I expected.,cancellation,56
Please end my subscription; it’s not meeting my needs anymore.,cancellation,62
I'm done with this service. Please go ahead and cancel my account.,cancellation,66
Is there a way to cancel my subscription immediately? I'm not happy with it.,cancellation,76
Can you assist me with canceling my account? I'm moving on.,cancellation,59
I’ve decided to cancel my subscription. Please confirm when it’s done.,cancellation,70
Enough is enough; I want to cancel and avoid any future charges.,cancellation,64
I would like to cancel my trial subscription before it turns into a paid one.,cancellation,77
Please stop my subscription from renewing. I’m not interested anymore.,cancellation,70
"I'm not satisfied and need to cancel my service, please.",cancellation,56
I want to cancel now. Can you confirm that it will be effective immediately?,cancellation,76
Can you take care of my cancellation request? I appreciate it.,cancellation,62
"I’m not using the service, so it's best to cancel it now.",cancellation,57
Can you please help me cancel my account? I'm no longer interested.,cancellation,67
"I'm done with my subscription, so please cancel it for me.",cancellation,58
I want to stop the billing for my account. How can I do that?,cancellation,61
"I want to cancel my service, it’s just not working for me.",cancellation,58
This isn't what I expected. Please cancel my account right away.,cancellation,64
I’d like to terminate my subscription. Can you assist me with that?,cancellation,67
I don't want to keep my account active anymore. Please cancel it.,cancellation,65
I've decided to end my subscription effective immediately.,cancellation,58
"I can’t justify the cost anymore, so I need to cancel.",cancellation,54
"My subscription isn't worth it to me now, so please cancel it.",cancellation,62
I need to stop my subscription and would like to confirm it’s done.,cancellation,67
Please go ahead and cancel my account. Thank you.,cancellation,49
I regret to inform you that I want to cancel my subscription.,cancellation,61
How can I make sure my account doesn't renew next month?,cancellation,56
"I’m feeling overwhelmed with the expenses, so please cancel everything.",cancellation,71
Can you ensure that my subscription is cancelled today?,cancellation,55
I want out. Please terminate my membership immediately.,cancellation,55
"My account is too costly for my budget, so I need to cancel.",cancellation,60
I’ve decided I don’t want to continue with this service. Cancel it.,cancellation,67
Please remove me from your service. I’d like to cancel my account.,cancellation,66
I want to cancel my plan. It’s just not working for me.,cancellation,55
I’m really unhappy with my experience and want to cancel.,cancellation,57
I’m done with this. Please cancel my subscription as soon as possible.,cancellation,70
Can you help me confirm the cancellation of my account?,cancellation,55
I want to make sure my account is not going to renew. Please cancel it.,cancellation,71
Can you help me cancel my subscription? I'm not interested anymore.,cancellation,67
I want to terminate my membership right away.,cancellation,45
Please stop my subscription; I no longer want it.,cancellation,49
How do I go about canceling my service? It's not working for me.,cancellation,64
I need to cancel my plan. It's just too much for me right now.,cancellation,62
This is my formal request to cancel my subscription effective immediately.,cancellation,74
I don't want to renew my annual subscription. Please take care of that.,cancellation,71
I’m frustrated with the service and want to cancel my account.,cancellation,62
Could you please close my account? I’m not using it.,cancellation,52
I’ve decided to cancel my subscription; it’s not for me.,cancellation,56
I want to stop being charged; please process my cancellation.,cancellation,61
I’m done with this service. Cancel my account now.,cancellation,50
"It's been nice, but I’m going to have to cancel my subscription.",cancellation,64
Please proceed with canceling my account at your earliest convenience.,cancellation,70
I want to cancel my membership. What do I need to do?,cancellation,53
This isn't working for me; I need to cancel my subscription.,cancellation,60
Can you guide me through the cancellation process? I don't want to continue.,cancellation,76
I want to end my subscription. Thanks for your help.,cancellation,52
I’ve decided to cancel my service for now. Can you confirm it’s done?,cancellation,69
"I'm no longer interested in this service, so please cancel my account.",cancellation,70
"I want to be done with my subscription. Just cancel it, please.",cancellation,63
Can you make sure my account is canceled? I don’t want any charges.,cancellation,67
I want to opt out of my subscription. Please take care of it.,cancellation,61
I’m really unhappy with my account and want to cancel it.,cancellation,57
I'd like to end my membership effective immediately.,cancellation,52
I want to stop my subscription and would appreciate a confirmation.,cancellation,67
How do I go about cancelling my service altogether?,cancellation,51
"I don't want to be charged again, so please cancel my account.",cancellation,62
Please make sure my plan doesn't renew next billing cycle.,cancellation,58
I want to cancel everything and won't need this service anymore.,cancellation,64
I'm frustrated and need to end my subscription right away.,cancellation,58
Can I get a confirmation that my account has been cancelled?,cancellation,60
I’ve decided to cancel my subscription; it’s not what I expected.,cancellation,65
Please close my account; I’ve found a different solution.,cancellation,57
"I’d like to cancel my service, so I won't be billed again.",cancellation,58
I'm done with this service and want to cancel my plan now.,cancellation,58
Can you assist me in cancelling my account? I don’t need it anymore.,cancellation,68
Please take care of my cancellation request as soon as possible.,cancellation,64
I need to cancel my subscription due to financial reasons.,cancellation,58
I’ve changed my mind and want to cancel my account right now.,cancellation,61
Can you confirm that my subscription has been successfully cancelled?,cancellation,69
I want to opt-out of my plan and not renew it next month.,cancellation,57
I don’t plan on using this service anymore; please cancel my account.,cancellation,69
This isn’t working out for me; I’d like to terminate my subscription.,cancellation,69
Could you please help me with the process to terminate my subscription?,cancellation,71
"I'm not happy with the service, so I’d like to cancel my membership.",cancellation,68
I want to end my subscription before I get charged again.,cancellation,57
How can I cancel and make sure I won’t be billed next month?,cancellation,60
Please make sure to cancel my account as soon as possible.,cancellation,58
"I’ve decided I no longer need this subscription, so I’d like to cancel it.",cancellation,74
I want to stop my subscription renewal. Can you assist me with that?,cancellation,68
Just letting you know that I’m canceling my account effective immediately.,cancellation,74
I am frustrated with my experience and would like to cancel my service.,cancellation,71
Can you confirm the cancellation of my subscription has been processed?,cancellation,71
I’d appreciate it if you could help me cancel my account today.,cancellation,63
I'm done with this service; please close my account for me.,cancellation,59
I want to opt-out of my subscription; please take care of it.,cancellation,61
"This isn’t working for me, so I need to cancel my plan.",cancellation,55
"I want to make sure I don't get charged again, so please cancel my subscription.",cancellation,80
I need to withdraw from the service; can you assist with cancellation?,cancellation,70
I’ve had enough and want to cancel my membership right away.,cancellation,60
Could you guide me through the cancellation process? I want to end it now.,cancellation,74
Please cancel my subscription; I won’t be needing it anymore.,cancellation,61
I want to terminate my account and stop future payments.,cancellation,56
"I no longer wish to be subscribed, so please cancel my account.",cancellation,63
"It’s time for me to go, so I’d like to cancel my subscription.",cancellation,62
I’m reaching out to get my account cancelled before the next billing cycle.,cancellation,75
"My subscription needs to be cancelled, and I’d like confirmation of that.",cancellation,73
"I'd like to end my subscription, thanks.",cancellation,40
Can I stop my service from next billing cycle?,cancellation,46
How can I cancel my membership? I'm not using it anymore.,cancellation,57
Please make sure my account doesn't renew next month.,cancellation,53
I’ve decided to cancel my subscription; it’s not working out for me.,cancellation,68
I wish to opt-out of my plan; how do I do that?,cancellation,47
I need to close my account right now. I'm not happy with the service.,cancellation,69
Can you assist me in canceling my subscription? It’s just not right for me.,cancellation,75
"I want to make sure I won't be charged again after this month, so please cancel my account.",cancellation,91
"I've had enough and want to cancel my membership, no more payments from me.",cancellation,75
I need to cancel my subscription; it's just not worth it for me.,cancellation,64
Can you please help me with my account cancellation? I'm done.,cancellation,62
I'm requesting to terminate my subscription effective immediately.,cancellation,66
Please process my cancellation request; I won’t be needing this anymore.,cancellation,72
"No more charges, please! Cancel my account, thanks.",cancellation,51
I no longer wish to continue my subscription; please take care of this.,cancellation,71
How do I go about canceling? I’m no longer interested.,cancellation,54
I'd like to discontinue my service; can you help with that?,cancellation,59
I'm really frustrated and just want to cancel my account.,cancellation,57
I need to cancel my subscription right now; can't deal with it anymore.,cancellation,71
"I don’t want my account anymore, please cancel it.",cancellation,50
Can I cancel my plan today? I’m not satisfied.,cancellation,46
Just want to let you know I’m canceling my subscription.,cancellation,56
I'm not interested in renewing my subscription next month.,cancellation,58
Could you help me cancel my service? I'm done with it.,cancellation,54
I want to stop my subscription and avoid any future charges.,cancellation,60
This is my formal request to close my account without any further billing.,cancellation,74
Can you confirm the cancellation of my subscription? I don’t want to keep it.,cancellation,77
I'm really frustrated and just want to cancel everything now.,cancellation,61
I’ve decided to cancel my monthly plan. Please process it.,cancellation,58
"I’d like to end my service effective immediately, thank you.",cancellation,60
I don’t want to continue my subscription; please cancel it for me.,cancellation,66
Can you let me know how to unsubscribe? I’ve made my decision.,cancellation,62
It’s time to cancel my account. I won’t be needing it anymore.,cancellation,62
I’m requesting cancellation of my plan starting today.,cancellation,54
Stop all charges to my account; I want to cancel.,cancellation,49
I wish to end my subscription without any complications.,cancellation,56
Make sure to cancel my account before the next billing cycle.,cancellation,61
I am no longer interested in your service; please cancel me.,cancellation,60
Please process my request to cancel and confirm when it’s done.,cancellation,63
I want to terminate my subscription right away. Thanks!,cancellation,55
I'm really unhappy and just want to close my account.,cancellation,53
"Let’s go ahead and cancel my membership, please.",cancellation,48
"I don’t plan to use my account anymore, so please cancel it.",cancellation,60
I would appreciate it if you could cancel my subscription at once.,cancellation,66
"I want out of my subscription, can you help with that?",cancellation,54
Please make sure my account is canceled before the next renewal.,cancellation,64
Please go ahead and cancel my subscription.,cancellation,43
I need to terminate my account immediately.,cancellation,43
"I'm ready to end my service with you, please process my cancellation.",cancellation,69
Can you help me cancel my membership? I'm not using it anymore.,cancellation,63
I don't want to keep this account; please cancel it for me.,cancellation,59
I've decided to stop my subscription. Can you confirm it's cancelled?,cancellation,69
I would like to stop my subscription from renewing next month.,cancellation,62
"No longer interested in this service, so I'd like to cancel my account.",cancellation,71
"I want to cancel, but I’m not sure how. Can you guide me?",cancellation,57
I’m frustrated and want to cancel my plan now. How do I do that?,cancellation,64
Please make sure my subscription is cancelled before the next billing date.,cancellation,75
I'd like to cancel my account as I've found a better option.,cancellation,60
"I'm done with this service, please close my account today.",cancellation,58
Can you confirm that you have cancelled my subscription?,cancellation,56
I want to opt-out and not be charged again. Please cancel.,cancellation,58
Please remove me from your mailing list and cancel my account too.,cancellation,66
"This service isn’t what I expected, so I need to cancel.",cancellation,56
"I'm done, please make sure my subscription is cancelled ASAP.",cancellation,61
I'd like to end my account; it’s not what I need anymore.,cancellation,57
I want to discontinue my subscription—how can I do that?,cancellation,56
Could you please assist me with cancelling my account?,cancellation,54
"I just want to cancel, it's too much hassle for me.",cancellation,51
I want to avoid being charged; please cancel my subscription immediately.,cancellation,73
Can you help me wrap up my account and cancel it today?,cancellation,55
"I no longer wish to use your service, so please cancel it now.",cancellation,62
I need to cancel my service right away.,cancellation,39
Can you please help me cancel my account? I'm no longer using it.,cancellation,65
"I'm tired of being charged monthly, so I want to end my subscription.",cancellation,69
"I appreciate your service, but I have to cancel my subscription for personal reasons.",cancellation,85
I’ve decided I don’t want to continue with my plan anymore. Please cancel it.,cancellation,77
How can I stop my subscription from renewing next month?,cancellation,56
I’d like to cancel my account. Thank you for your help!,cancellation,55
Can you assist me with canceling my membership? I've found an alternative.,cancellation,74
I want to end my subscription immediately. Let me know what I need to do.,cancellation,73
"This is frustrating, but I need to cancel my subscription. It's not working for me.",cancellation,83
Please terminate my account effective immediately. I've made up my mind.,cancellation,72
I’m writing to request the cancellation of my subscription. I won’t be needing it anymore.,cancellation,90
"I don’t want to be charged for another month, so cancel my subscription.",cancellation,72
"Thanks for everything, but I need to close my account. How do I do that?",cancellation,72
I’d like to cancel before I get billed again. What are the steps?,cancellation,65
"This subscription isn’t what I expected, so I’m canceling it.",cancellation,61
I have to say goodbye to my subscription. Please cancel it for me.,cancellation,66
Can you please process my cancellation request? I won’t be staying.,cancellation,67
I’m done with this service. Please cancel my account now.,cancellation,57
"I can’t continue with my subscription, so I need it canceled.",cancellation,61
I want to end my membership as soon as possible. What do I need to do?,cancellation,70
How do I cancel my account online? I’m ready to be done with it.,cancellation,64
I’m really unhappy with my subscription and would like to cancel it.,cancellation,68
It's time to part ways; please cancel my subscription.,cancellation,54
I need to stop my payments and cancel this service.,cancellation,51
I've decided to cancel my account. Please confirm it once done.,cancellation,63
"I need to cancel my service immediately, please.",cancellation,48
Can you please help me with terminating my subscription?,cancellation,56
I'm done with this account; cancel it for me.,cancellation,45
I no longer wish to be charged for this service. Please cancel my subscription.,cancellation,79
I'd like to stop my subscription. What do I need to do?,cancellation,55
I’ve had enough; I want to close my account now.,cancellation,48
I want to make sure I won't be billed again next month. Please cancel my subscription.,cancellation,86
Please help me with the process to end my subscription.,cancellation,55
"This isn’t working out for me, so I need to cancel.",cancellation,51
I’m not interested in renewing my account; please take care of it.,cancellation,66
Can you confirm if my subscription has been canceled?,cancellation,53
I’m really frustrated and just want to cancel everything.,cancellation,57
"I’ve decided to call it quits, so please close my account.",cancellation,58
I don’t want to continue with this service anymore. Please cancel my subscription.,cancellation,82
Can you make sure my account is canceled as soon as possible?,cancellation,61
"I want to opt out of my subscription. Just cancel it, please.",cancellation,61
This isn’t for me anymore. I’d like to terminate my account.,cancellation,60
How can I make sure I don’t get charged again? I want to cancel.,cancellation,64
I can't keep up with this anymore; please cancel my service.,cancellation,60
"I need to end my subscription today, can you help?",cancellation,50
Please cancel my membership without delay.,cancellation,42
I wish to cancel my account—no more payments or renewals.,cancellation,57
I want out. Please process my cancellation right now.,cancellation,53
"I just don’t need this service anymore, so cancel please.",cancellation,57
"This isn’t meeting my needs, so I’d like to cancel my account.",cancellation,62
Please terminate my account; I've decided I'm not using it anymore.,cancellation,67
Can you help me close my account for good?,cancellation,42
"I'm no longer interested in your service, so I'd like to cancel.",cancellation,64
How can I make sure I won't be billed again?,cancellation,44
"This service isn't working for me, so please cancel it.",cancellation,55
I'd appreciate it if you could cancel my account now.,cancellation,53
"I'm tired of being charged, please cancel my subscription.",cancellation,58
I want to opt out of my subscription and stop all payments.,cancellation,59
I decided to cancel my service after this month. Thank you!,cancellation,59
Please ensure my account is canceled and I won't be billed again.,cancellation,65
I've changed my mind and want to end my subscription.,cancellation,53
I wish to terminate my account due to lack of use.,cancellation,50
I'm frustrated and want to cancel my account ASAP.,cancellation,50
No more charges for me; it's time to cancel.,cancellation,44
"It's been nice, but I need to cancel my subscription.",cancellation,53
"I've decided to move on, so please cancel my account.",cancellation,53
I want to discontinue my service and cancel everything.,cancellation,55
"I expect no more charges, please cancel my subscription now.",cancellation,60
Could you assist me in canceling my account quickly?,cancellation,52
I want to make sure my subscription is canceled today.,cancellation,54
Can you please help me terminate my account?,cancellation,44
"I'm done with this service, please cancel my subscription.",cancellation,58
I want to stop my payments; how do I do that?,cancellation,45
Please remove me from your system; I want to cancel my plan.,cancellation,60
"I've decided to cancel my service, please confirm when it's done.",cancellation,65
How can I ensure that my subscription won't renew next month?,cancellation,61
I no longer wish to use your service; please cancel my account.,cancellation,63
I'm really frustrated and want to cancel everything linked to my profile.,cancellation,73
This isn't working for me; please go ahead and cancel my subscription.,cancellation,70
I’d like to cancel my account as soon as possible.,cancellation,50
Could you assist me in terminating my subscription? It’s not for me.,cancellation,68
I want to cease all services and cancel my subscription immediately.,cancellation,68
I need to cancel; I've found something else that suits me better.,cancellation,65
"Just to confirm, I want to cancel my account entirely.",cancellation,54
I don't want to continue with my subscription; please take care of it.,cancellation,70
Can you help me cancel my account? I’m not satisfied anymore.,cancellation,61
Please process my cancellation request; I won't be using the service anymore.,cancellation,77
I’d like to opt-out of my subscription; what’s the next step?,cancellation,61
Let’s cancel my account; I’m really over this.,cancellation,46
I just want to stop my subscription and avoid any future charges.,cancellation,65
"I want to cancel everything, including my account and payments.",cancellation,63
I'm ready to end my subscription; can you help me with that?,cancellation,60
Please make sure my account is canceled by the end of this month.,cancellation,65
I want to cancel my plan because it’s not meeting my expectations.,cancellation,66
Can you please help me close my subscription? I'm no longer interested.,cancellation,71
I want to end my service. How do I go about it?,cancellation,47
I'm really frustrated with this service. I just want to cancel my subscription.,cancellation,79
Please terminate my account immediately. Thank you.,cancellation,51
I'm done with this and would like to cancel my subscription.,cancellation,60
I’ve decided I don’t want to continue with my plan. Please cancel it.,cancellation,69
I want to stop receiving charges. How can I cancel?,cancellation,51
I no longer want my membership; please cancel it for me.,cancellation,56
"This service isn't working for me, so I need to cancel my subscription.",cancellation,71
Please make sure my account is canceled by the end of the month.,cancellation,64
"I'm trying to cancel my subscription, but can't find the option.",cancellation,64
I wish to discontinue my subscription today.,cancellation,44
I'm not satisfied and want to cancel. What's the next step?,cancellation,59
"My account needs to be canceled, effective immediately.",cancellation,55
"I don't want to pay for this any longer, so please cancel my subscription.",cancellation,74
Can you please process my cancellation request?,cancellation,47
I would like to cancel my recurring payment. Thank you!,cancellation,55
"I no longer need this service, so please cancel my account.",cancellation,59
Let's go ahead and cancel my subscription. I'm done here.,cancellation,57
"I don’t want any further charges, so I need to cancel.",cancellation,54
"I want to terminate my account right now, thank you.",cancellation,52
Can you assist me with canceling my plan? I’m not using it anymore.,cancellation,67
Can you help me with canceling my subscription? I'm not happy with the service.,cancellation,79
I'm really frustrated and want to stop my subscription now.,cancellation,59
I’d like to discontinue my service. Please confirm the cancellation process for me.,cancellation,83
Just a quick note to say I won't be renewing my subscription next billing cycle.,cancellation,80
I want to cancel my membership. It's not working out for me.,cancellation,60
How do I go about canceling my plan? I don't want to be charged anymore.,cancellation,72
Please ensure my account is canceled; I've decided to move on to other options.,cancellation,79
Can you help me figure out how to move to the premium plan?,upgrade,59
I'm interested in the features available in the Business package. Can you provide details?,upgrade,90
How do I switch my subscription to the yearly plan?,upgrade,51
Is there a way to downgrade my account without losing my data?,upgrade,62
I want to upgrade to the highest tier. What steps should I take?,upgrade,64
What benefits do I get if I opt for the Platinum subscription?,upgrade,62
I'm considering downgrading my plan—what's the process?,upgrade,55
How can I switch from my current plan to a more advanced one?,upgrade,61
I just learned about some premium features. How can I access them?,upgrade,66
"Can I upgrade my current plan right away, or is there a waiting period?",upgrade,71
I’d like to know how to change to the annual billing cycle instead of monthly.,upgrade,78
What’s included in the upgraded plan that I’m missing now?,upgrade,58
I’m frustrated with my current plan. How do I move to a better one?,upgrade,67
I want to upgrade my plan today. What do I need to do?,upgrade,54
"If I decide to downgrade, will I still have access to my previous features?",upgrade,75
Could you explain how to transition from a basic to a professional plan?,upgrade,72
I heard great things about your Enterprise features. Can I upgrade to that?,upgrade,75
What’s the easiest way to switch to a different subscription level?,upgrade,67
I’m really interested in the additional tools from the upgraded plans. Can you help me?,upgrade,87
What are the steps to downgrade without a penalty?,upgrade,50
Is there a way to trial the premium features before I commit to an upgrade?,upgrade,75
Can I upgrade my plan in the middle of the billing cycle?,upgrade,57
I want to switch to a family plan. What are the options?,upgrade,56
How do I go about modifying my subscription plan?,upgrade,49
"If I upgrade, will my billing cycle change immediately or at the next cycle?",upgrade,76
Can you guide me on how to switch to the premium package?,upgrade,57
I’m considering an upgrade. What additional features come with the Plus plan?,upgrade,77
Is it possible to change my plan from Basic to Pro without losing any data?,upgrade,75
What steps do I need to take to move from a monthly subscription to an annual one?,upgrade,82
I’d like to know more about what I get if I upgrade to the Business level.,upgrade,74
How do I downgrade my current plan if I decide it’s too much?,upgrade,61
I really want to explore the features of the upgraded plan. Can someone help me with that?,upgrade,90
Can you tell me what the differences are between the Free and Premium versions?,upgrade,79
I’ve heard great things about the Pro plan—how do I make the switch?,upgrade,68
I'm feeling overwhelmed with my current plan. How can I downgrade easily?,upgrade,73
What are the premium features included in the Business subscription?,upgrade,68
I'm on the Basic plan now. What do I need to do to upgrade to the Plus plan?,upgrade,76
"If I decide to downgrade, will I lose access to any of the features I currently use?",upgrade,84
Can I get assistance with switching my plan? I’m not sure how it works.,upgrade,71
Is there a trial period for the premium features before I decide to upgrade?,upgrade,76
I want to upgrade but I'm worried about the costs—what are my options?,upgrade,70
Is it straightforward to switch back to a lower plan if I upgrade and don’t like it?,upgrade,84
I'd love to learn more about the Enterprise plan—what makes it different?,upgrade,73
Is there a way to combine multiple features from different plans into one?,upgrade,74
Could you clarify what I would gain by upgrading from the Standard to the Premium plan?,upgrade,87
I need help figuring out how to change my subscription plan—can you assist?,upgrade,75
Why should I consider the Premium package over what I have now?,upgrade,63
"What’s the process for downgrading my subscription, and will I miss out on anything?",upgrade,84
Can I upgrade my plan mid-cycle without any penalties?,upgrade,54
I’m curious about the benefits of upgrading—can you provide more info?,upgrade,70
Can you help me find out how to upgrade my subscription?,upgrade,56
I'd like to know what additional features I get if I switch to the Premium plan.,upgrade,80
Is there a way to downgrade my current plan without losing my data?,upgrade,67
I'm considering upgrading to the Business plan; what are the benefits?,upgrade,70
How do I change my billing from monthly to annual for my subscription?,upgrade,70
Could you let me know if there’s a trial period for the upgraded plans?,upgrade,71
I want to switch my plan to the Family option; what do I need to do?,upgrade,68
I’m really frustrated with my current plan. How can I upgrade to get better support?,upgrade,84
What’s the process for downgrading if I’m not satisfied with my current subscription?,upgrade,85
I’m interested in the Elite plan. Can you tell me more about what it includes?,upgrade,78
Do I have to pay anything extra if I decide to upgrade my plan mid-cycle?,upgrade,73
How can I easily switch from the Basic to the Plus plan?,upgrade,56
"If I upgrade, will I be able to access premium features right away?",upgrade,67
I want to downgrade my plan. Will I lose any features I currently have?,upgrade,71
Can you explain what the Pro plan offers compared to what I have now?,upgrade,69
Is it possible to upgrade my plan without any interruption in service?,upgrade,70
What steps do I need to take to switch to the annual billing option?,upgrade,68
Can I downgrade my subscription if I'm within the billing cycle?,upgrade,64
I'm curious about the features in the Ultimate plan. Could you provide me some details?,upgrade,87
"If I upgrade my plan, will there be any changes to my payment date?",upgrade,67
"I just want to know how to switch to a different plan; it should be easy, right?",upgrade,80
What’s the easiest way to upgrade from my current plan to the high-tier options?,upgrade,80
Can I get a refund if I decide to downgrade my plan?,upgrade,52
Could you give me a quick rundown of differences between the Standard and Premium plans?,upgrade,88
Can you tell me how to switch to the Premium plan?,upgrade,50
I'm considering upgrading to the Business tier. What perks does it offer?,upgrade,73
Is it possible to go from the Basic to the Pro membership?,upgrade,58
I need more features; how do I upgrade?,upgrade,39
I'm not happy with my current plan. How do I downgrade?,upgrade,55
What’s the difference between the Standard and the Premium plans?,upgrade,65
I'm ready to upgrade my account. What's the first step?,upgrade,55
Can I change my plan from monthly to annually without losing any benefits?,upgrade,74
What are the steps to move from the Starter to the Pro plan?,upgrade,60
"I love your service, but I need more options. Can I upgrade my plan?",upgrade,68
Can you explain how the Enterprise plan works? I'm really interested!,upgrade,69
I'm currently on the Basic plan; do I have to cancel it to upgrade?,upgrade,67
I just want to explore my upgrading options; could you help?,upgrade,60
What are the premium features I can access if I upgrade?,upgrade,56
How do I switch to a higher-tier subscription?,upgrade,46
I want to know if there’s a way to trial the Pro plan before committing to it.,upgrade,78
How can I easily modify my subscription plan?,upgrade,45
Can you provide details on downgrading my subscription?,upgrade,55
"I'm thinking of upgrading, but I want to know if I can revert back if needed.",upgrade,77
What happens to my existing data if I decide to upgrade?,upgrade,56
I've been considering the Pro plan for a while. What’s the upgrade process?,upgrade,75
Can you help me understand the benefits of upgrading versus downgrading?,upgrade,72
I’m stuck on which plan to choose. Can you assist me with my decision?,upgrade,70
How do I access my account settings to upgrade my subscription?,upgrade,63
Is it too late to change my plan before the next billing cycle?,upgrade,63
Can I upgrade to the Premium plan? What’s the process?,upgrade,54
"Hey, I’m considering bumping up my subscription. What’s included in the higher tier?",upgrade,84
I’d like to switch from my current plan to the Yearly subscription. How do I do that?,upgrade,85
Is there a way to test out the advanced features before committing to a higher plan?,upgrade,84
I’m feeling limited with my Basic plan. How do I go about upgrading?,upgrade,68
What are the benefits of moving to the Pro version?,upgrade,51
Can I downgrade my plan without losing any important data?,upgrade,58
I’m not satisfied with my current plan. What are my options for upgrading?,upgrade,74
Could you give me a quick rundown of what I’ll get if I upgrade to the Business plan?,upgrade,85
I want to switch to a more comprehensive subscription. What’s the best way to do that?,upgrade,86
Is it possible to upgrade my account in the middle of my billing cycle?,upgrade,71
What happens to my existing features if I downgrade my plan?,upgrade,60
I just want to know how to upgrade my account easily without any hassle.,upgrade,72
Could you help me understand the differences between the plans? I’m thinking of upgrading.,upgrade,90
I’ve heard great things about the Enterprise plan. Can you tell me how to migrate to it?,upgrade,88
"I’m ready to upgrade to  Premium, but I need help with the steps.",upgrade,65
I feel like I need more features. Can you explain what I’ll get if I upgrade?,upgrade,77
I’d like to know if I can switch from an annual plan to a monthly one easily.,upgrade,77
Could you clarify what’s included in the next subscription tier?,upgrade,64
I’m tempted to go for the Pro plan. Is there any promo available right now?,upgrade,75
What’s the catch when I decide to upgrade my current plan?,upgrade,58
"If I want to downgrade, am I still eligible for any future upgrades?",upgrade,68
I want to switch to a better plan but I don’t want to disrupt my service. How can I do this?,upgrade,92
I love the service so far! What do I need to do to get access to the premium features?,upgrade,86
Can you guide me through the process of upgrading? I’m a bit lost.,upgrade,66
Can you tell me how to move from Basic to Premium?,upgrade,50
I'm interested in the features on the Gold plan. What do I get?,upgrade,63
How can I change my subscription to the annual plan? I think it will save me money.,upgrade,83
Is it possible to drop down to the Starter plan? My needs have changed.,upgrade,71
What’s the process for upgrading to the Business plan? I want to add more users.,upgrade,80
I've been thinking about the Pro plan. Can you explain what benefits come with it?,upgrade,82
Can I switch from my current plan to the Family plan? How does that work?,upgrade,73
I want to downgrade my subscription to the free version. What will I lose?,upgrade,74
Do you have any special offers if I upgrade to the top tier?,upgrade,60
I’m not happy with my current plan; can I easily switch to something else?,upgrade,74
Could you help me understand the differences between the Standard and Premium plans?,upgrade,84
"I’d like to upgrade my account, but I’m not sure which plan suits my needs best.",upgrade,80
What are the steps to change my subscription from monthly payments to a year-long plan?,upgrade,87
Can I go back to the free plan from the Pro? What's the catch?,upgrade,62
I'm considering upgrading to the Enterprise level. What features are included?,upgrade,78
What happens to my data when I downgrade my subscription?,upgrade,57
Is there a trial period when I upgrade to the higher tier?,upgrade,58
I’m a bit confused about how to upgrade. Can you guide me through it?,upgrade,69
"Can I switch my plan mid-month, or do I have to wait until my billing cycle ends?",upgrade,81
How do I know if I should upgrade? What are the main advantages?,upgrade,64
I'm tired of the limitations of my current plan. How can I upgrade ASAP?,upgrade,72
What should I do if I want to add more users after upgrading?,upgrade,61
Is there a way to get a refund if I upgrade and then decide to downgrade again?,upgrade,79
"If I upgrade, will my billing cycle change automatically?",upgrade,57
How can I check if my current plan qualifies for an upgrade discount?,upgrade,69
I need to upgrade my plan quickly; can you expedite the process?,upgrade,64
Can you tell me how to upgrade my account to the Premium plan?,upgrade,62
I'm interested in switching to the annual subscription. What do I need to do?,upgrade,77
What additional features come with the Pro version?,upgrade,51
Is it possible to downgrade my current plan without losing any data?,upgrade,68
I'm really frustrated with my current plan. How can I upgrade to access better features?,upgrade,88
I'd like to know what happens if I upgrade to the next tier. Are there any additional costs?,upgrade,92
Can I change my plan from a monthly subscription to a yearly one over the phone?,upgrade,80
I want to explore some premium features. How can I upgrade my plan?,upgrade,67
Is there a trial for the upgraded plans before I commit?,upgrade,56
How do I switch from the Basic plan to the Standard plan?,upgrade,57
I'd like to know if I can mix and match features from different plans when I upgrade.,upgrade,85
Can you explain the advantages of moving to the Enterprise plan?,upgrade,64
I’m considering downgrading my subscription. How do I go about that?,upgrade,68
What’s the difference between the Personal and Professional plans?,upgrade,66
I need help figuring out how to switch my plan. Can you assist me with that?,upgrade,76
Are there any promotions for upgrading to a higher subscription level?,upgrade,70
Is it too late for me to upgrade my account this month?,upgrade,55
Can I switch to a yearly plan mid-billing cycle?,upgrade,48
"I want to upgrade, but I'm unsure which plan is right for me. Can I get some advice?",upgrade,84
What steps do I need to follow to transition to the upgraded plan?,upgrade,66
Can I upgrade my plan immediately or do I have to wait until the cycle ends?,upgrade,76
I heard about some great premium features. How can I access them?,upgrade,65
I'm not happy with my plan and want to downgrade. What's the process?,upgrade,69
"If I upgrade, will I be locked into a long-term contract?",upgrade,57
I’d like to see a comparison of all the plans before I decide to upgrade.,upgrade,73
Can you help me with upgrading my subscription to the highest tier?,upgrade,67
I’ve been considering moving to a premium plan; what extra features would I get?,upgrade,80
What’s the process to switch from my basic plan to a pro plan?,upgrade,62
Is it possible to change my subscription from annual to monthly without losing any benefits?,upgrade,92
I’d like to know what happens if I decide to downgrade my plan.,upgrade,63
How can I explore the additional features available in the Elite version?,upgrade,73
I’m interested in upgrading to the Business plan; can you provide more details?,upgrade,79
Can I trial the premium features before committing to an upgrade?,upgrade,65
I want to switch my family plan to an individual one. Is that easy to do?,upgrade,73
What are the benefits of the upgrade to the Ultimate plan?,upgrade,58
Why is my current plan limiting my access to some features?,upgrade,59
I’m frustrated with my plan; can you tell me how to upgrade to something better?,upgrade,80
"Hi, I'm thinking of moving to the Enterprise plan—what’s included?",upgrade,66
"I’d love to downgrade my account, but I'm worried about losing my data. What's the best way to proceed?",upgrade,103
Can you guide me on how to upgrade without affecting my bill cycle?,upgrade,67
I just want to know if I can change my plan anytime?,upgrade,52
What do I need to do to get started on upgrading my account?,upgrade,60
Are there any promotional offers for upgrading to a higher tier?,upgrade,64
I’m curious about switching to a different plan; how does that work?,upgrade,68
I can’t find the option to upgrade my plan; could you help me out?,upgrade,66
What can you tell me about the features available with a premium upgrade?,upgrade,73
Is there a customer support number I can call to discuss my plan options?,upgrade,73
What are the steps for switching from a trial to a full subscription?,upgrade,69
I heard about new features in the Pro plan; can I upgrade to try them out?,upgrade,74
Can you tell me if I can downgrade my plan without any penalties?,upgrade,65
Can you help me upgrade my account to the Premium plan?,upgrade,55
I’m thinking about switching to the Business plan. What’s included?,upgrade,67
What’s the process for downgrading my subscription?,upgrade,51
I want to take advantage of the extra features in the Pro plan. How do I do that?,upgrade,81
Is it possible to switch my plan from monthly to yearly without losing my current features?,upgrade,91
I’m curious about what comes with the Enterprise subscription. Can you provide details?,upgrade,87
How do I go about upgrading from Basic to Plus?,upgrade,47
What happens to my current features if I downgrade my plan?,upgrade,59
"I'd like to upgrade, but I’m not sure which plan fits my needs best. Can you advise?",upgrade,84
I’m frustrated because I can’t find the option to upgrade in my account. Can you guide me?,upgrade,90
Can you tell me if there are any additional costs when I upgrade my plan?,upgrade,73
I want to switch to the annual billing cycle for my Professional plan. Is that easy to do?,upgrade,90
Can someone explain the differences in features between the Basic and Standard plans?,upgrade,85
I’m ready to go for the Ultimate plan! What steps do I need to follow to upgrade?,upgrade,81
"If I decide to downgrade my plan, will I still have access to my previous data?",upgrade,79
"Can I upgrade mid-billing cycle, or do I have to wait until my plan renews?",upgrade,75
I need help with changing my subscription to a higher tier. Who can assist me?,upgrade,78
I'm interested in the premium features of the Plus plan. Can you break them down for me?,upgrade,88
Are there any promotions if I upgrade my plan this month?,upgrade,57
How do I downgrade without losing important settings or data?,upgrade,61
"I want to move to the yearly plan, but I’m not sure if it’s worth it. Any advice?",upgrade,81
What’s the easiest way for me to upgrade my service right now?,upgrade,62
Can you clarify if switching from monthly to annual plan saves me money?,upgrade,72
I’m looking to switch my current plan but I have a few questions first. Can I chat with someone?,upgrade,96
"When I upgrade, do the new features activate immediately, or does it take time?",upgrade,79
I'd like to upgrade my subscription. What do I need to do?,upgrade,58
Can you tell me what benefits come with the Platinum plan?,upgrade,58
Is there a way to move from my current plan to an upgraded version?,upgrade,67
I’m considering downgrading my plan. Can you explain the process?,upgrade,65
I want to switch to annual billing. How can I do that?,upgrade,54
What additional features do I get if I upgrade to the Business plan?,upgrade,68
How do I change my plan from the Basic to the Premium tier?,upgrade,59
Could you help me with the steps to downgrade my current subscription?,upgrade,70
I'm interested in the Pro features. Can you let me know how to upgrade?,upgrade,71
Is it possible to switch back to my previous plan after upgrading?,upgrade,66
I’m fed up with my current plan. How do I move to the next level?,upgrade,65
I’d like more info on what’s included in the Enterprise plan before I upgrade.,upgrade,78
I just want to downgrade to the basic plan. What do I need to do?,upgrade,65
Can I upgrade my plan in the middle of my billing cycle?,upgrade,56
What's the difference between my current plan and the premium options?,upgrade,70
Can you confirm if there’s a trial period for the upgraded plan?,upgrade,64
I really need to switch to annual billing. How do I make that happen?,upgrade,69
I’m thinking of moving to a different plan. What’s the process like?,upgrade,68
Can you break down the features of the different tier levels for me?,upgrade,68
"If I upgrade, will I lose any of my current features?",upgrade,53
Can I switch to the Pro subscription without any downtime?,upgrade,58
I’m curious about what happens if I downgrade my plan.,upgrade,54
How are the premium features different from what I already have?,upgrade,64
I just want to ensure I’m getting the best value. What should I consider before upgrading?,upgrade,90
What are the steps to take if I want to upgrade my account right now?,upgrade,69
Can you help me upgrade my account to the Gold plan?,upgrade,52
I'm considering moving to the Premium plan. What are the benefits?,upgrade,66
I'd like to switch to an annual subscription. How do I do that?,upgrade,63
Is it possible to downgrade from the Pro plan to the Basic one?,upgrade,63
What do I need to do to access the advanced features in the Enterprise plan?,upgrade,76
"Hey, I’m thinking about upgrading. What’s the best plan for a small team like mine?",upgrade,83
I want to change my subscription from monthly to yearly. What’s the process?,upgrade,76
Can I switch my plan without losing my current data?,upgrade,52
Do you have any promotions for upgrading to the next tier right now?,upgrade,68
I’m frustrated with my current plan. How can I upgrade to get better support?,upgrade,77
What extra features will I get if I switch to the Premium subscription?,upgrade,71
I’d like more details about the differences between the Basic and Pro plans.,upgrade,76
How long does it take for a plan upgrade to take effect?,upgrade,56
Can I downgrade my subscription without a penalty?,upgrade,50
What happens to my existing features if I upgrade my plan?,upgrade,58
I’m interested in the Business plan. Is there a trial available?,upgrade,64
Can you walk me through the steps to change my plan?,upgrade,52
I want to ensure my data is safe before I switch to the upgraded plan. Can you confirm?,upgrade,87
What are the costs associated with downgrading my plan?,upgrade,55
I'm not satisfied with my current subscription. How can I upgrade to the higher level?,upgrade,86
Are there any features exclusive to the Enterprise plan that I should know about?,upgrade,81
"I’ve been considering an upgrade, but I need to know if it’s worth it first.",upgrade,76
"If I upgrade, will I be able to access those new features immediately?",upgrade,70
I need to switch to a more basic plan—what do I need to do?,upgrade,59
Is there a way to test premium features before I fully upgrade my plan?,upgrade,71
Can you help me upgrade to the premium plan?,upgrade,44
I'm considering moving to the higher tier. What do I need to do?,upgrade,64
Is it possible to switch my subscription from basic to pro?,upgrade,59
I want to know what perks come with the ultimate plan.,upgrade,54
How can I change my current plan to the annual one?,upgrade,51
I'm interested in downgrading my plan. What options do I have?,upgrade,62
What steps do I take if I want to upgrade my account?,upgrade,53
Can I get more details about the features in the business plan?,upgrade,63
I'd like to know how to downgrade my current subscription.,upgrade,58
Is there a way to trial the premium features before upgrading?,upgrade,62
I'm not happy with my current plan. How do I switch to something better?,upgrade,72
What benefits do I get if I upgrade to the Family plan?,upgrade,55
Can you walk me through the process of upgrading my account?,upgrade,60
"I just want to downgrade my subscription, how can I do that?",upgrade,60
I heard about new features. Can I upgrade to access them?,upgrade,57
Is there a difference in support if I upgrade my plan?,upgrade,54
I want to know if I can switch to an annual plan after only one month.,upgrade,70
Can I downgrade my plan without losing access to current features?,upgrade,66
"I’d like to upgrade to the Professional plan, what's the cost?",upgrade,62
How do I switch my account to the next tier for more features?,upgrade,62
Can I get a discount if I upgrade to the yearly subscription?,upgrade,61
I’m looking to upgrade but I’m not sure which plan is right for me.,upgrade,67
I want to know if I can temporarily downgrade my plan.,upgrade,54
What’s included in the upgrade from standard to premium?,upgrade,56
How do I switch from an individual plan to a team plan?,upgrade,55
I'm curious about upgrading. Can you send me more info?,upgrade,55
Can you help me with the process to upgrade my current subscription?,upgrade,68
I'm really interested in the additional features of your Premium plan. Can you give me details?,upgrade,95
Is it possible to switch to the yearly subscription to save some money?,upgrade,71
I'm thinking about downgrading my plan. What do I need to do?,upgrade,61
What’s the difference between the Standard and Pro plans? I want to upgrade!,upgrade,76
How can I move from my current plan to the Ultimate plan?,upgrade,57
Could you tell me what benefits I get if I upgrade to the Business plan?,upgrade,72
I’ve been considering upgrading my account. What’s the next step?,upgrade,65
I want to change my subscription to the Annual plan. Is that easy to do?,upgrade,72
Can I downgrade my plan without losing any features? I'm a bit confused.,upgrade,72
What are the steps to upgrade to the Enterprise plan?,upgrade,53
I'm currently on the Basic plan and I want to know about the benefits of going to Pro.,upgrade,86
"If I upgrade my plan, will I get a refund for the days left on my current billing cycle?",upgrade,88
Can I switch from the Premium to the Basic plan at any time?,upgrade,60
I'm frustrated with my current plan; how do I upgrade to a better one quickly?,upgrade,78
Could you explain the features included in the Deluxe plan? I'm thinking about an upgrade.,upgrade,90
What’s involved if I want to change my subscription from monthly to a yearly payment?,upgrade,85
I want to explore the premium features before deciding to upgrade. Is that possible?,upgrade,84
How do I make sure I don’t lose anything important when I downgrade?,upgrade,68
"I’d like to upgrade my subscription, but I’m not sure what plan fits my needs best. Can you help?",upgrade,97
Can I trial the Pro plan before committing to the upgrade?,upgrade,58
"Is it straightforward to switch my plan, or are there hidden fees or complications?",upgrade,83
"Is there a trial period for the Enterprise plan, or do I have to fully commit right away?",upgrade,89
I'm ready to upgrade but need help navigating your website—can you guide me through it?,upgrade,87
"If I downgrade, how will it impact my current features? Let me know what to expect.",upgrade,83
How can I move to a higher subscription plan?,upgrade,45
"I’d like to change my plan to the premium version, what do I need to do?",upgrade,72
Can I switch from the Basic to the Plus plan without any fees?,upgrade,62
I'm interested in the additional features with the Business plan. Can you tell me more?,upgrade,87
Is it possible to upgrade to the yearly plan for a discount?,upgrade,60
I want to know if I can lower my current plan to save some money.,upgrade,65
Can I get a list of benefits that come with the Pro subscription?,upgrade,65
"I’ve been thinking about switching to the Enterprise plan, what’s the process?",upgrade,78
What do I need to do to downgrade my subscription?,upgrade,50
Could you explain what the differences are between the Standard and Premium plans?,upgrade,82
"I'm ready to upgrade my account, but I want to make sure I choose the right plan first.",upgrade,87
How do I manage my subscription to upgrade it online?,upgrade,53
Are there any trials available if I decide to upgrade?,upgrade,54
"I want to move from the monthly plan to a yearly one, how can I do that?",upgrade,72
Is it easy to downgrade my subscription if I find it’s not what I need?,upgrade,71
What’s the process if I want to switch from a trial version to a full subscription?,upgrade,83
I heard about the new features in the Pro plan; how do I get access to them?,upgrade,76
"Can I switch my plan immediately, or is there a waiting period?",upgrade,63
I have the Plus plan now and I'm considering going to the Pro plan; is it straightforward?,upgrade,90
"If I upgrade, will my billing cycle change?",upgrade,43
Can someone help me understand the limits of my current plan before I consider upgrading?,upgrade,89
Is there an easy way to compare the different subscription levels?,upgrade,66
"I want to downgrade my plan, but I’m not sure how it’ll affect my saved data.",upgrade,77
Can I get help with upgrading my subscription and also modifying the payment method?,upgrade,84
I’m looking to upgrade to the Team plan. What’s the process?,upgrade,60
Is there an option to switch from the Standard plan to the Premium one?,upgrade,71
Can you tell me what benefits I’ll get if I upgrade to the Business package?,upgrade,76
I’m tired of the limitations on my current plan. How do I make the switch to a higher tier?,upgrade,91
"If I decide to downgrade, will I lose any of my saved data?",upgrade,59
What’s the best way to transition from a monthly to an annual subscription?,upgrade,75
I heard there's a new feature set with the upgrade. Can you explain that to me?,upgrade,79
I want to switch to the yearly plan for cost savings. Can you guide me through it?,upgrade,82
Are there any ongoing promotions for upgrading my subscription right now?,upgrade,73
Can I easily downgrade my plan without losing access to features I use regularly?,upgrade,81
What kind of premium features do I get if I move to the Ultimate plan?,upgrade,70
"I’m considering switching my subscription, but I need to know more about the Enterprise features first.",upgrade,103
Could you help me figure out how to upgrade my account? I'm a bit lost here.,upgrade,76
Is it possible to trial the premium features before I commit to an upgrade?,upgrade,75
"I want to move from the Basic plan to the Plus plan, what do I need to do?",upgrade,74
Can you please detail the differences between the plans? I’m thinking about upgrading.,upgrade,86
"I just want to downgrade my plan for now, but I’m not sure how to do it. Help?",upgrade,78
"I’m ready to upgrade, but I’m skeptical about the new features. Can you convince me?",upgrade,84
How can I switch my plan without any interruptions in service?,upgrade,62
What are the steps to take if I want to move from the Premium plan to a lower tier?,upgrade,83
Can you clarify what is included in the upgraded subscription?,upgrade,62
I want to enhance my experience by upgrading my subscription. What’s the first step?,upgrade,84
"Will I be charged immediately if I upgrade, or is there a trial period?",upgrade,71
I’m confused about my options. Could you explain how to change my plan?,upgrade,71
"If I upgrade now, can I still change my mind later without extra fees?",upgrade,70
Is it straightforward to downgrade? What features would I lose?,upgrade,63
Can you guide me through upgrading to the Premium plan?,upgrade,55
I'm considering moving from Basic to Pro. What steps do I need to take?,upgrade,71
Is it possible to switch my subscription to the annual plan instead of monthly?,upgrade,79
I'd like to know what additional features come with the Business plan.,upgrade,70
How do I go about downgrading my current subscription?,upgrade,54
I need help understanding what the upgrade options are for my account.,upgrade,70
What are the benefits of upgrading to the higher tier?,upgrade,54
"I want to switch to a yearly plan, but I'm not sure how to do it.",upgrade,65
Can you tell me if I can upgrade my plan anytime during the month?,upgrade,66
I feel like I need a few more features—how can I upgrade my account?,upgrade,68
Could you explain how to transition from my current plan to the next level?,upgrade,75
I'm frustrated because I can't find the option to upgrade my plan. Can you help?,upgrade,80
I want to check what happens if I downgrade my subscription. Will I lose anything?,upgrade,82
Are there any special offers when upgrading to the Elite plan?,upgrade,62
Can you help me understand the differences between the plans before I switch?,upgrade,77
What do I need to do to upgrade my account on your website?,upgrade,59
"If I upgrade now, will I get a prorated refund for my current plan?",upgrade,67
How can I find out more about the features of the Elite subscription?,upgrade,69
I'm looking to switch from quarterly to annual billing. How do I do that?,upgrade,73
What should I know before I decide to downgrade my subscription?,upgrade,64
Can I temporarily upgrade my plan for a month and then switch back?,upgrade,67
I want to check if upgrading to the Pro plan offers a free trial first.,upgrade,71
Could you provide some insight into what I gain by upgrading to your highest tier?,upgrade,82
"Is there a way to downgrade my plan online, or do I need to contact support?",upgrade,76
I’m interested in premium features. Can you tell me how to upgrade?,upgrade,67
How often can I change my subscription plan if I want to keep switching?,upgrade,72
I'd like to know what additional features come with the Business subscription.,upgrade,78
Is it possible to change my plan from a monthly subscription to a yearly one?,upgrade,77
I'm considering downgrading my subscription. What steps should I take?,upgrade,70
What are the benefits of switching from the Basic plan to the Pro plan?,upgrade,71
"Hey, I want to upgrade! How do I get started with the Enterprise features?",upgrade,74
Can I reduce my subscription level without losing my data?,upgrade,58
I’m a bit confused about the upgrade options; could you clarify that for me?,upgrade,76
I want to switch to the annual plan because it seems like a better deal. How do I proceed?,upgrade,90
Are there any hidden fees when upgrading to the Pro plan?,upgrade,57
Could you list all the perks of the Premium plan for me?,upgrade,56
I'm frustrated with my current plan; can you assist me in upgrading it?,upgrade,71
What’s the difference in features between the Standard and the Pro plans?,upgrade,73
Is there an easy way to do a plan downgrade online?,upgrade,51
How long will it take for my upgrade to take effect after I pay?,upgrade,64
I was thinking of changing my subscription plan—what are my options?,upgrade,68
Can I try the Enterprise features before committing to that plan?,upgrade,65
I'm interested in learning more about the Premium plan. What's included?,upgrade,72
Can you help me downgrade my account? I don't need all the features I have now.,upgrade,79
I'd love to switch to the Family plan. What do I need to do?,upgrade,60
"Is upgrading my plan instant, or is there a waiting period?",upgrade,59
I want to unlock the advanced features. How can I upgrade my plan?,upgrade,66
What’s the process for changing my billing cycle from monthly to annual?,upgrade,72
I’m looking to downgrade my subscription. What’s the best way to do that?,upgrade,73
Can you let me know if there are any promotions for upgrading my plan right now?,upgrade,80
Can you help me upgrade my current subscription to the premium version?,upgrade,71
I’m really interested in the features offered in the Pro plan. How can I switch?,upgrade,80
Is there any way to downgrade my plan without losing my data?,upgrade,61
"Hey, I’m thinking about switching from my current plan to the annual one. What’s the process?",upgrade,93
"I’ve been using the basic plan, but I want to know more about the Enterprise features.",upgrade,86
How do I go about upgrading to the Family plan? I need it for additional users.,upgrade,79
Could you tell me what benefits I would get by upgrading to the Premium plan?,upgrade,77
I’m not happy with my current plan and want to downgrade. What do I need to do?,upgrade,79
What’s the easiest way to switch my subscription from monthly billing to yearly?,upgrade,80
I’ve heard great things about the Pro plan. How can I make that change?,upgrade,71
I’m considering downgrading my subscription. Will I lose access to any of my saved work?,upgrade,88
"Hey, I want to upgrade my account but I’m not sure which plan fits my needs best. Can you help?",upgrade,95
How can I find out about the additional features if I upgrade to the Business plan?,upgrade,83
I just want to know if I can easily switch from Pro back to Basic if I don’t like it.,upgrade,85
Can you walk me through the steps to upgrade my account? I need clearer instructions.,upgrade,85
I’d like to explore features of the Enterprise plan since I’m considering upgrading.,upgrade,84
Is there a trial period for the Premium features before I decide to upgrade?,upgrade,76
Could someone guide me on how to quickly change my subscription type?,upgrade,69
I’m really frustrated with my current setup. How can I downgrade without hassle?,upgrade,80
I want to know if there are any promotional offers for upgrading my subscription.,upgrade,81
How do I switch my account from the trial version to the paid plan?,upgrade,67
Are there any hidden fees if I choose to upgrade to the Enterprise plan?,upgrade,72
Can you explain the key differences between the Basic and Plus plans to help me upgrade?,upgrade,88
"I’d like to upgrade my plan, but I need to keep my current users. Is that possible?",upgrade,83
Can I get a refund if I upgrade and decide it’s not for me?,upgrade,59
What do I need to do if I want to switch my billing cycle from monthly to yearly without losing features?,upgrade,105
How can I move to the Premium plan?,upgrade,35
I'm interested in upgrading my account. What steps do I need to follow?,upgrade,71
Is it possible to switch from the Basic plan to the Plus plan mid-cycle?,upgrade,72
Can you tell me what additional features I would get if I upgrade to the Pro version?,upgrade,85
I want to change my subscription to an annual plan. How do I do that?,upgrade,69
What's the process for downgrading my subscription? I'm not using all the features.,upgrade,83
Can I get more details on the Enterprise plan options? I'm considering an upgrade.,upgrade,82
I read about your new features for the Business plan. Can you help me upgrade?,upgrade,78
"I'm happy with my current plan, but I want to know what I'd gain if I switched. Can you help?",upgrade,93
"I'm looking to downgrade my account, but I want to keep some of the existing features. How do I proceed?",upgrade,104
Could you explain the benefits of upgrading? I want to make sure it's worth it.,upgrade,79
I’m not satisfied with my current plan and want to switch. What’s the best option for me?,upgrade,89
How do I go about upgrading my account to access those premium features you mentioned?,upgrade,86
I found out about a better plan and I’m eager to switch. What do I need to do?,upgrade,78
I think I want to downgrade but I’m worried I’ll lose essential features. Can you advise?,upgrade,89
Can I upgrade to a higher tier without any interruptions to my service?,upgrade,71
What are the different subscription options available? I’m considering upgrading soon.,upgrade,86
I’ve seen some plans that look better for my needs. How can I switch to one of those?,upgrade,85
I need to downgrade my plan but want to keep certain features. Is that possible?,upgrade,80
I'm very interested in the additional features available in the Pro plan. Can I upgrade today?,upgrade,94
What are the steps to move from a monthly plan to an annual subscription?,upgrade,73
I’d like to know if there’s a trial period for the upgraded features before I commit.,upgrade,85
I think I need to switch to a different plan. Can you guide me through the options?,upgrade,83
How do I know if upgrading to the Enterprise plan is the right move for my business?,upgrade,84
Can you guide me on how to upgrade my subscription to the Premium plan?,upgrade,71
I'm interested in the features of the Business plan. Can you provide more details?,upgrade,82
Is there an easy way to switch from my current plan to the Pro plan?,upgrade,68
What are the steps to upgrade to the Family plan?,upgrade,49
"Hey, I was wondering if I could switch to an annual subscription and save some money?",upgrade,85
Could you tell me what additional benefits I would get if I upgraded to the Gold plan?,upgrade,86
I’ve been considering moving to a higher tier. What’s included in the next level?,upgrade,81
"I really like my current plan, but I'm curious about the perks of the Premium version. Can you help?",upgrade,100
"I need to reduce my costs — how do I downgrade, and what will I lose?",upgrade,69
"If I upgrade, how soon will the new features take effect?",upgrade,57
I just want to switch my plan; it feels a bit complicated! Can you help?,upgrade,72
What do I need to do to upgrade my plan before the billing cycle starts?,upgrade,72
Can you explain the differences between the Basic and Pro plans?,upgrade,64
"I'm not sure if I want to upgrade yet, but I’d love to know what I would get if I did.",upgrade,86
Is it possible to temporarily downgrade my subscription until I need the full features again?,upgrade,93
What happens to my data if I downgrade my plan?,upgrade,47
I’m considering upgrading to the top tier; what premium features can I expect?,upgrade,78
Can you walk me through the process of switching to a yearly plan?,upgrade,66
I’m currently on the Basic plan; how do I access the additional features of the Pro plan?,upgrade,89
Do you have any promotions available for upgrading my subscription?,upgrade,67
I’ve heard great things about the Pro plan — what’s the easiest way to sign up?,upgrade,79
I’m frustrated with my current plan. How do I quickly switch to a more suitable option?,upgrade,87
Can you give me a quick comparison of the plans? I want to upgrade but need to choose wisely.,upgrade,93
What’s involved in switching from a monthly to an annual plan?,upgrade,62
Can you tell me how to switch to the Gold plan?,upgrade,47
I'd like to know what’s included in the Business subscription.,upgrade,62
How can I upgrade my account to access all the premium features?,upgrade,64
Is it possible to change from the basic package to the pro version?,upgrade,67
What do I need to do to get the monthly plan changed to an annual one?,upgrade,70
I’m considering downgrading; what happens if I switch to a lower tier?,upgrade,70
Could you help me with upgrading my plan? I’m looking for more options.,upgrade,71
Can I get a refund if I decide to upgrade my subscription within the trial period?,upgrade,82
What benefits do I get if I move to the Deluxe plan?,upgrade,52
How do I change my subscription type without losing my current progress?,upgrade,72
I'm really interested in the premium features; can you explain them to me?,upgrade,74
I want to upgrade but I'm not sure which plan fits my needs best.,upgrade,65
Is it easy to downgrade my account if I decide to?,upgrade,50
What's the process for moving from a monthly to an annual subscription?,upgrade,71
Can I switch back to my old plan after upgrading?,upgrade,49
I’m frustrated with my current plan; how do I change it?,upgrade,56
"Can I upgrade my plan mid-cycle, or do I have to wait until it renews?",upgrade,70
I want to know about the perks of the higher-tier plans.,upgrade,56
Will I lose any data if I downgrade my account?,upgrade,47
I’d appreciate some guidance on how to upgrade to the best package for me.,upgrade,74
Can I trial the upgraded features before committing to a new plan?,upgrade,66
How can I get assistance with my plan upgrade over the phone?,upgrade,61
I'm quite interested in the features of your top-tier subscription; can you provide more details?,upgrade,97
"If I switch plans, will my billing date change?",upgrade,47
Could you outline the differences between the plans so I can decide on an upgrade?,upgrade,82
Can you tell me how to upgrade my current subscription to the Business plan?,upgrade,76
I’m interested in switching to the annual plan. What do I need to do?,upgrade,69
What are the benefits of moving to the Premium plan?,upgrade,52
I’d like to downgrade my current plan. How can I do that?,upgrade,57
Could you explain how I can access the extra features with the Pro subscription?,upgrade,80
Is there a way to trial the Enterprise features before upgrading?,upgrade,65
I’m not really happy with my current plan. How do I downgrade without losing my data?,upgrade,85
Can I get a list of features that come with the upgraded plan?,upgrade,62
What steps do I need to follow to switch my account to a different plan?,upgrade,72
I want to check if upgrading my account will give me access to more storage.,upgrade,76
How do I go about upgrading to include the additional user access?,upgrade,66
"I’ve been thinking about downgrading, but I don’t want to lose important features. Can you help?",upgrade,96
Can you assist me in figuring out if upgrading is worth it for my needs?,upgrade,72
"I’d like to upgrade to a higher plan, but I’m unsure about the cost involved. Can you clarify?",upgrade,94
What happens to my existing features if I decide to downgrade?,upgrade,62
I’ve had some issues with my current plan. Is there a better one I should consider?,upgrade,83
Can I skip directly to the Enterprise plan from my current one?,upgrade,63
How can I make sure I’m getting the best deal when I upgrade?,upgrade,61
I’m currently on the Basic plan and want to switch to the Premium. Can you guide me?,upgrade,84
What features are exclusive to the Enterprise plan that I should know about?,upgrade,76
I’m frustrated with my current subscription. What’s the process to downgrade?,upgrade,77
Can you help me compare the features of the different plans?,upgrade,60
Is it possible to upgrade my plan directly through the app?,upgrade,59
I want to ensure I'm not missing out on any premium features before I decide to upgrade.,upgrade,88
Can you tell me how to upgrade my account to the Business plan?,upgrade,63
I'm really interested in the extra features of the Premium subscription. How do I get that?,upgrade,91
"I’d like to switch my subscription from monthly to yearly, what’s the process?",upgrade,78
Is it possible to downgrade my current plan to something less expensive?,upgrade,72
I heard the Pro plan has some amazing tools. How do I make the switch?,upgrade,70
I want to access the advanced features. Can you walk me through upgrading?,upgrade,74
I’m currently on the Basic plan. What do I need to do to upgrade to the Plus plan?,upgrade,82
"Can I change my subscription now, or do I have to wait until the billing cycle ends?",upgrade,84
What happens to my data if I decide to downgrade my subscription?,upgrade,65
I'm tired of the limitations on my plan. How soon can I upgrade?,upgrade,64
I have some questions about the features included in the Enterprise plan. Can you help?,upgrade,87
What are the steps to downgrade my plan without losing any of my data?,upgrade,70
I’m curious about the family plan. How do I upgrade to that option?,upgrade,67
Can you confirm if I can switch plans anytime during my billing cycle?,upgrade,70
I’m not happy with my current plan. What do I need to do to get the Pro version?,upgrade,80
"I want to upgrade, but I’m a little unsure about the benefits. Can you help?",upgrade,76
I would like to explore what’s included with the Premium upgrade. Can you provide details?,upgrade,90
Is there a trial period for the upgraded plans? I’d like to test it out first.,upgrade,78
"I'm thinking of downgrading, but I want to make sure I won’t miss out on important features.",upgrade,92
How do I go about upgrading to the annual payment plan? Is there a discount?,upgrade,76
I want to make sure I fully understand the differences before I upgrade. Can you explain?,upgrade,89
What do I need to do to transfer my account to the Enterprise package?,upgrade,70
"If I downgrade now, when will the changes take effect in my billing?",upgrade,68
Are there any special promotions if I decide to upgrade my subscription?,upgrade,72
I would like to know the benefits of the Plus plan compared to my current plan before switching.,upgrade,96
I'm interested in the additional features available with the Business subscription. How can I switch?,upgrade,101
What steps do I need to take to downgrade my current plan?,upgrade,58
I’d like to move from the Basic to the Pro version. How do I do that?,upgrade,69
Is there a way to upgrade my account without losing my current data?,upgrade,68
Can I get a list of all the benefits that come with the Premium plan?,upgrade,69
"I’ve been considering an upgrade, but I need to know more about what’s included.",upgrade,80
What happens to my billing cycle if I change from monthly to yearly?,upgrade,68
"I want to downgrade my plan, but I’m not sure about the impact on my features. Can you explain?",upgrade,95
Could you tell me if there are any discounts available for upgrading?,upgrade,69
How long does it take for the upgrade to take effect after I request it?,upgrade,72
"I'm thinking about switching to the Family plan, what features would I gain?",upgrade,76
I just want to check if I can trial the Pro features before upgrading.,upgrade,70
Is it possible to switch my annual subscription to a monthly one without penalties?,upgrade,83
I’m frustrated with my current plan. What’s the easiest way to upgrade my service?,upgrade,82
Can you clarify what benefits I’ll receive with the Enterprise tier?,upgrade,68
"I’m considering downgrading, but I’m worried about losing certain features. Can you assist?",upgrade,91
Could you help me understand the differences between the various plans before I upgrade?,upgrade,88
Is there a way to temporarily upgrade my plan for a specific project?,upgrade,69
I heard about a new feature in the Pro plan; can you tell me how to upgrade?,upgrade,76
"If I upgrade now, will I be charged immediately or at the next billing cycle?",upgrade,77
I’d like to switch to an annual plan for better savings. What’s the process?,upgrade,76
What are the premium features that come with the upgraded subscription?,upgrade,71
How often can I switch plans? I’m looking to explore options.,upgrade,61
I just want to know if I can easily revert back after downgrading my plan.,upgrade,74
Can you help me upgrade my account to the VIP tier?,upgrade,51
I'm interested in moving to an annual subscription—how do I do that?,upgrade,68
What are the benefits of switching to the Gold plan?,upgrade,52
I'd like to downgrade my subscription. What's the process?,upgrade,58
Is there an easy way to upgrade my plan to access all features?,upgrade,63
I'm thinking about switching to the Family plan; what do I need to do?,upgrade,70
Can you tell me what extra features I get with the Pro subscription?,upgrade,68
I want to change my plan from monthly to yearly. Can you guide me?,upgrade,66
Are there any discounts available if I upgrade my subscription?,upgrade,63
I'd really like to explore the premium features. How do I upgrade?,upgrade,66
Is it possible to trial the Gold plan before I commit to upgrading?,upgrade,67
"I've been on the basic plan, and I'm curious about what the premium offers. Can you share more?",upgrade,95
I'm having some issues with my current plan and would like to move to a higher one. Help me out?,upgrade,96
I’m frustrated with my current plan; how can I get to a better one?,upgrade,67
What’s the best way to transition from the Basic to the Enterprise plan?,upgrade,72
"If I upgrade now, can I still change my mind later?",upgrade,51
Do you have any recommendations for which plan I should upgrade to based on my usage?,upgrade,85
I'd like to know if I can add more users to my current subscription when I upgrade.,upgrade,83
Is there a limit on how many times I can change my subscription plan?,upgrade,69
Can I get a full list of features before I decide to upgrade?,upgrade,61
I'm looking for more flexibility—what's the process for switching plans?,upgrade,72
How do I find out if my current plan can be upgraded to offer more storage?,upgrade,75
I'd like to know the steps to take if I want to go from Pro to Enterprise.,upgrade,74
Can you tell me how to switch to the Family plan?,upgrade,49
I'm considering upgrading to the Business plan. What additional features do I get?,upgrade,82
I want to move from my current plan to a yearly subscription. How do I do that?,upgrade,79
Is there a way to downgrade my plan without losing any important data?,upgrade,70
"I'd like to upgrade, but I'm not sure if the premium features are worth it. Can you help?",upgrade,89
How do I find out what’s included in the higher-tier plans?,upgrade,59
I need to change my subscription to the Pro plan. What’s the process?,upgrade,69
Can I switch from the annual plan back to monthly? I think I need more flexibility.,upgrade,83
Are there any discounts available if I upgrade to the Premium plan?,upgrade,67
What’s the difference between the Standard and Premium plans?,upgrade,61
I’m currently on the Basic plan and I’m interested in upgrading. What do I need to do?,upgrade,86
Can you clarify what additional services come with the Enterprise subscription?,upgrade,79
I just realized I want to switch my account to the Plus plan instead. How can I do that?,upgrade,88
I'm a bit confused about upgrading my plan. Can you walk me through the steps?,upgrade,78
Is it possible to downgrade my current subscription without any penalties?,upgrade,74
I heard the Family plan has some great features. Can you share more details?,upgrade,76
I want to upgrade but I've been having trouble figuring out how. Help!,upgrade,70
What are the steps to change my plan to the Business level?,upgrade,59
I’m thinking about downgrading my account. What do I need to consider?,upgrade,70
What extra tools do I get if I upgrade to the Premium subscription?,upgrade,67
I’m curious about the new features in the Pro plan. Can you give me a rundown?,upgrade,78
"Can I switch my plan anytime, or is there a specific period for upgrades?",upgrade,73
I’d like to know if I can upgrade mid-cycle without losing my current benefits.,upgrade,79
"I’m interested in the Enterprise plan, but is there a trial period available to test it out?",upgrade,92
Can you help me with the upgrade process? I want to make sure I don’t miss anything.,upgrade,84
Can you help me upgrade my account to the Family plan?,upgrade,54
I'm considering switching to the Premium subscription. What are the benefits?,upgrade,77
Is it possible to change my plan to Business without losing my current features?,upgrade,80
I’ve been thinking about downgrading my subscription. What happens to my saved data?,upgrade,84
What’s the process for switching from the Basic plan to Pro?,upgrade,60
I heard there are extra features with the Elite plan. Can you tell me more?,upgrade,75
I want to upgrade my plan to annual billing. How do I do that?,upgrade,62
Can I get a trial for the Pro features before I decide to upgrade?,upgrade,66
I’m really frustrated with my current plan. I want to go to a higher tier ASAP!,upgrade,79
What are the steps to downgrade my account? Is it easy to do?,upgrade,61
"If I upgrade to the Business plan, will my previous payments carry over?",upgrade,72
Could you provide some details on what’s included in the Professional plan?,upgrade,75
I want to switch from my current plan to the annual one. Any discounts available?,upgrade,81
Can I upgrade mid-billing cycle without any issues?,upgrade,51
What options do I have if I want to reduce my monthly payment?,upgrade,62
Can I get a summary of premium features before I decide to upgrade?,upgrade,67
I’m thinking about moving to the Enterprise plan. What should I do?,upgrade,67
Is there a limit to how many times I can switch between plans?,upgrade,62
"If I downgrade, will I lose any customized settings I have?",upgrade,59
Can someone assist me with my upgrade to the Family plan this week?,upgrade,67
What’s the difference in support between the Standard and Premium plans?,upgrade,72
I’d like to know if there’s a fee for upgrading my plan right now.,upgrade,66
Can you explain how downgrading affects my current contract?,upgrade,60
"I'm ready to upgrade now, but I’m unsure about which plan fits my needs.",upgrade,72
"If I upgrade my subscription, will I be able to keep my existing features?",upgrade,74
Can you help me upgrade my account to the next tier?,upgrade,52
I'm thinking about moving to a premium plan. What are the benefits?,upgrade,67
Is it possible to change my subscription from basic to pro?,upgrade,59
I want to switch my plan to the annual subscription. How do I do that?,upgrade,70
What extra features do I get if I upgrade to the business plan?,upgrade,63
I'm currently on the standard plan but I’d like to explore what the premium offers.,upgrade,83
Can you tell me how to downgrade my subscription if it’s not a good fit?,upgrade,72
I feel like I need more features. How can I upgrade to the premium package?,upgrade,75
Are there any discounts available if I change to the yearly plan?,upgrade,65
I’d like to switch to a higher plan. Can you assist me with that?,upgrade,65
What’s the process for downgrading my account without losing data?,upgrade,66
I’m really frustrated with my current plan. How can I move to a better one?,upgrade,75
Could you give me more details about the features on the Pro plan?,upgrade,66
How do I go about upgrading my plan without interrupting my service?,upgrade,68
I’d love to know if I can switch plans in the middle of my billing cycle.,upgrade,73
Can you clarify what I could access if I upgraded to the Enterprise plan?,upgrade,73
"I want to downgrade my plan, but I’m not sure how it impacts my current features.",upgrade,81
What’s the easiest way to upgrade? I don’t want to deal with complicated steps.,upgrade,79
Is there any way to trial the premium features before I commit to an upgrade?,upgrade,77
I’ve heard good things about the higher tiers; can you tell me more about them?,upgrade,79
Can I switch from a monthly plan to an annual plan right now?,upgrade,61
Are there any features I would lose if I decide to downgrade my plan?,upgrade,69
"I’m considering upgrading, but what happens if I want to go back to my old plan?",upgrade,80
Can you explain how the billing works when switching plans?,upgrade,59
What’s included in the upgrade to the Pro version? I need specifics!,upgrade,68
Can you help me upgrade to the Premium plan?,upgrade,44
I’m thinking of switching to the annual subscription. What do I need to do?,upgrade,75
What additional features will I gain if I move to the Pro version?,upgrade,66
Is there a way to lower my subscription to the Basic plan?,upgrade,58
I want to explore the Enterprise options. Can you provide details?,upgrade,66
"Hi, I'm currently on the Free plan and I'm interested in upgrading. What are my options?",upgrade,88
I need to downgrade my plan but I’m not sure how. Can you guide me?,upgrade,67
What perks come with the Business plan compared to my current plan?,upgrade,67
Can you assist me in switching my subscription from monthly to yearly?,upgrade,70
"I’m not satisfied with my current plan, how do I make changes?",upgrade,62
I’d like to know more about what the Premium subscription offers. Can you help?,upgrade,79
"I want to upgrade my account, but is there a contract involved?",upgrade,63
How do I go about changing from my current plan to the higher tier?,upgrade,67
Can you tell me what the process is like for downgrading my subscription?,upgrade,73
I’ve heard great things about the Pro plan. How do I sign up?,upgrade,61
I accidentally signed up for the wrong plan. Can you help me switch?,upgrade,68
What are the steps to upgrade my existing subscription?,upgrade,55
Is it possible to upgrade to a higher plan mid-billing cycle?,upgrade,61
Can I get a temporary trial of the Premium features before committing to an upgrade?,upgrade,84
What happens to my current features if I decide to downgrade?,upgrade,61
I want the add-ons that come with the Enterprise plan. How can I get those?,upgrade,75
Do I need to provide any information to switch plans?,upgrade,53
"If I upgrade, will I receive any discounts or promotions?",upgrade,57
Can you provide a summary of benefits if I choose to upgrade to the Professional plan?,upgrade,86
Can you tell me how I can move to the Premium plan?,upgrade,51
I'd like to know what the benefits are of upgrading to the Business package.,upgrade,76
Is it possible to switch from the basic plan to a higher tier without losing my progress?,upgrade,89
"I want to downgrade my subscription, what steps do I need to take?",upgrade,66
Can I easily upgrade my plan if I decide to later on?,upgrade,53
What happens to my existing features if I switch to a new plan?,upgrade,63
"I’m considering upgrading, but I need to know the extra costs involved first.",upgrade,77
How can I change my subscription from monthly to yearly without any hassle?,upgrade,75
"Do I have to cancel my current plan to upgrade, or is there a simpler way?",upgrade,74
What additional features do I get if I upgrade to the Pro version?,upgrade,66
I’m frustrated because I can't find how to upgrade—can you help me out?,upgrade,71
Can you walk me through the process of switching to the Enterprise plan?,upgrade,72
I’d love to know more about what I’d be missing if I downgrade my plan.,upgrade,71
Is there a trial period available if I decide to upgrade?,upgrade,57
How quick is the upgrade process? I’d like to get started soon.,upgrade,63
Can I keep my current features if I decide to switch plans?,upgrade,59
What are the key advantages of upgrading to the Ultimate plan?,upgrade,62
I want to change my subscription status but I’m not sure how.,upgrade,61
"If I upgrade, will my billing cycle change right away?",upgrade,54
Could someone explain the differences between the various plans to me?,upgrade,70
Is there a penalty for downgrading my subscription at any point?,upgrade,64
How can I find out if I qualify for any discounts on an upgrade?,upgrade,64
What do I need to do if I want to switch to a different plan mid-cycle?,upgrade,71
"I’m ready to upgrade, but I need some help figuring out the best option.",upgrade,72
Can you provide me with details on the premium features available in the next plan up?,upgrade,86
Can you help me upgrade to the Business plan?,upgrade,45
I’m interested in the premium features. How do I go about switching my subscription?,upgrade,84
Is it possible to move from the basic to the premium plan right now?,upgrade,68
I would like to know what’s included in the Pro version. Can you tell me?,upgrade,73
Could I change my current plan to an annual subscription instead of monthly?,upgrade,76
What are the steps to downgrade my current plan? It feels like I don’t need all these features.,upgrade,95
"I’ve been thinking about upgrading, but I’m not sure if it’s worth it. Can you give me some details?",upgrade,100
I want to switch to the highest tier plan. Can you walk me through that?,upgrade,72
How do I cancel my current plan and start a new one with more benefits?,upgrade,71
I’ve heard great things about the Enterprise plan. What features can I expect if I upgrade?,upgrade,91
I need my plan to have more users—how can I upgrade for that?,upgrade,61
Can I get a trial of the premium features before deciding to upgrade?,upgrade,69
Is there a way I can downgrade without losing any of my saved data?,upgrade,67
What happens to my current features if I switch to a lower plan?,upgrade,64
"I’m thinking about upgrading, but I need more info on the benefits first.",upgrade,73
Can you let me know how much it costs to upgrade to the Pro plan?,upgrade,65
I’ve accidentally subscribed to the wrong plan. How do I fix this?,upgrade,66
How do I handle my payment when downgrading my subscription?,upgrade,60
"I want to upgrade, but I’m concerned about the additional costs. Can you clarify?",upgrade,81
"Can I switch my plan today, or do I need to wait until the billing cycle ends?",upgrade,78
I’m frustrated because I can’t find the option to upgrade on your site. Can you help?,upgrade,85
What’s the easiest way to upgrade to the next tier of service?,upgrade,62
I’d like to explore my options for an upgrade—who can I contact for that?,upgrade,73
How do I make sure my features transition smoothly when I change my plan?,upgrade,73
I’ve outgrown my plan and need to upgrade ASAP! What’s the process?,upgrade,67
I'm interested in switching to the annual subscription. What's the process?,upgrade,75
Is there a way to get a trial of the Pro features before I commit to an upgrade?,upgrade,80
I want to move from the Basic plan to a higher tier—what steps should I follow?,upgrade,79
How can I access the advanced features available in the Business plan?,upgrade,70
I’m thinking about downgrading my subscription. What options do I have?,upgrade,71
What benefits do I get if I decide to upgrade to the Family plan?,upgrade,65
I’m frustrated with my current plan and want to switch to something better. Can you assist me?,upgrade,94
Could you provide details on how to change my plan to the Elite option?,upgrade,71
What’s the easiest way to downgrade my account while maintaining access to my current data?,upgrade,91
I heard about some new features in the Pro plan—how do I upgrade to that?,upgrade,73
Is there a fee involved if I want to downgrade my subscription?,upgrade,63
How do I switch my plan from monthly to yearly without losing any features?,upgrade,75
I'm considering an upgrade but I need more info on what’s included. Can you help?,upgrade,81
I wish to explore premium features; how do I go about upgrading my account?,upgrade,75
Can I get a refund for the remaining time if I downgrade my plan?,upgrade,65
What are the steps to upgrade my plan without any interruption in service?,upgrade,74
Are there any discounts available if I decide to upgrade my subscription?,upgrade,73
I’d like to know more about the differences between the Standard and Premium plans before upgrading.,upgrade,100
Is switching from one plan to another straightforward? I’m ready for an upgrade.,upgrade,80
I’m thinking about moving to a higher tier; what’s the best way to do it?,upgrade,73
Can you walk me through the process of upgrading to the Pro version?,upgrade,68
What happens to my data if I decide to downgrade my account?,upgrade,60
I'd like to upgrade to the Ultimate plan but have some questions first.,upgrade,71
Can you confirm if my current features will carry over if I switch plans?,upgrade,73
Can you help me upgrade to the Business plan? I'm interested in the additional features.,upgrade,88
I’d like to downgrade my current subscription. What are the steps?,upgrade,66
What is the process for switching from my current plan to the annual subscription?,upgrade,82
I'm considering upgrading to the Premium plan. What extra benefits would I get?,upgrade,79
Is there a way to switch from the Standard plan to the Pro plan mid-billing cycle?,upgrade,82
I want to change my plan to the Enterprise level. Can you guide me on how to do it?,upgrade,83
Can someone explain how I can upgrade my account? I need the advanced tools.,upgrade,76
I’m really frustrated that I can’t find where to downgrade my subscription. Help!,upgrade,81
Are there any special features if I switch to the VIP plan? I’m curious about that.,upgrade,83
How do I initiate an upgrade? I’d like to take advantage of the premium features.,upgrade,81
I want to move from monthly to yearly billing. What’s the easiest way to do this?,upgrade,81
Can I downgrade my service without losing any of my current data?,upgrade,65
Do you have a guide for upgrading my account? I’m not sure where to start.,upgrade,74
"I need to switch to a different plan, but I'm not sure which one fits my needs best.",upgrade,84
Could you provide information on the premium features available in the higher tiers?,upgrade,84
What steps do I need to take to upgrade my current subscription?,upgrade,64
"I'm thinking about downgrading, but I need to know what I'll lose. Help me out?",upgrade,79
I’m interested in the features of the Pro plan. Can you give me more details?,upgrade,77
"I want to upgrade to the annual plan, but how does that affect my billing date?",upgrade,79
Is there a penalty if I decide to downgrade my subscription?,upgrade,60
I’m confused about the upgrade options available. Can you clarify for me?,upgrade,73
How long does it take to process an upgrade to the Premium plan?,upgrade,64
What happens to my current features if I switch to a lower tier subscription?,upgrade,77
I’m ready to upgrade but want to make sure I’m choosing the right plan for my needs.,upgrade,84
Can I temporarily downgrade my plan and then upgrade again later without issues?,upgrade,80
I'm interested in the additional features of the Business subscription; how can I upgrade?,upgrade,90
Is it possible to change my current plan to an annual one instead of monthly?,upgrade,77
"I want to downgrade my subscription, but I'm not sure how to do that. Can you help?",upgrade,83
What are the steps to upgrade to the highest tier plan?,upgrade,55
"I'm looking to upgrade, but I need more info on what each plan includes. Can you break it down for me?",upgrade,102
"Hey, I think I want to go for the Family plan. How do I make that change?",upgrade,73
I heard about some new features with the Pro plan. How do I get those?,upgrade,70
I'm currently on the Basic plan and would like to switch to the Standard. What do I need to do?,upgrade,95
Can I downgrade my plan to the Free version without losing my data?,upgrade,67
How do I upgrade my account to access the exclusive features?,upgrade,61
I want to switch from the Standard plan to the Premium one. Any tips on how to do it quickly?,upgrade,93
What's the easiest way for me to upgrade my subscription right now?,upgrade,67
I’ve been thinking about the Enterprise plan; can you tell me how to upgrade to it?,upgrade,83
"I want to explore the premium features, but I’m not sure if I should upgrade yet. Can you assist?",upgrade,97
What's the process for downgrading my current plan?,upgrade,51
Can you guide me on how to switch from monthly billing to an annual subscription?,upgrade,81
I’m not happy with my current plan; how can I upgrade to something better?,upgrade,74
"I want to change my subscription, but I'm worried I'll lose my progress. What should I do?",upgrade,90
Could you give me a rundown of the benefits if I upgrade to the Business plan?,upgrade,78
I’d like to try out the Pro plan for a month. Is there a way to do that without a long-term commitment?,upgrade,103
How do I check what features I’d get if I switched plans?,upgrade,57
I'm ready to upgrade my plan but I don't want any interruptions. What’s the process?,upgrade,84
I feel like I need more features; how can I easily upgrade my plan?,upgrade,67
"I just want to switch to the higher tier, but I'm not sure where to start. Can you help me out?",upgrade,95
Can you guide me on how to upgrade my account to the Gold plan?,upgrade,63
I'm really interested in the added features of the Ultimate subscription. How do I switch to that?,upgrade,98
Is there a way to downgrade my current plan without losing any saved data?,upgrade,74
I have a monthly subscription and want to change to an annual plan. What steps do I need to follow?,upgrade,99
What are the benefits of upgrading to the Pro version?,upgrade,54
I'm considering upgrading. Can you tell me what additional features come with the Business plan?,upgrade,96
I'm a bit fed up with my current plan. Can I downgrade it and keep some of the features?,upgrade,88
I only need basic features right now. How do I go about downgrading my subscription?,upgrade,84
Could you help me with the process of upgrading to the Premium plan?,upgrade,68
Can I switch from my current plan to the Enterprise plan at any time?,upgrade,69
I'm curious about what premium features are available. How can I find that out?,upgrade,79
"Is there a fee when switching from one plan to another, or is it free?",upgrade,70
What do I need to know about upgrading to a family plan?,upgrade,56
I'm interested in the trial for the next tier up. How do I access that?,upgrade,71
Can you explain the differences between my current plan and the Pro plan?,upgrade,73
"I'm ready to upgrade, but I have a few questions first about the premium features.",upgrade,82
How do I downgrade if I'm not satisfied with the features on my current plan?,upgrade,77
Is it easy to switch back to my old plan if I decide to downgrade?,upgrade,66
What happens to my existing data if I upgrade my plan?,upgrade,54
Can I add additional features to my current plan without fully upgrading?,upgrade,73
What are the perks of being on the top-tier plan versus my current one?,upgrade,71
I really want those extra features! How do I upgrade my subscription right now?,upgrade,79
Is there a limit to how many times I can switch plans in a year?,upgrade,64
How does billing work if I decide to upgrade in the middle of my billing cycle?,upgrade,79
I heard about the new features in the Pro plan. Can I upgrade today?,upgrade,68
I'm not sure if I need the Enterprise plan. Can you help me compare it to my current plan?,upgrade,90
Can I upgrade my plan right now?,upgrade,32
I'm thinking about moving to the premium version. What benefits will I get?,upgrade,75
"Hey, is there a way to switch from my basic plan to something more advanced?",upgrade,76
I'd like to know what the difference is between the Standard and Pro plans.,upgrade,75
What’s the process for downgrading my current subscription?,upgrade,59
"Hi, I'm interested in the features included with the Business plan.",upgrade,67
Is it possible to change my subscription from yearly to monthly without penalties?,upgrade,82
Can you tell me how to upgrade my account?,upgrade,42
I want to explore the advanced features of the Enterprise plan. Can you help?,upgrade,77
What steps do I need to take to downgrade my subscription?,upgrade,58
I feel like I need more features. How do I upgrade?,upgrade,51
"If I upgrade my plan, will I lose any of the features I currently enjoy?",upgrade,72
I'm currently on the Basic plan. How do I switch to the Pro plan?,upgrade,65
Is there a discount when upgrading to the Business plan?,upgrade,56
I have some questions about the additional features available on the highest tier.,upgrade,82
What’s the easiest way to switch my subscription to the Pro plan?,upgrade,65
I’m not happy with my current plan. How can I downgrade it?,upgrade,59
Can I get a list of premium features before I decide to upgrade?,upgrade,64
I noticed that the Pro plan has more tools. How do I sign up for that?,upgrade,70
I want to move to the annual subscription. Are there any benefits for doing that?,upgrade,81
What happens to my data if I decide to downgrade my plan?,upgrade,57
I’m curious about the extra perks of the Enterprise plan. Can you fill me in?,upgrade,77
How long does it take to process an upgrade to my subscription?,upgrade,63
Can I switch back to my old plan if I don’t like the upgrade?,upgrade,61
What are the premium features that come with the upgrade?,upgrade,57
I want to change my payment plan. What are my options?,upgrade,54
I'd like to upgrade my subscription to the premium level. What do I need to do?,upgrade,79
Can you tell me how I can switch from the Basic plan to the Plus plan?,upgrade,70
I’m considering downgrading my account. Can you let me know how that works?,upgrade,75
What’s involved in moving up to the Business plan? I'm interested in the extra features.,upgrade,88
I’m finding that I need more from my account. How do I upgrade to the highest tier?,upgrade,83
Can you provide a quick rundown of what I get if I decide to switch to the Elite plan?,upgrade,86
I want to change my plan from monthly billing to a yearly plan. How can I do that?,upgrade,82
Is there a way to trial the premium features before I commit to upgrading?,upgrade,74
I’ve been thinking about downgrading my subscription. What’s the process?,upgrade,73
"Hey, I just want to upgrade my plan. Can you help me with that?",upgrade,63
Can I get a list of features included in the Enterprise plan? I might be interested in upgrading.,upgrade,97
I want to change my subscription type but I’m not sure how. Can you guide me?,upgrade,77
What are the steps to upgrade my plan? I want to make sure I don’t miss anything.,upgrade,81
I feel like I need the additional features of the Pro plan. Can you assist me with the upgrade?,upgrade,95
I’m curious about the benefits of moving to a higher tier. Can you tell me more?,upgrade,80
How can I downgrade my plan without losing any of my current data?,upgrade,66
Can you explain how the annual plan upgrade works? I'm considering it.,upgrade,70
What’s the quickest way to get upgraded to the premium features I’ve heard about?,upgrade,81
I want to switch plans but I'm not sure which one is best for me. Can you help?,upgrade,79
I just want to upgrade to the next level. Is it a straightforward process?,upgrade,74
Can I arrange for a plan downgrade effective immediately? What are the implications?,upgrade,84
What happens to my current features if I decide to upgrade my subscription?,upgrade,75
I heard the Business plan has some awesome perks. Can you share what they are?,upgrade,78
I'm frustrated! I’d like to upgrade but can't find the right section to do it on your site.,upgrade,91
Could you assist me in switching my plan? I'm thinking of going for the higher one.,upgrade,83
How do I make sure I get all the premium features when I upgrade my plan?,upgrade,73
Is there a way to upgrade to the Premium plan right now?,upgrade,56
I’m thinking about moving to the annual subscription. Can you walk me through it?,upgrade,81
What are the extra features I'll get if I choose the Business plan?,upgrade,67
Can I switch from the Basic plan to the Pro plan without any hassle?,upgrade,68
I want to downgrade my subscription. What steps do I need to take?,upgrade,66
Could you tell me about the differences between the Standard and Pro plans?,upgrade,75
I heard about some new premium features. How can I upgrade to access those?,upgrade,75
Can I get a list of features available in the upgraded subscription?,upgrade,68
I’d like to change my billing from monthly to yearly. Is that possible?,upgrade,71
What happens to my current plan if I upgrade? Will I lose anything?,upgrade,67
I'm interested in the Enterprise plan but need to know if it's worth it. Can you help?,upgrade,86
Is it easy to downgrade my subscription if I decide to?,upgrade,55
How do I go about adding premium features to my existing plan?,upgrade,62
I want to switch plans but I'm not sure which one to choose. Any advice?,upgrade,72
"Can I upgrade right now, or do I need to wait until my billing cycle ends?",upgrade,74
Are there any promotions for upgrading to a higher tier?,upgrade,56
What's the process for downgrading? Will I lose any saved data?,upgrade,63
I’m on a trial version right now. How can I upgrade to a full plan?,upgrade,67
I want to explore the premium features before committing. How do I do that?,upgrade,75
Can you guide me on how to switch from my current plan to an upgraded one?,upgrade,74
"If I downgrade, how will my features change?",upgrade,44
I feel like I need the extra features of the Pro plan; how can I upgrade quickly?,upgrade,81
Are there any hidden fees if I switch my subscription type?,upgrade,59
Can I move to the Business plan from my current subscription?,upgrade,61
I'm interested in the premium features—can you tell me how to upgrade?,upgrade,70
What steps do I need to take to switch to the annual subscription?,upgrade,66
I would like to downgrade my account. How can I do that?,upgrade,56
Is there a way to try out the premium features before I upgrade?,upgrade,64
"I want to upgrade my plan, but I'm not sure what the process is.",upgrade,64
Can you help me with switching to a higher tier plan?,upgrade,53
I'm thinking about moving to the Enterprise plan. What do I need to know?,upgrade,73
"I'd like to downgrade, but I don't want to lose my current features. Is that possible?",upgrade,86
How can I find out more about the extra features available in the Pro plan?,upgrade,75
I need assistance upgrading my account. Where do I start?,upgrade,57
I heard the Business plan has some great features. How do I switch?,upgrade,67
Is it possible to change my subscription from monthly to yearly without any hassle?,upgrade,83
I want to upgrade but I'm worried about the costs. Can you clarify?,upgrade,67
Could you let me know how to access premium features once I upgrade?,upgrade,68
I really want to try the new features in the Enterprise plan. What's the upgrade process?,upgrade,89
Can I downgrade my subscription mid-billing cycle? How does that work?,upgrade,70
I’ve been thinking about moving to the higher tier. What are the options?,upgrade,73
Are there any promotions available if I decide to upgrade?,upgrade,58
I'm confused about the upgrade options. Can you help me understand them?,upgrade,72
Can you tell me what premium features are included in the Pro plan?,upgrade,67
I want to switch back to a previous plan. Is that allowed?,upgrade,58
How do I go about upgrading to the top level plan?,upgrade,50
I'm thinking about upgrading to the Business subscription. What benefits do I get?,upgrade,82
Is it possible to downgrade my subscription without losing any data?,upgrade,68
I need to change my plan to the annual one. What's the process for that?,upgrade,72
What are the additional features if I upgrade to the Ultimate package?,upgrade,70
I'm interested in moving from the Basic to the Plus plan. Can you help me with that?,upgrade,84
"Can I upgrade my account right now, or do I need to wait until my billing cycle ends?",upgrade,85
I feel like the Basic plan isn't enough for me. How do I step up my subscription?,upgrade,81
I want to switch from the monthly plan to the yearly plan. Can you guide me?,upgrade,76
I'm really frustrated with my current plan. How can I upgrade to something better?,upgrade,82
What premium features are in the next subscription level?,upgrade,57
I just want to know if I can switch my plan directly from the app.,upgrade,66
Could you explain the difference between the Standard and Premium plans?,upgrade,72
"I’m considering an upgrade, but I need to know if there’s a trial period first.",upgrade,79
Is there a way to upgrade my plan without any downtime?,upgrade,55
Are there any costs associated with downgrading my subscription?,upgrade,64
"If I upgrade now, will my billing cycle change?",upgrade,47
Can I get a list of all the features included in the upgraded plan?,upgrade,67
What’s the easiest way to switch from my current plan to a higher tier?,upgrade,71
I don’t understand why I can’t downgrade my plan directly in my account settings.,upgrade,81
Can you confirm if my data will remain intact after I switch plans?,upgrade,67
I saw there’s a limited-time offer for the Premium upgrade. How can I access that?,upgrade,82
What’s the customer support like for the higher-tier plans? Is it worth upgrading?,upgrade,82
I want to downgrade my account but still keep access to my old features. Is that possible?,upgrade,90
Can you tell me how to move to the Premium plan?,upgrade,48
I’ve been considering upgrading to the Business tier. What are the key features?,upgrade,80
Is it possible to switch my subscription to a yearly plan instead of monthly?,upgrade,77
I’d like to downgrade my account. What steps do I need to follow?,upgrade,65
What does the Pro plan offer that my current plan doesn’t?,upgrade,58
I want to know how to upgrade my subscription without losing any of my data.,upgrade,76
"Can I easily switch between plans, or is it a complicated process?",upgrade,66
What does the Enterprise plan include? I’m thinking about making the jump from Standard.,upgrade,88
I’m not happy with my current plan; can someone help me downgrade?,upgrade,66
I’m curious about the additional benefits of the Premium subscription. Can you elaborate?,upgrade,89
Is there an upgrade fee when I switch plans?,upgrade,44
I'm thinking of moving to the annual plan; how can I do that?,upgrade,61
Can you help me understand the differences between my current plan and the Pro plan?,upgrade,84
"I’m ready to upgrade, but I’m not sure how to get started.",upgrade,58
"Hey, I want to switch from the Basic plan to the Pro. What’s the process?",upgrade,73
I’m not quite satisfied with my subscription. What are my options for downgrading?,upgrade,82
Can you clarify the features available in the higher-tier plans?,upgrade,64
How do I ensure a smooth transition when I upgrade my plan?,upgrade,59
I want to know if there are any limitations when switching plans mid-cycle.,upgrade,75
What additional features do I unlock if I upgrade to the Premium level?,upgrade,71
I feel like I need more from my subscription; how do I upgrade effectively?,upgrade,75
What’s the best way to upgrade my plan if I am currently on a free trial?,upgrade,73
Can I downgrade my subscription without losing access to my past data?,upgrade,70
I’m frustrated with the limitations of my current plan; how can I upgrade?,upgrade,74
Could you walk me through the upgrade options available for my account?,upgrade,71
Can you guide me on upgrading to the Business plan?,upgrade,51
I'm looking to switch from the Basic subscription to the Premium one. How do I do that?,upgrade,87
What are the differences between the Starter and Professional packages?,upgrade,71
"I want to upgrade my plan, but I don't see the option in my account. Help!",upgrade,74
Can I get a detailed comparison of the plans available? I want to make the right choice.,upgrade,88
Is it possible to upgrade right now? I'm really interested in those extra features.,upgrade,83
I'd like to switch my current plan to annual billing. What steps do I need to take?,upgrade,83
Can someone explain what awesome features come with the Ultimate package?,upgrade,73
I'm considering downgrading my subscription—what will I lose?,upgrade,61
How do I move from a single-user plan to a multi-user plan?,upgrade,59
Is there any penalty if I decide to downgrade my subscription?,upgrade,62
I need to upgrade my account ASAP. Who do I contact?,upgrade,52
Can you tell me how I can access premium features? Is an upgrade required?,upgrade,74
Is there a trial for the higher-tier plans before I commit to an upgrade?,upgrade,73
"If I upgrade now, will I still be charged for the next billing cycle?",upgrade,69
Is it easy to switch from a monthly to a yearly subscription?,upgrade,61
Can you clarify what additional services are included in the Pro plan?,upgrade,70
"I want to downgrade, but I don't like how I’ll lose support. Can I keep it?",upgrade,75
How long does the upgrade process usually take?,upgrade,47
"Hey, I heard about some special features in the Enterprise plan. Can you tell me more?",upgrade,86
What happens to my current plan if I decide to switch?,upgrade,54
Can you help me with the upgrade process? I’m a bit confused.,upgrade,61
I just want to confirm that I can upgrade anytime during my subscription term.,upgrade,78
I'm really frustrated with my current plan. How can I upgrade without any hassle?,upgrade,81
Can you help me understand how to switch to the Premium subscription?,upgrade,69
I'm considering upgrading my plan. What are the benefits of the Business package?,upgrade,81
Is there any way to downgrade my current plan? I don't need all the features right now.,upgrade,87
I'd really like to know what extra features I get if I upgrade to the Ultimate plan.,upgrade,84
Can you walk me through the process of changing my subscription to a yearly plan?,upgrade,81
"Hey, I'm ready to move to a higher tier. How do I do that?",upgrade,58
I’m a bit confused about which plan would suit me best. Can you explain the difference between Basic and Plus?,upgrade,110
What steps do I need to take to change my current plan to annual billing?,upgrade,73
Could you clarify what features come with the Enterprise level? I'm thinking of upgrading.,upgrade,90
I'm not using all the features of my current plan. How can I downgrade?,upgrade,71
"Hi, I'd like to go for the Pro plan. Can you guide me on how to upgrade?",upgrade,72
I'm a bit frustrated with my current subscription. How do I switch to a plan that better fits my needs?,upgrade,103
What’s the best way to upgrade my account? I want to access those premium features!,upgrade,83
"Can I switch my subscription type easily, or is it complicated?",upgrade,63
I want to know how to make my plan monthly instead of annually. Can you assist?,upgrade,79
I'm thinking about upgrading but would like to know about the trial period for the new features.,upgrade,96
Could you send me info on how to change my plan? I'm interested in the higher tier options.,upgrade,91
"If I upgrade to the family plan, how many members can I add?",upgrade,60
How long does it take to process an upgrade? I need those features ASAP!,upgrade,72
I heard great things about the Plus plan. What do I need to do to upgrade?,upgrade,74
Is it possible to downgrade my plan without losing my current data?,upgrade,67
I want to explore premium features. Can you tell me how to upgrade my account?,upgrade,78
Can you give me a breakdown of what’s included in the upgrade to the Business plan?,upgrade,83
I’m ready to upgrade but need to ensure I won’t be charged twice during the transition.,upgrade,87
Is there a limit on how often I can switch my subscription plan?,upgrade,64
Can you help me switch to the premium plan? I want access to all the extra features.,upgrade,84
I'm thinking about upgrading my subscription. What are the benefits of the higher tiers?,upgrade,88
Is there a way to downgrade my plan without losing any of my data?,upgrade,66
I’m interested in the annual plan. What’s the process for upgrading?,upgrade,68
What extra features do I get if I upgrade to the Pro plan?,upgrade,58
I’ve been considering moving from my current plan to a more advanced one. What do you recommend?,upgrade,96
Can I upgrade my existing subscription today? It looks like there are some new features!,upgrade,88
I want to change my plan to the Enterprise level. What do I need to do?,upgrade,71
Could you provide details on how I can downgrade my account? I’ve realized I don’t need as many features.,upgrade,105
What’s the difference in features between the Standard and Premium plans?,upgrade,73
I’m really frustrated with my current plan. How can I upgrade to something that better suits my needs?,upgrade,102
I’m looking to switch from monthly to a yearly plan for better savings. How do I go about it?,upgrade,93
Will I lose any features if I decide to downgrade my plan?,upgrade,58
I just want to know what’s included in the premium features before I make any changes.,upgrade,86
Is there a trial period available if I upgrade my subscription?,upgrade,63
"I’m ready to upgrade, but I’m not sure which plan is the best fit for me. Can you guide me?",upgrade,91
Can I switch to a family plan? What are the steps to do that?,upgrade,61
I’d like to know if I can upgrade my account mid-billing cycle. What’s the policy on that?,upgrade,90
What happens to my current data if I downgrade my subscription?,upgrade,63
I love the service but feel I need a better plan. Can you walk me through the options?,upgrade,86
Are there any promotions if I decide to upgrade my plan this month?,upgrade,67
"I want to switch to the Enterprise plan, but I have some questions about the features first.",upgrade,92
Can you tell me if there’s a way to customize my plan when I upgrade?,upgrade,69
"I’m interested in upgrading, but I want to know if I can easily change back if I don’t like it.",upgrade,95
I'm thinking about upgrading my account to include more features. What’s the process?,upgrade,85
Is it possible to switch from the Basic plan to the Plus plan?,upgrade,62
Do I lose any data if I decide to downgrade my subscription?,upgrade,60
I’m really interested in the additional tools available in the Pro version. How do I get access to that?,upgrade,104
How can I change my plan from a monthly subscription to a yearly one?,upgrade,69
"I want to upgrade my account, but I need to know what the new features are first.",upgrade,81
Can I still downgrade if I’ve already paid for the month?,upgrade,57
What do I need to do to upgrade to the Elite package?,upgrade,53
I keep hearing about the cool features in the Business plan. How do I switch to that?,upgrade,85
Is there an easy way to transition from my current plan to something more comprehensive?,upgrade,88
I want to get the ultimate experience. How do I move to the highest tier?,upgrade,73
"If I downgrade, will I still have access to my previous data?",upgrade,61
Can you help me understand the benefits of going from Standard to Premium?,upgrade,74
I’m fed up with my current plan. What’s the best way to upgrade?,upgrade,64
I'd like to explore my options for switching to a different subscription. What's the first step?,upgrade,96
Are there any fees involved in upgrading to a higher plan?,upgrade,58
How do I start the process to switch from monthly to annual billing?,upgrade,68
What features can I unlock by upgrading my plan?,upgrade,48
I’m not happy with my current plan. How do I go about downgrading?,upgrade,66
"Can I upgrade my subscription through the app, or do I need to do it online?",upgrade,76
"I want to check out the premium features, what’s the best way to upgrade?",upgrade,73
Will I be charged immediately if I decide to upgrade my subscription today?,upgrade,75
What’s the difference between the Basic and the Pro plans? I'm considering making a switch.,upgrade,91
Can you tell me how to move from the Basic plan to Gold?,upgrade,56
I’m interested in upgrading my plan. What’s the process?,upgrade,56
Are there any additional features available if I switch to the Business plan?,upgrade,77
"I’d like to change my subscription to the annual plan, how do I do that?",upgrade,72
What happens to my current plan if I decide to upgrade?,upgrade,55
"I'd like to downgrade my subscription, but I’m not sure how. Can you help?",upgrade,74
What premium features do I get with the Pro plan?,upgrade,49
Is it easy to switch from my current plan to the Premium one?,upgrade,61
"Can I upgrade, or do I need to wait until my billing cycle ends?",upgrade,64
I feel like my plan isn’t meeting my needs; how do I upgrade?,upgrade,61
I'm considering downgrading my plan. Are there any risks I should know about?,upgrade,77
How can I find out about the differences between the Standard and Premium plans?,upgrade,80
What’s the best way to upgrade to an annual subscription?,upgrade,57
Could you explain what features I'd miss if I downgrade?,upgrade,56
"I want to switch plans, but I'm not sure what’s best for me. Can you advise?",upgrade,76
How do I access the additional features in the Enterprise plan?,upgrade,63
"I just want to confirm, is upgrading immediate?",upgrade,47
Can I switch to a different plan at any time during my subscription?,upgrade,68
What are the steps to upgrade my account smoothly?,upgrade,50
"If I upgrade now, will I be charged immediately or at my next billing cycle?",upgrade,76
Could you help me compare the features of the Standard vs. Pro plan?,upgrade,68
"I need to downgrade my account, but I don’t want to lose anything important.",upgrade,76
What kind of support do I get with each subscription tier?,upgrade,58
I’m thinking about upgrading again; how many times can I change plans?,upgrade,70
Can you remind me what benefits I’d get with the higher-tier plan?,upgrade,66
I’m interested in upgrading my current subscription. What’s the process?,upgrade,72
Is it possible to switch my plan to the annual option?,upgrade,54
I’d like to explore the features of the Business plan; can you help me with that?,upgrade,81
How can I change my plan from Basic to Pro? Do I need to do anything special?,upgrade,77
I'm thinking about downgrading my subscription. What features will I lose?,upgrade,74
What do I need to do to upgrade my account to the Ultimate package?,upgrade,67
I want to switch from my current plan to a more comprehensive one. What are my options?,upgrade,87
Could you explain the differences between the different subscription levels?,upgrade,76
I'm really frustrated with my current plan and want to upgrade. What are my choices?,upgrade,84
I would like to know if I can upgrade my plan without losing my saved data.,upgrade,75
What extra features will I get if I switch to the Premium plan?,upgrade,63
Can you help me figure out how to downgrade my subscription easily?,upgrade,67
What’s included in the Enterprise plan? I’m considering an upgrade.,upgrade,67
I’m ready to switch to a yearly plan. How do I do that?,upgrade,55
Can you provide more details on the features of the Professional plan?,upgrade,70
I’m not satisfied with my current plan. What’s the process for upgrading?,upgrade,73
I heard there are new features in the Enterprise plan. Can you share more?,upgrade,74
"If I want to downgrade, are there any penalties or fees?",upgrade,56
I just want to confirm how to upgrade from my current subscription level.,upgrade,73
What’s the quickest way to upgrade to the highest tier plan?,upgrade,60
I'm curious if upgrading my plan will also change my billing cycle.,upgrade,67
Can I temporarily switch to a different plan and then go back if I want?,upgrade,72
I need to know if there are any special offers for upgrading my subscription right now.,upgrade,87
"I’m considering the Family plan, can you tell me what benefits it offers?",upgrade,73
Can you help me move to the premium tier? I'm interested in those extra features.,upgrade,81
I heard the Pro plan has some cool perks. How can I sign up for that?,upgrade,69
What do I need to do to switch from my current subscription to the annual plan?,upgrade,79
I’m considering downgrading my subscription. How does that work?,upgrade,64
I want to upgrade to the Business plan but I'm not sure how to start the process. Can you guide me?,upgrade,99
Is there a way to test the premium features before I commit to an upgrade?,upgrade,74
I’m really unhappy with my current plan. Can you tell me how to downgrade it?,upgrade,77
Can you give me a rundown of what I get if I switch to the VIP subscription?,upgrade,76
I want to change my plan but I don't want to lose my current features. How do I go about it?,upgrade,92
What's the process for upgrading my account? I want to make sure I do it right.,upgrade,79
How do I access the additional features that come with the higher subscription?,upgrade,79
I’ve been on the basic plan for a while. What are my options for upgrading?,upgrade,75
Can I downgrade without any penalties? I’m trying to cut back on costs.,upgrade,71
What’s included in the Pro plan? I'm curious before making an upgrade.,upgrade,70
How do I switch from a monthly to an annual subscription? Is it easy?,upgrade,69
I’m thinking about moving to a different plan. What do I need to know?,upgrade,70
I want to upgrade but I’m not sure if I need the full premium features. Can you help?,upgrade,85
Is there a trial period for the higher-tier plans? I want to see if they fit my needs.,upgrade,86
What steps do I take to change my subscription level?,upgrade,53
I’m a little frustrated with my current plan. How can I easily switch to a better one?,upgrade,86
Could you explain the different plans and help me figure out which upgrade is best for me?,upgrade,90
"I'm ready to upgrade, but I’m not clear on the billing cycle for the new plan.",upgrade,78
I have some questions about downgrading. Will I lose access to any data?,upgrade,72
What happens to my current features if I choose to upgrade?,upgrade,59
I want to make sure I'm making the right choice before upgrading. Can I get some insights?,upgrade,90
Can you help me with upgrading my account to the Gold tier?,upgrade,59
I'm interested in the premium features of the Business plan. How do I sign up?,upgrade,78
Is there a way to switch my plan to a yearly subscription directly from my account settings?,upgrade,92
I heard about the benefits of the Pro plan. Could you tell me what they are?,upgrade,76
I'm currently on the Basic plan and I'd like to know how much it costs to upgrade to Premium.,upgrade,93
"I want to downgrade my subscription, but I'm not sure how to do it. Can you guide me?",upgrade,85
How can I change my plan from monthly to yearly without losing my current features?,upgrade,83
"I love your service, but I want to explore the Enterprise options. How can I upgrade?",upgrade,85
I want to switch to the Family plan. What's the process for that?,upgrade,65
Can you tell me what happens to my data if I downgrade my plan?,upgrade,63
Is it possible to trial the Pro features before I commit to an upgrade?,upgrade,71
What’s the difference between the Standard and Premium plans? I’m considering an upgrade.,upgrade,89
"I tried to upgrade my plan, but I ran into some issues. Can you help?",upgrade,69
"I want to switch to a higher plan, but I’m worried about the price. Can you advise?",upgrade,83
"Do I have to cancel my current subscription to upgrade, or is there a seamless way to do it?",upgrade,92
I’m thinking about downgrading my plan. Will I lose access to any important features?,upgrade,85
How do I know if the Plus plan is the right fit for me before upgrading?,upgrade,72
Can I upgrade to the Premium plan for just one month?,upgrade,53
I'm frustrated with my current plan and want to switch to something better. What are my options?,upgrade,96
"If I upgrade now, will I get charged immediately or at the end of my billing cycle?",upgrade,83
"I heard great things about Premium, but I need more information before I decide to upgrade.",upgrade,91
What's the easiest way for me to switch plans? I don’t want to miss a month of service.,upgrade,87
Could you tell me about any ongoing promotions for upgrading to the Pro plan?,upgrade,77
I want to move from the Free plan to the Plus plan. What steps do I need to take?,upgrade,81
I’m not satisfied with my current plan. How do I downgrade to a different one?,upgrade,78
I’m considering moving to the annual subscription. How do I do that?,upgrade,68
I need to switch from my current plan to something that offers more features. What are my options?,upgrade,98
What are the benefits of upgrading to your Premium plan?,upgrade,56
Is it possible to downgrade without losing my data?,upgrade,51
I heard about a new plan tier. Can you tell me how to upgrade?,upgrade,62
I want to add more features to my account. How can I upgrade?,upgrade,61
How do I change from a basic plan to a Pro plan?,upgrade,48
I’m not happy with my current subscription. How can I downgrade?,upgrade,64
What’s the process for switching to a higher tier subscription?,upgrade,63
Can you provide details on the features available in the upgraded plans?,upgrade,72
I’ve been thinking about the Enterprise upgrade. Can you tell me more?,upgrade,70
I found some premium features that I need. How can I access them?,upgrade,65
I want to switch to an annual plan for better savings. What do I need to do?,upgrade,76
Can I change my plan mid-cycle without penalties?,upgrade,49
I’m interested in a plan that accommodates more users. What do you recommend?,upgrade,77
How long does it take to process an upgrade request?,upgrade,52
Is there a trial period for the upgraded features?,upgrade,50
Can I downgrade my plan and still keep some premium features?,upgrade,61
I want to make an immediate upgrade. What steps should I follow?,upgrade,64
What are the terms if I decide to switch to a higher plan?,upgrade,58
Is there a fee for switching my subscription level?,upgrade,51
I’m curious about the additional features in the Premium package. Can you explain?,upgrade,82
I just want to make sure I’m not locked in before downgrading. Can you clarify?,upgrade,79
Can you help me with upgrading my subscription? I’m looking at the Premium plan.,upgrade,80
I’m considering moving from Basic to Plus. What are the steps?,upgrade,62
Is there a way to switch my monthly plan to an annual one without losing any features?,upgrade,86
How do I go about downgrading my account? I need to save some money.,upgrade,68
What’s included in the Business plan compared to my current plan?,upgrade,65
I’ve heard great things about your Pro plan. What can I do to upgrade?,upgrade,70
Can I upgrade to a higher plan while still in the middle of my billing cycle?,upgrade,77
"I’m not sure if I want to downgrade yet, but what can you tell me about the features of the lower tier?",upgrade,103
"If I switch to the annual plan now, do I get any discounts?",upgrade,59
"I’d like to move to the Enterprise plan, but I have some questions about its features.",upgrade,86
Frustrating that there’s no easy way to upgrade without chatting with someone. What’s the process?,upgrade,98
I only need a few premium features. Is it possible to cherry-pick or do I have to upgrade the whole plan?,upgrade,105
What’s the easiest way to transition from my current plan to a higher one?,upgrade,74
Can I try the premium features before fully committing to an upgrade?,upgrade,69
I’m interested in the trial of the Pro plan. Can you explain how that works?,upgrade,76
I want to downgrade but make sure that I don’t lose any important data. How should I proceed?,upgrade,93
I’ve been thinking about upgrading but I’d like to know more about what each plan offers first.,upgrade,95
I’m confused about which features come with each subscription. Can you help clarify before I upgrade?,upgrade,101
Is it a hassle to switch plans? I want to avoid downtime if possible.,upgrade,69
"Hey, I’m interested in the premium features. Can you tell me if I need to upgrade to get access?",upgrade,96
"Does upgrading my plan automatically give me access to all previous features, or are there exceptions?",upgrade,102
I wish there was a simpler way to manage my subscription settings. How can I upgrade without the runaround?,upgrade,107
I haven’t used the premium features yet. Can I downgrade again easily if I don’t want it after trying?,upgrade,102
Could you guide me on how to seamlessly upgrade from a trial to a full subscription?,upgrade,84
What’s the best option for someone looking to upgrade but on a tight budget?,upgrade,76
Can I upgrade to the Premium plan? What do I need to do?,upgrade,56
I'm thinking about moving up to the Pro version; can you tell me what's included?,upgrade,81
I’d like to switch my subscription from monthly to yearly. How do I go about that?,upgrade,82
What happens if I decide to downgrade my subscription? Will I lose any data?,upgrade,76
"Hey, I'm interested in the features of the Business plan. Can you give me some details?",upgrade,87
Is it possible to upgrade my account right now? I really want those extra features.,upgrade,83
"I want to change my plan, but I'm not sure how to do it. Can you help me?",upgrade,73
I heard there are new features in the Enterprise plan. Can you let me know what they are?,upgrade,89
How do I go back to a lower plan if I find I don’t need all these features?,upgrade,75
Can you explain the differences between the Basic and Plus plans?,upgrade,65
"I need to switch to a more advanced plan, but I'm a bit confused about the steps. Can you walk me through it?",upgrade,109
"I would like to upgrade, but I've also got some questions about billing. Can you assist me?",upgrade,91
I’m frustrated with my current plan and want to find out about upgrading. What’s the best option for me?,upgrade,104
What are the benefits of the upgraded plan compared to what I currently have?,upgrade,77
I want to move to a more comprehensive plan. Can you help me with that?,upgrade,71
Can I easily downgrade my account if I feel like I’m not using premium features?,upgrade,80
I heard about a promotional upgrade offer. How can I take advantage of that?,upgrade,76
I am really interested in the additional tools available in the higher-tier plan. Can you fill me in?,upgrade,101
What’s the process for switching my plan? I’d like to start using those premium features today!,upgrade,95
"I'm ready to jump to the annual plan for savings, but how do I make the switch?",upgrade,79
Could you tell me how my features will change if I upgrade?,upgrade,59
I'm looking into downgrading my current plan. What do I need to know?,upgrade,69
"Is there a trial period when I upgrade to a premium plan, or do I get charged immediately?",upgrade,90
What are the steps to move up to a higher plan if I decide to do so today?,upgrade,74
Can you help me upgrade my account to the Business plan?,upgrade,56
I'm really interested in the advanced features of your Premium plan. How do I get started?,upgrade,90
Is it possible to switch my subscription from quarterly to yearly without losing any features?,upgrade,94
What happens to my current plan if I decide to downgrade?,upgrade,57
I'd like to know how I can upgrade to the next tier. What steps do I need to follow?,upgrade,84
Are there additional features in the Family plan that I can't access in my current plan?,upgrade,88
Can I still access my data if I decide to downgrade my plan?,upgrade,60
I want to move from the Basic plan to Premium. Can you guide me through the process?,upgrade,84
"If I upgrade now, will my billing cycle change immediately or at the end of my current period?",upgrade,94
What are the benefits of upgrading to the Plus plan?,upgrade,52
I heard about some great features in the Pro plan. Can you tell me how to upgrade?,upgrade,82
How quick is the process to switch from my current plan to an upgraded one?,upgrade,75
I'm feeling a bit frustrated with my current plan. How can I upgrade to something that better fits my needs?,upgrade,108
I want to cancel my subscription if I can't find a plan that offers more features. Can you assist me with an upgrade?,upgrade,117
Can you explain how to downgrade my plan without any penalties?,upgrade,63
I'm curious about the differences between the Standard and Premium plans. Can you help me decide?,upgrade,97
"If I upgrade, will I get a prorated charge for the difference?",upgrade,62
"Can I change my plan mid-billing cycle, or do I need to wait until it renews?",upgrade,77
I love your service but need more features. Can I switch to a higher tier plan easily?,upgrade,86
What should I do if I find that the upgraded plan is not what I expected?,upgrade,73
Is there a way to trial the Premium features before committing to an upgrade?,upgrade,77
How can I switch back to my previous plan if I don't like the upgrade?,upgrade,70
What options do I have for upgrading if I want to keep my current billing cycle?,upgrade,80
Can I upgrade my solo plan to a team plan without losing my personal settings?,upgrade,78
I’m interested in upgrading my account. What are the steps?,upgrade,59
Can you tell me more about what’s included in the Premium plan?,upgrade,63
I'd like to switch to the annual plan instead of monthly. How do I do that?,upgrade,75
"Hey, I'm considering an upgrade. What extra features come with the VIP plan?",upgrade,76
Is it possible to switch from my current plan to the Business plan without losing any features?,upgrade,95
Can I add premium features to my existing plan?,upgrade,47
I’m thinking about upgrading to the highest tier. What’s the process?,upgrade,69
What’s the difference between the Basic and the Standard plans?,upgrade,63
"I want to downgrade, but I’m worried about losing access to certain features. Can you help?",upgrade,91
Quick question—how do I switch to a different plan?,upgrade,51
I feel like I need more features. How can I upgrade my plan?,upgrade,60
I’d like to know if there are any discounts when I upgrade to the Enterprise plan.,upgrade,82
Can you explain how to change my subscription from monthly to yearly?,upgrade,69
What's the best way to access premium features if I upgrade my plan?,upgrade,68
"I’d like to downgrade my plan, but I have some concerns about the features. Can you clarify?",upgrade,92
Can I try out premium features before committing to an upgrade?,upgrade,63
I’m frustrated with my current plan; how can I upgrade quickly?,upgrade,63
What’s included if I decide to upgrade to your Plus plan?,upgrade,57
How does the upgrade process work? Do I have to cancel my current subscription?,upgrade,79
"If I switch plans, will I keep my data?",upgrade,39
"I want to upgrade, but I'm not sure which plan suits me best. Can you help?",upgrade,75
How long does it take for the upgrade to take effect?,upgrade,53
Is there a way to trial the premium features before I upgrade?,upgrade,62
I’m ready to switch to the Pro plan. What do I need to know?,upgrade,60
Can you help me switch to the Premium plan?,upgrade,43
I'm considering upgrading my subscription. What are the additional benefits?,upgrade,76
Is there an easy way to move from my current plan to an annual plan?,upgrade,68
What’s the process to upgrade my account to the next tier?,upgrade,58
Could you tell me what features I’d get if I choose the Business plan?,upgrade,70
I want to switch my plan to a yearly subscription. How do I do that?,upgrade,68
I’m interested in the extra features available in the Pro plan. Can you share those with me?,upgrade,92
What steps do I need to follow to change my subscription level?,upgrade,63
I'm ready to upgrade my account. Is there a specific link I should use?,upgrade,71
Can you tell me if it's possible to downgrade my plan without losing my data?,upgrade,77
I heard about the new features in the Enterprise plan. Can you tell me more?,upgrade,76
I want to upgrade my plan but am confused about the pricing. Can you clarify that?,upgrade,82
How long will it take for my upgrade to take effect?,upgrade,52
Is there any penalty if I decide to downgrade my plan?,upgrade,54
What happens to my current features if I switch to a different plan?,upgrade,68
I’m trying to find out if I can upgrade my plan for just one month. Is that possible?,upgrade,85
Could you explain the differences between the Basic and Plus plans?,upgrade,67
"If I upgrade now, will I be billed immediately or at the next billing cycle?",upgrade,76
Can I switch my plan back if I don’t like the upgrade?,upgrade,54
What are the first steps if I want to go for the annual subscription?,upgrade,69
I'm looking to enhance my current plan. What do you suggest?,upgrade,60
Is there an option to try the upgraded plan before committing?,upgrade,62
Can you provide me with more details on the features included in the upgraded plans?,upgrade,84
I’ve been thinking about switching to an annual subscription. How does that work?,upgrade,81
What’s the process for downgrading my current plan?,upgrade,51
I’m really interested in the features that come with the Business plan. Can you tell me more?,upgrade,93
Is there a way to upgrade my account without losing my current settings?,upgrade,72
I want to switch from my current plan to the top-tier option. What should I do?,upgrade,79
How can I find out if upgrading my plan would benefit me?,upgrade,57
I’m considering downgrading my subscription; what’s the impact on my features?,upgrade,78
What happens to my data if I decide to upgrade?,upgrade,47
Can you walk me through the steps to get the Pro version?,upgrade,57
I heard about the additional features in the Enterprise plan. Can you explain them?,upgrade,83
Is there a trial period if I decide to upgrade to a higher plan?,upgrade,64
I’d like to pay annually instead of monthly—how do I make that switch?,upgrade,70
Can you give me a breakdown of what I’ll get if I move to the Premium plan?,upgrade,75
I’m not sure if I want to upgrade or stick with my free plan. What do you recommend?,upgrade,84
What’s the easiest way to change my subscription plan?,upgrade,54
I’m feeling overwhelmed with my current plan. Can I downgrade and still keep essential features?,upgrade,96
I want to know about any promotional offers for upgrading my subscription. Do you have any?,upgrade,91
"If I upgrade today, when will the new features be available to me?",upgrade,66
I want to switch to the highest tier right away. How do I do that?,upgrade,66
Can I downgrade my plan and still access some of the premium features?,upgrade,70
I need to upgrade for a project. Can you help me do that quickly?,upgrade,65
Will my billing change immediately if I decide to switch plans?,upgrade,63
Is there a limit to how many times I can upgrade or downgrade my account?,upgrade,73
What’s the best way to ensure I don’t lose any features when I downgrade?,upgrade,73
Can I upgrade my subscription to get access to all the premium features?,upgrade,72
I'm thinking about switching from the Basic plan to the Premium one. How do I go about that?,upgrade,92
Is there a way to get more storage by upgrading my current plan?,upgrade,64
What do I need to do to move up to the Business plan? I want those extra tools.,upgrade,79
I was wondering if I could easily downgrade my plan if I find I don't need the upgraded features later.,upgrade,103
"Hey, I'm on a monthly plan but I'm considering an annual one. What's the process for that?",upgrade,90
Can you explain the differences between the Standard and Premium plans? I want to make the best choice.,upgrade,103
I'm not happy with my current plan and I'd like to upgrade. What do I need to do?,upgrade,81
"Is it possible to switch plans mid-billing cycle, or do I need to wait until the next billing date?",upgrade,99
I heard there are some awesome features in the Enterprise plan. Can you tell me more about those?,upgrade,97
How do I initiate an upgrade? I’m not finding the option in my account settings.,upgrade,80
I just want to know if there are any additional fees when I upgrade my plan.,upgrade,76
I’m considering moving from a monthly to an annual plan to save some money. Can you help me?,upgrade,92
What happens to my current features if I decide to downgrade my subscription?,upgrade,77
Could you let me know what premium features I’d get if I upgraded to the Ultimate plan?,upgrade,87
I’m really frustrated with my current plan and want to upgrade immediately. Please guide me through it.,upgrade,103
"If I downgrade now, will I lose access to any important features I currently use?",upgrade,81
Can I try out the Pro features before I fully commit to upgrading my plan?,upgrade,74
What’s the best way to switch my plan without any service disruption?,upgrade,69
I’ve been thinking about upgrading for a while. What’s the easiest way to do it?,upgrade,80
Are there any promotions for upgrading to a higher plan right now?,upgrade,66
I’m interested in the team features of the Business plan. Can someone explain how they work?,upgrade,92
What’s the timeline for an upgrade? How quickly will the new features be activated?,upgrade,83
"If I switch to a higher plan, will my billing date change, or will it stay the same?",upgrade,84
Can you help me upgrade my subscription to the Premium level?,upgrade,61
I'm thinking about moving to the Business plan. What are the benefits?,upgrade,70
Is it possible to change my plan to annual billing?,upgrade,51
I want to switch to a higher plan that offers more features. How can I do that?,upgrade,79
Are there any additional perks if I upgrade to the higher tier?,upgrade,63
What happens to my existing plan if I decide to downgrade?,upgrade,58
I'm interested in the extra features that come with the Pro plan; can you tell me more?,upgrade,87
Can I upgrade my current plan without losing any of my saved settings?,upgrade,70
I'm not sure if I should go for the annual plan or just stick with monthly. What do you recommend?,upgrade,98
"If I downgrade, will I still have access to my previous documents?",upgrade,66
I'd like to know how to switch my account to the upgraded service.,upgrade,66
What is the process for changing my subscription to the top-tier service?,upgrade,73
Could you explain the differences between the plans? I might want to upgrade.,upgrade,77
"If I decide to upgrade today, will I be charged immediately or at the next billing cycle?",upgrade,89
I'm feeling a bit overwhelmed by the options; can you guide me on what plan to choose for my needs?,upgrade,99
Is there a trial period for the upgraded plans?,upgrade,47
How do I downgrade my plan without disrupting my current services?,upgrade,66
I heard there's a new plan with additional features; how do I get that?,upgrade,71
I want to upgrade but I'm not sure if I should go straight to the highest plan. Any advice?,upgrade,91
"Can I easily upgrade my plan through the app, or do I need to call support?",upgrade,75
Are there any discounts available if I upgrade to a yearly plan?,upgrade,64
I'm curious about the Enterprise features—can you send me a list of what’s included?,upgrade,84
"I’ve been thinking about downgrading, but I want to be sure what I’ll miss out on.",upgrade,82
How can I see a comparison of the different subscription plans?,upgrade,63
"If I upgrade now, can I still revert to my old plan later easily?",upgrade,65
Can you help me upgrade my subscription to the Family plan?,upgrade,59
I'm considering moving up to the Premium plan. What extra features will I have access to?,upgrade,89
Is it possible to switch my current plan to an annual subscription?,upgrade,67
How do I go about downgrading my account to the Basic plan?,upgrade,59
"I want to upgrade my plan, but I’m not sure which one to choose. Can you help?",upgrade,78
I’d like to change my plan from Basic to Pro. What’s the process?,upgrade,65
Can I get more details on the benefits of the Business plan compared to what I have?,upgrade,84
I’m thinking about subscribing to the Premium version. What can you tell me?,upgrade,76
What steps do I need to follow to upgrade to the VIP plan?,upgrade,58
Could you tell me about the differences between the Standard and the Enterprise plans?,upgrade,86
Is there a way to temporarily downgrade my plan for a few months and then upgrade back?,upgrade,87
"I really love your service, and I want to switch to a higher plan for more features. How do I do that?",upgrade,102
What’s the easiest way to upgrade my subscription right now?,upgrade,60
I want to switch to the yearly plan to save some money. Can you assist me?,upgrade,74
Are there any special offers if I upgrade right now?,upgrade,52
"I'd like to downgrade my plan, but I'm worried I'll lose features. Can you reassure me?",upgrade,87
"Could I upgrade my plan effective immediately, or is there a waiting period?",upgrade,76
Can you clarify what I get with the Gold plan over my current plan?,upgrade,67
I'm frustrated with my current plan. How can I upgrade to get better service?,upgrade,77
Why should I consider upgrading to a higher tier? What’s in it for me?,upgrade,70
I feel like I need more features. Can I upgrade my plan easily online?,upgrade,70
What does the Premium subscription offer that the Basic one doesn't?,upgrade,68
I want to make a change to my account type. Is it simple to upgrade?,upgrade,68
"If I upgrade now, when will the new plan take effect?",upgrade,53
Can you help me upgrade to the next plan? I'm ready for more features!,upgrade,70
I'm looking to switch from my current plan to a premium option. What are my choices?,upgrade,84
What happens if I decide to downgrade my subscription?,upgrade,54
Is it possible to upgrade my account today? I really need those additional features!,upgrade,84
I’ve been considering the Pro plan. Can you tell me what extra benefits I would get?,upgrade,84
I want to switch my billing cycle from monthly to annually. How do I go about doing that?,upgrade,89
Could you walk me through the process of upgrading my plan? I'm not sure where to start.,upgrade,88
I'm frustrated with my current plan and would like to downgrade. What are the steps?,upgrade,84
What additional features come with the Business plan? I'm curious about upgrading.,upgrade,82
"If I upgrade to the premium plan, will I lose any of the features I currently have?",upgrade,83
"Hey, I'm thinking of going to an annual subscription. What’s the difference in cost?",upgrade,84
"I would like to switch to a family plan, can you assist me with that?",upgrade,69
How do I activate the premium features after I upgrade? I want to make the most of it!,upgrade,86
"I love your service, but I want to know what I’ll get if I upgrade to the top tier plan.",upgrade,88
Can I downgrade without losing my data? I have some concerns about that.,upgrade,72
I'm interested in the new features offered in the Enterprise plan. Could you share more?,upgrade,88
"If I go for the annual subscription, will I receive any discounts?",upgrade,66
I'm a bit overwhelmed with the plans. Can you suggest the best upgrade option for me?,upgrade,85
What’s the process like to switch from one plan to another mid-billing cycle?,upgrade,77
I'm ready to upgrade but need to know if I can revert back if it doesn't work out.,upgrade,82
I'm not satisfied with my current plan and want to explore my downgrade options. What do I need to know?,upgrade,104
Could you give me a quick rundown on how to switch to a premium plan?,upgrade,69
I've heard great things about the higher plans. What’s the best way to upgrade right now?,upgrade,89
I’m confused about my options for upgrading. Can someone clarify what plans are available?,upgrade,90
Are there any additional perks if I upgrade to the Pro plan?,upgrade,60
Can you tell me how to upgrade my account to the premium version?,upgrade,65
I'm considering moving to the annual subscription. What do I need to do?,upgrade,72
I think I need more features. How do I switch to the Business plan?,upgrade,67
Is there a way to downgrade my subscription without losing my data?,upgrade,67
I'd like to know what additional benefits I get with the Pro plan.,upgrade,66
How do I upgrade my trial account to the full version?,upgrade,54
Can someone help me figure out how to switch from monthly billing to annual?,upgrade,76
I'm unhappy with my current plan. What are my options to downgrade?,upgrade,67
What are the steps to upgrade to the Ultimate plan? I'm really interested!,upgrade,74
I heard great things about your premium features. How can I start using them?,upgrade,77
I want to move to the next tier. Can you guide me through the process?,upgrade,70
Could you explain the differences between the Basic and Pro plans?,upgrade,66
I’m really frustrated with my current plan – can I downgrade easily?,upgrade,68
"Hey, I want to explore the Enterprise features. Can you help?",upgrade,61
Please let me know how to make the switch to an annual plan.,upgrade,60
What are the perks I get when upgrading to the higher tier?,upgrade,59
I just want to know if I can easily downgrade without penalties.,upgrade,64
Can you assist me in upgrading my plan to access more storage?,upgrade,62
What premium options do I have if I decide to upgrade?,upgrade,54
"I want to change my subscription to the next level up, how do I do that?",upgrade,72
Can I switch my plan to include more team members? What are my options?,upgrade,71
I need more features for my team. Can you explain how to upgrade?,upgrade,65
How can I check if I'm eligible for a discount when I upgrade?,upgrade,62
I’m very interested in upgrading but have a few questions first.,upgrade,64
Can you help me with the details of downgrading my plan?,upgrade,56
I'm ready to upgrade. Just tell me the fastest way to do it.,upgrade,60
Can you help me upgrade my account to the premium version?,upgrade,58
I heard about the new features in the Business plan—how do I switch my subscription?,upgrade,84
"I’m really interested in downgrading my plan, what’s the process?",upgrade,65
What’s the difference between the Free and Plus plans? I’m thinking of upgrading.,upgrade,81
I’d like to switch to an annual subscription. How do I do that?,upgrade,63
I want to move from the Standard to the Pro plan. What's the first step?,upgrade,72
Why can’t I find an option to downgrade my subscription? It’s frustrating.,upgrade,74
Could you provide more info on what you get with the top-tier plan?,upgrade,67
"I’m ready to upgrade, but I need to know if there are any contracts involved.",upgrade,77
I’m considering a downgrade because I don’t use all the features currently—what do I need to do?,upgrade,96
What's the upgrade process like? I want to make sure I don’t lose my data.,upgrade,74
"If I switch to the annual plan now, will I still get the same features?",upgrade,71
Can I upgrade my plan in the middle of a billing cycle? Just checking!,upgrade,70
I’m really confused about the different plans. Can you break down what the Pro plan offers?,upgrade,91
I want to know if I can switch back to my old plan after upgrading—what should I know?,upgrade,86
How do I add more users to my current plan? Is that an upgrade or a separate purchase?,upgrade,86
Are there any promotions available if I decide to upgrade my account?,upgrade,69
I’m unhappy with my current plan and would like to downgrade. Am I locked in for a period?,upgrade,90
I just found out about the Pro features. Can you explain how I can upgrade my plan?,upgrade,83
Is there a way to trial the premium features before I make a decision on upgrading?,upgrade,83
I want to make sure I keep my current features while I switch to a new plan. Can you help?,upgrade,90
Does the upgrade include any additional support options? I might need more help.,upgrade,80
"If I downgrade, will there be a loss of accessibility to certain features I enjoy now?",upgrade,86
Can you guide me through the steps to upgrade my account? I’m not very tech-savvy.,upgrade,82
"Before I upgrade, could you clarify if there are any hidden fees involved?",upgrade,74
Can you help me with the steps to upgrade my account?,upgrade,53
I'd like to know what the benefits are of switching to the Premium plan.,upgrade,72
Is it possible to go from the Starter plan to Business without losing any data?,upgrade,79
How do I move from a monthly subscription to a yearly one?,upgrade,58
What exactly do I need to do to get access to those advanced features?,upgrade,70
I’ve been thinking about upgrading to the Plus plan. What do I get with that?,upgrade,77
I’m currently on the Basic plan. Can you tell me how to upgrade?,upgrade,64
Looking to downgrade my subscription. What’s the process?,upgrade,57
I heard there are new features available in the Pro plan. Can you tell me more?,upgrade,79
"Can I switch my plan online, or do I have to call someone?",upgrade,58
I want to know if there's a way to upgrade my account without any downtime.,upgrade,75
What are the steps involved in moving from an individual to a team account?,upgrade,75
I’m frustrated with my current plan. How do I get to a better one?,upgrade,66
What’s included when I upgrade to the Enterprise plan?,upgrade,54
"If I downgrade, will I lose access to any important features?",upgrade,61
Could you clarify if I can upgrade at any time during my billing cycle?,upgrade,71
I’m interested in trying out the Premium features. Can I upgrade temporarily?,upgrade,77
I’m feeling overwhelmed trying to figure out how to upgrade my account. Help?,upgrade,77
Can you explain the differences between the plans so I can decide?,upgrade,66
What should I do if I want to switch from annual billing to monthly?,upgrade,68
I’m curious about the advanced tools in the Business plan. Can you fill me in?,upgrade,78
How can I find out if there are any promotions for upgrading my subscription?,upgrade,77
I want to make sure I keep my current features if I decide to switch to a different plan.,upgrade,89
Can you help me understand how the upgrade process works?,upgrade,57
I need to know if I can easily downgrade my subscription if I don't like the new plan.,upgrade,86
I'm thinking about moving to a higher tier subscription. What are my options?,upgrade,77
Is there a way to switch from the Basic plan to the Pro plan without losing my data?,upgrade,84
I’d like more features. How do I get the Business plan?,upgrade,55
What does the Gold plan include? I want to make sure it's worth the switch.,upgrade,75
I want to reduce my monthly bill. Can I downgrade my plan easily?,upgrade,65
Can you tell me how I can upgrade my current subscription to access the analytics features?,upgrade,91
I'm not happy with my current plan. How can I change it?,upgrade,56
What’s the process for switching to an annual plan? Will I save money?,upgrade,70
I heard there's an upgrade option with extra storage. How do I get that?,upgrade,72
I need to switch to a plan that suits my growing needs. What do you recommend?,upgrade,78
Can I downgrade my subscription without any penalties?,upgrade,54
I’m looking to add premium features to my account. What's the best way to do that?,upgrade,82
How do I move from monthly to a yearly subscription? Is it automatic?,upgrade,69
What should I do if I want to upgrade but don’t want to lose my old plan’s features?,upgrade,84
I want to try the Enterprise plan for a month. Is there a trial?,upgrade,64
Is there a limit on how many times I can switch my subscription plan?,upgrade,69
I'm feeling overwhelmed with the choices. Can I get some help upgrading?,upgrade,72
Could you walk me through the steps to change to a different subscription tier?,upgrade,79
I’m interested in the features of the Business plan. Can you tell me more?,upgrade,74
I want to make my account more robust with an upgrade. What’s the first step?,upgrade,77
"I just want to downgrade, not upgrade. How can I do that?",upgrade,57
Is it possible to reinstating my previous plan after an upgrade?,upgrade,64
I’ve heard mixed things about the upgrade process. Can you clarify?,upgrade,67
I think it’s time to upgrade my plan. Can someone assist me with that?,upgrade,70
I’m interested in upgrading my account. What’s the process like?,upgrade,64
Can you tell me what benefits come with the Premium subscription?,upgrade,65
I’d like to switch to the annual plan. How do I do that?,upgrade,56
Is there a way to temporarily downgrade my subscription for a few months?,upgrade,73
What additional features are included in the Business plan?,upgrade,59
"Hey, I want to upgrade but don’t want to lose my current data. Can I do that?",upgrade,77
I think I need more features; how can I get the Ultimate package?,upgrade,65
What’s the quickest way to upgrade my plan right now?,upgrade,53
I'm thinking about downgrading my plan. What does that involve?,upgrade,63
Are there any hidden fees if I switch to a higher plan?,upgrade,55
I’ve been considering the Enterprise option. Can you give me more details?,upgrade,74
Is it possible to upgrade my account during my billing cycle?,upgrade,61
I’m not sure if I should go for the Premium or Business plan. Help me decide!,upgrade,77
What happens to my current subscription if I decide to upgrade?,upgrade,63
"I tried upgrading online, but it didn’t go through. Can you assist?",upgrade,67
"Can I change my plan anytime, or is there a specific date for upgrades?",upgrade,71
"I need to remove some features and downgrade, what’s the easiest way?",upgrade,69
Do I get a discount if I switch to an annual plan?,upgrade,50
What are the requirements to upgrade to a higher tier?,upgrade,54
I want to add extra users to my plan. Is that considered an upgrade?,upgrade,68
"If I downgrade, how will that affect my access to features?",upgrade,59
What’s the best way to access premium features?,upgrade,47
Is there a trial for the upgraded plans?,upgrade,40
"Can I upgrade my plan directly from the app, or do I need to contact support?",upgrade,77
Is there a way to upgrade my account to the next tier?,upgrade,54
Can you help me understand what’s included if I switch to the Family plan?,upgrade,74
I’d like to move from the Basic to the Premium plan; how do I do that?,upgrade,70
What’s the process for downgrading my subscription if I find I don’t need all the features?,upgrade,91
"I’m considering an upgrade to the Business plan, but I want more details first.",upgrade,79
"Can I switch my plan mid-cycle, or do I have to wait until the billing date?",upgrade,76
"Hey, I saw that there are new premium features available. How can I access them?",upgrade,80
Is there a trial period for the higher subscription plans before I commit?,upgrade,74
I keep seeing ads for the Pro plan. What would I get if I upgraded?,upgrade,67
How do I switch from a monthly payment plan to an annual one without losing my data?,upgrade,84
I'm currently on the Standard plan and am curious about the additional perks of the Premium version.,upgrade,100
Can you send me a comparison of all the subscription plans? I want to see what the upgrades entail.,upgrade,99
Why can't I see the option to upgrade my plan in my account settings?,upgrade,69
I want to reduce my plan features for a while. What are my options for downgrading?,upgrade,83
"If I upgrade now, will I be charged a pro-rated amount for the remaining billing cycle?",upgrade,87
What do I need to do to add premium features to my existing plan?,upgrade,65
Could you let me know if there are any special promotions for upgrading right now?,upgrade,82
Are there any limitations I should know about before I switch to the higher tier?,upgrade,81
I’m thinking about upgrading to the top plan; do you offer a money-back guarantee?,upgrade,82
Can I downgrade my plan from Premium to Basic without losing my saved settings?,upgrade,79
How long does it take for my upgraded features to take effect after payment?,upgrade,76
I’d like to switch my subscription type. Who can I talk to for personalized assistance?,upgrade,87
What additional support do I get if I choose the Enterprise plan?,upgrade,65
I’m unhappy with my current plan and want to downgrade quickly. What’s the easiest way?,upgrade,87
What steps do I need to follow to switch to the Premium plan?,upgrade,61
I'm considering upgrading to the Business package. Could you tell me about the additional features?,upgrade,99
Is it possible to downgrade my subscription without losing any saved data?,upgrade,74
I'd like to know if I can easily upgrade anytime during my billing cycle?,upgrade,73
Can I change my plan from monthly to yearly? What benefits come with that?,upgrade,74
I'm not happy with my current plan. How do I go about downgrading it?,upgrade,69
What do I need to do to unlock the advanced features in the Pro version?,upgrade,72
Is there a way to trial the Enterprise features before committing to an upgrade?,upgrade,80
I’m curious about the benefits of switching to the Premium plan. Can you explain?,upgrade,81
How fast can I upgrade my account? I need those features ASAP!,upgrade,62
Can you provide more details about the differences between the Basic and Pro plans?,upgrade,83
"I want to go for the annual subscription, but how does the pricing compare to monthly?",upgrade,86
Could you let me know if there’s a fee associated with downgrading my plan?,upgrade,75
I feel like I’m missing out on some features. How can I upgrade to access them?,upgrade,79
"Can I upgrade my plan in the middle of my billing cycle, or do I have to wait?",upgrade,78
I'm thinking about upgrading to the Professional package. What should I know before I do?,upgrade,89
What’s involved in switching from the Starter plan to the Ultimate plan?,upgrade,72
Is there an option to downgrade my account during a promotional period?,upgrade,71
What premium features do I get if I upgrade to the Pro tier?,upgrade,60
"If I upgrade and decide to cancel later, will I get a refund for the upgrade?",upgrade,77
Can I switch my current plan to a family plan? What’s the process?,upgrade,66
I’m not satisfied with my plan. How do I downgrade without hassle?,upgrade,66
Are there any limitations when upgrading from Basic to Pro?,upgrade,59
I want to explore the premium features. Is there a demo available before I upgrade?,upgrade,83
Could you explain what happens to my features if I decide to downgrade my plan?,upgrade,79
Can you guide me on how to switch to the Premium plan?,upgrade,54
I'm interested in what benefits I get with the Gold tier. Can you help?,upgrade,71
Is there a way to change my subscription from monthly to yearly easily?,upgrade,71
I want to explore what features are available if I upgrade my account.,upgrade,70
Could you tell me the process for downgrading my current plan?,upgrade,62
I'm frustrated with my current plan and want to know the steps to upgrade.,upgrade,74
How do I go about upgrading my subscription? I'm not sure where to start.,upgrade,73
What additional perks come with the Executive plan compared to what I have now?,upgrade,79
Please let me know how to switch my plan to an annual subscription.,upgrade,67
I've heard about some premium features; could you share what's included with the upgrade?,upgrade,89
"Is it possible to downgrade my plan right now, and what will happen to my current features?",upgrade,91
I'm considering upgrading but need to know if I can keep my current settings.,upgrade,77
What's the best way to upgrade my plan without losing any data?,upgrade,63
Can I find a way to switch from the Basic plan to a Pro plan?,upgrade,61
I was told there are some awesome features in the Plus plan; can you tell me more?,upgrade,82
I want to move to a higher tier; can you explain how that works?,upgrade,64
Is there a trial period for the upgraded plans so I can test the features?,upgrade,74
I'm not happy with my current plan; how quickly can I upgrade?,upgrade,62
Are there any discounts for switching to a higher plan?,upgrade,55
I'm looking to change my subscription but need to know the consequences of downgrading.,upgrade,87
Please help me find out the differences between the plans before I upgrade.,upgrade,75
I’ve had enough of the limitations on my plan; how do I get to the next level?,upgrade,78
"Can I upgrade my account today, or do I have to wait until the billing cycle ends?",upgrade,82
What happens to my billing if I decide to switch to a different plan mid-cycle?,upgrade,79
Can you help me figure out how to upgrade my account to the premium version?,upgrade,76
I'm interested in what additional features are included with the Business plan. Can you provide some details?,upgrade,109
Is there a way to switch my subscription from a monthly to a yearly plan without losing my current benefits?,upgrade,108
I heard about some great features in the Pro plan. How can I upgrade to that?,upgrade,77
I'm thinking about downgrading to a basic plan. What do I need to do?,upgrade,69
What's the process for upgrading my subscription? I want to make sure I get everything I need.,upgrade,94
Can I move from my current plan to the highest tier? What steps do I need to take?,upgrade,82
I'm not satisfied with my current plan. How can I switch to a different one?,upgrade,76
Do you have any promotions for upgrading to the premium subscription right now?,upgrade,79
Can you let me know how to change my plan to get more storage options?,upgrade,70
I'm considering switching to the Enterprise plan. What benefits does it offer?,upgrade,78
How easy is it to change my plan if I decide I want to upgrade in the future?,upgrade,77
Is there a trial period for the higher-tier plans? I want to test it before committing.,upgrade,87
"Can I add premium features to my existing plan, or do I have to upgrade entirely?",upgrade,81
I'm really frustrated with my current plan's limitations. Help me upgrade to something better!,upgrade,94
What's the difference between the plans? I want to know before making an upgrade.,upgrade,81
I'd like to know how to downgrade without losing any data. Can you assist me?,upgrade,77
Can I get a summary of what I’ll miss if I downgrade my plan?,upgrade,61
"I thought upgrading was supposed to be straightforward, but I'm confused. Can you guide me?",upgrade,91
Is there any fee associated with changing my account from monthly to annual?,upgrade,76
Please tell me how I can activate the premium features on my account now.,upgrade,73
I want to quickly switch to a different plan. What’s the fastest way to do that?,upgrade,80
What’s the best way to find out about new features when I upgrade?,upgrade,66
Can you help me compare the plans to see which one suits my needs the best?,upgrade,75
Can you help me with upgrading my subscription?,upgrade,47
I'm interested in switching to the Business plan. What do I need to do?,upgrade,71
Can I move from my current plan to a higher tier without losing my data?,upgrade,72
I want to downgrade my current subscription. What’s the process?,upgrade,64
What are the benefits of the Premium plan compared to the Basic one?,upgrade,68
I'm thinking about upgrading to the Pro plan. Are there any ongoing promotions?,upgrade,79
How do I change my subscription from monthly to yearly?,upgrade,55
"If I upgrade, will I be charged immediately or at the next billing cycle?",upgrade,73
Could you explain the advanced features available with the Enterprise plan?,upgrade,75
I'm not satisfied with my current plan. How can I downgrade without penalty?,upgrade,76
Is it possible to upgrade my account during the trial period?,upgrade,61
I heard there are new features in the Premium plan. Can you tell me more?,upgrade,73
I feel like I'm missing out on features. How do I upgrade to get access to them?,upgrade,80
I want to switch from Pro to Premium. Can I do that easily?,upgrade,59
What happens to my existing data if I decide to downgrade?,upgrade,58
Can you guide me through the upgrade process step by step?,upgrade,58
I'm a bit frustrated with my current plan. How can I switch to something better?,upgrade,80
"I really enjoy your service, but I think I need more features. How do I upgrade?",upgrade,80
"I just want to confirm, can I downgrade anytime without losing my subscription benefits?",upgrade,88
Are there any additional charges if I upgrade my plan in the middle of the billing cycle?,upgrade,89
I’m looking to switch my plan to access more tools. What’s the best way?,upgrade,72
Do you have any recommendations on which plan would suit my needs better?,upgrade,73
What's the difference between the monthly and annual pricing for an upgrade?,upgrade,76
How soon can I start using the new features after upgrading my plan?,upgrade,68
I'd like to know how to upgrade my current plan to the premium version.,upgrade,71
Can anyone tell me the benefits of switching to the VIP plan?,upgrade,61
Is there a way to change my subscription from quarterly to yearly?,upgrade,66
What additional features will I get if I upgrade to the Business plan?,upgrade,70
I want to move to a higher tier plan. What’s the process for that?,upgrade,66
"Hey, can I get more details on the differences between the Starter and Pro plans?",upgrade,81
I'm really frustrated with my current plan and want to upgrade immediately. How do I proceed?,upgrade,93
Is there an easy way to switch my subscription without losing access?,upgrade,69
"I’m interested in moving to the Enterprise plan, but I’d like to know more about the features first.",upgrade,100
How do I go about switching from my current plan to a different one?,upgrade,68
"If I downgrade, will I lose any data or features I've been using?",upgrade,65
I want to upgrade but I'm not sure if it’s worth it. Can you help me decide?,upgrade,76
I need to change my payment schedule. How can I switch from monthly to annual?,upgrade,78
What do I need to do to upgrade my account? I don’t see an option anywhere.,upgrade,75
How can I learn about the premium features before I make an upgrade?,upgrade,68
I’m thinking of downgrading because I don’t use all the features. Can I get a refund for the unused time?,upgrade,105
"I want to upgrade my plan, but I’m not sure if it’s worth the extra cost.",upgrade,73
I have questions about premium features before I decide to upgrade. Can someone assist?,upgrade,87
Can I switch to a higher plan mid-billing cycle?,upgrade,48
What should I expect after I upgrade to the next plan?,upgrade,54
I'm really interested in the extra features of the Pro plan. How do I get started?,upgrade,82
Is there any way to switch my plan from monthly to yearly without any hassle?,upgrade,77
I’d like to know what perks come with the Premium membership. Can you provide details?,upgrade,86
Can I upgrade to the Business plan from my current plan today?,upgrade,62
I'm looking to switch to an annual plan. Are there any discounts available?,upgrade,75
Can you tell me how I can access the advanced features on the Elite plan?,upgrade,73
"I want to downgrade my plan, but I’m worried about losing my data. What do I do?",upgrade,80
What happens to my current features if I decide to upgrade?,upgrade,59
I feel like I'm not using all the benefits of my current plan. How can I upgrade to a plan that fits my needs better?,upgrade,117
Can I easily switch between the different subscription tiers?,upgrade,61
I heard about the new features in your Premium plan. How can I upgrade to it?,upgrade,77
Is it possible to get a trial of the upgraded plan before committing?,upgrade,69
I want to know if I can downgrade without any penalties.,upgrade,56
Are there any hidden fees when I upgrade my subscription?,upgrade,57
Can you explain what changes I can expect if I switch to the Enterprise plan?,upgrade,77
How long does the process take to upgrade my current subscription?,upgrade,66
I'm not sure which plan suits me better. Can I get some advice on upgrading?,upgrade,76
I would like to check if I can switch my plan mid-cycle. What are my options?,upgrade,77
What does the upgrade process look like? Is it straightforward?,upgrade,63
Can I revert back to my previous plan after an upgrade?,upgrade,55
"Just curious—if I upgrade, will I still have access to all my current features?",upgrade,79
I want to explore my options for downgrading without any service interruption. What should I do?,upgrade,96
I’m interested in the higher tier subscription. What’s included?,upgrade,64
What do I need to do to switch from my current plan to the Business option?,upgrade,75
Is there any way to downgrade my subscription without losing my saved data?,upgrade,75
I’ve heard great things about your Pro plan. How do I get started?,upgrade,66
Can I switch to a yearly plan? It seems like a better deal.,upgrade,59
I’m thinking about upgrading to the Family plan. What are the benefits?,upgrade,71
What do I need to know to upgrade my plan smoothly? Any tips?,upgrade,61
"If I upgrade, will I still have access to my current features?",upgrade,62
I’d like to know about the features exclusive to the Enterprise plan.,upgrade,69
How long does it take for an upgrade to take effect?,upgrade,52
Can I easily downgrade if I find I don’t need all the features?,upgrade,63
I want to switch my account to a higher plan. Can you help me with that?,upgrade,72
Are there any limitations if I decide to go down a subscription tier?,upgrade,69
Can you explain how the upgrade process works? It sounds confusing.,upgrade,67
I’m frustrated with my current plan and want to know my upgrade options.,upgrade,72
What happens to my current plan if I decide to upgrade now?,upgrade,59
I need more storage. What’s the best upgrade option for me?,upgrade,59
Is there a trial for the Premium features before I commit to an upgrade?,upgrade,72
I am considering an upgrade. Can you provide a comparison chart?,upgrade,64
Upgrading seems daunting. Can you walk me through the steps?,upgrade,60
I want to switch back to my previous plan after trying the upgrade. Is that possible?,upgrade,85
Could you clarify the differences between Basic and Pro? I'm leaning towards an upgrade.,upgrade,88
I’m looking for more features. What’s the next best plan to upgrade to?,upgrade,71
What’s the easiest way to initiate an upgrade? I’m ready to do it now.,upgrade,70
What are the steps to upgrade my account to the Premium plan?,upgrade,61
I'm considering moving to a higher tier. Can you tell me the benefits of the Business plan?,upgrade,91
I heard about your latest features. How can I switch from the Basic to the Plus plan?,upgrade,85
Can I change my subscription from monthly to yearly without any penalties?,upgrade,74
I want to downgrade my plan but keep some of the features. Is that possible?,upgrade,76
Can you explain how I can upgrade my current subscription easily?,upgrade,65
I'm not happy with my current plan. What's the process to move to a different one?,upgrade,82
I'd like to upgrade to the Family plan. Can you guide me through it?,upgrade,68
Is it straightforward to change my subscription type? I’m thinking of going premium.,upgrade,84
What happens to my existing features if I decide to downgrade my plan?,upgrade,70
How do I get access to the premium features? I'd like to upgrade my account.,upgrade,76
Can someone help me understand the differences between the plans? I’m considering an upgrade.,upgrade,93
I want to switch my plan but I'm worried about losing anything. Can you reassure me?,upgrade,84
What are the first steps I need to take to move to a higher subscription?,upgrade,73
I've been thinking about going for the Enterprise package. Can you send me more details?,upgrade,88
Is there a way to trial the premium features before I fully switch my plan?,upgrade,75
"I want to upgrade, but I'm not sure if it's worth it. What do you suggest?",upgrade,74
I'm ready to move to the next tier. How quickly can I upgrade?,upgrade,62
Could you send me the link to upgrade? I’m eager to try the new features.,upgrade,73
How do I go about downgrading my subscription? I need something more basic.,upgrade,75
Is it possible to upgrade and keep my billing cycle the same?,upgrade,61
I need to switch to the annual plan to save some money. What do I need to do?,upgrade,77
I want to know if I can add extra features to my existing plan instead of upgrading.,upgrade,84
Can I combine plans with my friends? I want to upgrade and share the cost.,upgrade,74
Tell me about the premium features. I'm considering an upgrade for my business.,upgrade,79
I’m frustrated with my current plan and want to downgrade. How can I do that?,upgrade,77
Can you help me understand how to move to the premium plan?,upgrade,59
I'm interested in switching to a yearly subscription. What do I need to do?,upgrade,75
What extra features can I access if I upgrade to the Gold tier?,upgrade,63
Is it possible to downgrade my current subscription without losing my data?,upgrade,75
I heard there are some new benefits for the higher tier plans. Can you share those?,upgrade,83
I'd like to change my plan from Basic to Advanced. How can I do that?,upgrade,69
Are there any additional costs associated with upgrading my plan?,upgrade,65
Can you explain the differences between the Standard and Pro plans?,upgrade,67
"I want to go for the Pro version, but I'm not sure how to upgrade.",upgrade,66
Is there a trial period for the Enterprise plan before I commit?,upgrade,64
I’m currently on the monthly plan and want to switch to annual. How do I go about it?,upgrade,85
Could you tell me what happens to my current features if I downgrade?,upgrade,69
What do I need to do to access the premium features?,upgrade,52
I’m frustrated with my current plan. I need to upgrade ASAP. What’s the process?,upgrade,80
Can I keep my current features if I switch to a lower plan?,upgrade,59
What’s included in the upgrade to the Business package?,upgrade,55
"I'm thinking about upgrading, but I need more info on the new features first.",upgrade,77
How can I see a side-by-side comparison of all the plans?,upgrade,57
I want to move to the next level of service but have a few questions first. Can I chat with someone?,upgrade,100
"I'm considering upgrading to the premium plan, but I need to understand the costs involved.",upgrade,91
"Is the upgrade process instant, or is there a waiting period?",upgrade,61
I'm on a trial version right now. How do I upgrade to a paid plan?,upgrade,66
What's the best way to switch my plan without any interruptions?,upgrade,64
Can I easily upgrade through my account settings?,upgrade,49
Can you provide details on how to switch from a monthly to an annual commitment?,upgrade,80
I'm considering downgrading my current subscription. What do I need to do?,upgrade,74
Are there any additional features if I upgrade to the Business plan?,upgrade,68
I’d like to move to a yearly subscription. How can I do that?,upgrade,61
Could you tell me what the next tier offers compared to my current plan?,upgrade,72
What happens if I want to downgrade my plan midway through the billing cycle?,upgrade,77
"Do I need to cancel my existing plan before upgrading, or is it automatic?",upgrade,74
"Hey, I heard there are some cool features in the Pro plan. Can you tell me more?",upgrade,80
I’m a bit frustrated with my current plan and I think I need to upgrade. What’s the process?,upgrade,92
What features do I get if I switch from Basic to Pro?,upgrade,53
Can someone help me figure out how to upgrade my subscription? I'm confused!,upgrade,76
I want to downgrade my plan but I'm worried about losing access to certain features. Can you clarify?,upgrade,101
"If I upgrade my plan now, do I get a discount for the first month?",upgrade,66
I’m looking to switch to the Enterprise plan. What steps do I need to take?,upgrade,75
Can you explain the differences between the monthly and yearly plans in terms of features?,upgrade,90
"I really need to upgrade my plan, but I want to make sure I won't regret it. Can you help?",upgrade,90
What is the easiest way to transition from a monthly to an annual subscription?,upgrade,79
I want to know if I can downgrade my account and keep some premium features. Is that possible?,upgrade,94
"I’m happy with my current plan, but what would an upgrade look like for my needs?",upgrade,81
Is there a trial period available if I decide to upgrade to the Advanced plan?,upgrade,78
"I’m not satisfied with my current plan and I need assistance to upgrade, please.",upgrade,80
Can I temporarily downgrade my plan and upgrade again later without penalty?,upgrade,76
What support do I get if I upgrade to the highest tier plan?,upgrade,60
I’d like to know if you offer any loyalty discounts for upgrading my subscription.,upgrade,82
Can you help me with upgrading my account to the Business plan?,upgrade,63
I’d like to know more about the benefits of switching to the Premium plan.,upgrade,74
Is there a way to change my subscription from monthly to yearly without losing any features?,upgrade,92
What steps do I need to take to downgrade my existing plan?,upgrade,59
I'm really interested in what extra features come with the Ultimate package.,upgrade,76
How do I go about upgrading my plan?,upgrade,36
Can I easily switch my subscription from the Basic plan to the Pro plan?,upgrade,72
I'm frustrated with my current plan and want to downgrade; how do I proceed?,upgrade,76
Are there any special offers if I upgrade to the Premium plan right now?,upgrade,72
What additional features can I access if I upgrade to the Elite subscription?,upgrade,77
Could you walk me through the process of upgrading my service?,upgrade,62
I'm considering moving from the Standard to the Pro plan. What should I do?,upgrade,75
Can you tell me if it's possible to downgrade without a penalty?,upgrade,64
I’m looking to switch to an annual plan to save some money. What’s the best way to do that?,upgrade,91
What’s included in the upgraded plan? I want to make sure it’s worth it.,upgrade,72
I’ve been thinking about switching plans. What do I need to know about the Enterprise options?,upgrade,94
How quickly can I upgrade my plan? I need those features ASAP.,upgrade,62
Is there any way to trial the Premium features before I commit to an upgrade?,upgrade,77
I want to cut down on expenses and go from Premium back to Basic. How do I do that?,upgrade,83
I’d like to upgrade to the highest tier plan. Can you assist me with that?,upgrade,74
How do I find out what’s different between my current plan and the higher tiers?,upgrade,80
I’m feeling uncertain about my plan and want to make changes; can you help?,upgrade,75
Are there any hidden fees if I decide to upgrade my subscription?,upgrade,65
"Can I switch my plan right now, or do I need to wait for the next billing cycle?",upgrade,80
Can you help me upgrade my subscription to the next tier?,upgrade,57
I'm considering moving to the premium plan. What additional features will I get?,upgrade,80
Is there a way to upgrade my plan without losing any data?,upgrade,58
I want to switch to the annual plan. How do I do that?,upgrade,54
What are the steps to downgrade my current plan?,upgrade,48
I’m really interested in the Pro features. Can you tell me how to access them?,upgrade,78
I would like to know if I can switch back to a monthly plan anytime after upgrading.,upgrade,84
Could you provide details on what the Enterprise plan includes?,upgrade,63
I’m thinking about upgrading. Will I be billed immediately or at the next billing cycle?,upgrade,88
Can I get a trial of the upgraded features before committing?,upgrade,61
I want to change my plan to the premium option. What’s the process?,upgrade,67
How do I downgrade my subscription without any hassle?,upgrade,54
Are there any perks to switching from monthly to annual?,upgrade,56
What happens if I downgrade my plan mid-cycle?,upgrade,46
Can I upgrade my plan from the app or do I need to go to the website?,upgrade,69
"I’m considering an upgrade, but I’m not sure if it’s worth it. What do you think?",upgrade,81
Is it possible to get a discount if I upgrade to the yearly plan?,upgrade,65
Can you walk me through the benefits of the higher-tier plans?,upgrade,62
What do I need to do to switch to the Business plan?,upgrade,52
I’m frustrated with my current plan and would like to explore the next level up.,upgrade,80
Is there an easy way to compare the different subscription tiers?,upgrade,65
"I want to move to a different plan, but I'm not sure which one fits my needs.",upgrade,77
Please let me know how I can quickly upgrade my plan before the month ends.,upgrade,75
"If I upgrade now, will I still have the option to revert my plan later?",upgrade,71
How long does an upgrade process usually take to reflect in my account?,upgrade,71
Can you tell me how to switch to the premium plan?,upgrade,50
I’m interested in upgrading my account. What steps do I need to take?,upgrade,69
Is there a way to move from my current plan to a better one without losing any data?,upgrade,84
"I want to know if I can change from the basic plan to a higher level, what are my options?",upgrade,90
How do I access the additional features in the Business plan?,upgrade,61
I’ve been thinking about downgrading my subscription. How would that work?,upgrade,74
Are there any extra benefits I get if I upgrade my account?,upgrade,59
I’m really frustrated with my current plan. How can I upgrade to something more suitable?,upgrade,89
"Hey, can I switch my billing cycle from monthly to yearly? What’s the process?",upgrade,78
What do I need to do to bring my account to the next level?,upgrade,59
Can someone help me understand what perks come with the Pro version?,upgrade,68
I have questions about moving to the Enterprise plan. Can someone assist me?,upgrade,76
"If I decide to upgrade now, will I get a refund for my unused time?",upgrade,67
I’m not sure which plan would be best for me. Can you explain the differences?,upgrade,78
"Just wondering, how do I downgrade my plan if I want to?",upgrade,56
What’s the easiest way to upgrade my subscription? I don’t want to deal with complications.,upgrade,91
I really need those extra features. How can I get on the right plan?,upgrade,68
Could you guide me through the upgrade process? I’m a bit confused.,upgrade,67
I’m thinking of switching to a new plan. Can you help me figure that out?,upgrade,73
I’m not happy with my plan anymore. How can I make changes?,upgrade,59
Are there trials available for the higher subscription plans?,upgrade,61
What’s the difference between the two upgrades you offer?,upgrade,57
I’d like to learn more about the benefits of the premium subscription.,upgrade,70
Is there a way to temporarily pause my subscription before upgrading?,upgrade,69
Can you help me move from the Basic plan to the Premium plan?,upgrade,61
I'm interested in finding out what comes with the Business subscription.,upgrade,72
Is there a way to switch my account from a yearly plan to a monthly plan?,upgrade,73
What are the steps to upgrade my account to the Ultimate package?,upgrade,65
I want to downgrade my current subscription. How do I do that?,upgrade,62
"Hey, can I get some info on what features I'd have if I upgraded?",upgrade,65
Do you guys have a trial for the Pro plan before I commit to upgrading?,upgrade,71
I’m thinking about switching to the Premium plan—what are the advantages?,upgrade,73
I can't find how to upgrade my plan on the website. Can you assist me?,upgrade,70
Is it possible to temporarily downgrade and then upgrade again later?,upgrade,69
I’m really frustrated—why is it so hard to change my subscription plan?,upgrade,71
Can you tell me more about the features that come with the Enterprise level?,upgrade,76
"I want to switch to a better plan, but I’m not sure which one to choose.",upgrade,72
I just realized my subscription doesn't have the features I need. How do I upgrade?,upgrade,83
Are there any discounts if I upgrade to an annual plan instead of monthly?,upgrade,74
Can I switch my plan immediately? I need better features right now!,upgrade,67
What’s the easiest way to go from a free trial to a paid plan?,upgrade,62
I’ve heard good things about your Pro version. How can I switch?,upgrade,64
I'm ready to upgrade to the highest tier—let's make it happen!,upgrade,62
Can I get a refund if I downgrade my plan after a month?,upgrade,56
"I really like this service, but I want to see what’s included with the higher tier.",upgrade,83
How do I find the option to change my subscription on the app?,upgrade,62
I’m not happy with my current plan. What’s involved in switching?,upgrade,65
Could you walk me through the upgrading process? I’m a bit confused.,upgrade,68
I'm considering downgrading my plan. What features would I lose?,upgrade,64
I've had a terrible experience with your service lately.,complaint,56
It's really disappointing that no one seems to care about customer issues.,complaint,74
I can't believe how long I've been ignored. This is unacceptable!,complaint,65
Your support team is not helpful at all!,complaint,40
I was promised a resolution and got nothing in return.,complaint,54
This is getting ridiculous. I've tried reaching out several times!,complaint,66
I've lost all faith in your company after this experience.,complaint,58
I expected much better service from you; I'm very disappointed.,complaint,63
"Honestly, I've never felt so frustrated with a company before.",complaint,62
I don't understand why it's taking so long to get a simple answer.,complaint,66
I feel completely ignored and undervalued as a customer.,complaint,56
Can someone please explain why I'm not getting any support?,complaint,59
This level of service is beyond disappointing; it’s infuriating!,complaint,64
I'm really upset about how my issue has been handled so far.,complaint,60
"I thought I was dealing with professionals, but this is a joke.",complaint,63
"It's like no one is listening to my concerns, and it's incredibly frustrating.",complaint,78
"After all this time, I feel stuck and helpless.",complaint,47
"I was hoping for help, but this has only made things worse.",complaint,59
Your lack of response has left me feeling abandoned as a customer.,complaint,66
I'm extremely annoyed with how my case has been dealt with.,complaint,59
"I've been a loyal customer, but this service is driving me away.",complaint,64
Your support is a complete waste of time!,complaint,41
"I've tried being patient, but this is ridiculous now.",complaint,53
"This whole experience has been a nightmare, and I'm done.",complaint,57
I can't believe how poorly this situation has been managed.,complaint,59
"Every time I reach out, I feel more frustrated than before.",complaint,59
I'm really disappointed with how long it's taking to get a response from your team.,complaint,83
This is honestly the most frustrating experience I've had with any service.,complaint,75
I can't believe how poorly I was treated when I reached out for help.,complaint,69
Your support team is impossible to reach; I'm losing my patience here!,complaint,70
"I've been a loyal customer, but this experience has left me questioning my choice.",complaint,82
I thought your company was better than this; what happened?,complaint,59
"Every time I contact support, I feel like I'm just ignored.",complaint,59
It shouldn't be this hard to get some assistance; I'm really upset.,complaint,67
Why is it so difficult to get straightforward answers from your team?,complaint,69
I feel completely let down by your service; it's unacceptable.,complaint,62
I expected better support from such a reputable company.,complaint,56
I don't understand why no one is addressing my concerns; it's frustrating!,complaint,74
"I was hoping for a quick resolution, but instead, I'm left in the dark.",complaint,71
"I've been really patient, but this is just too much to handle.",complaint,62
Your service has been a total letdown; I'm seriously reconsidering my options.,complaint,78
It’s incredibly disappointing when you can’t get any help when needed.,complaint,70
This is not how you should treat customers; I feel ignored.,complaint,59
I reached out weeks ago and still haven't heard anything back; what's going on?,complaint,79
I've had it with this level of service; I'm really upset about it.,complaint,66
You have to do better than this; it's unacceptable for customers.,complaint,65
Thanks for nothing; I feel like my issues aren't being taken seriously.,complaint,71
I'm feeling really let down; I expected so much more from you guys.,complaint,67
Your lack of communication is frustrating; I just want some answers!,complaint,68
This experience has been nothing short of a nightmare for me.,complaint,61
I can't believe your customer service is this bad; it's shocking.,complaint,65
I’m really unhappy with how my complaint has been handled so far.,complaint,65
I can't believe how disappointing your service has been lately.,complaint,63
"I've reached out multiple times and still haven't heard back, this is so frustrating!",complaint,85
"Honestly, your support team seems completely unhelpful.",complaint,55
I expected better from your company; this experience has been a letdown.,complaint,72
I feel ignored after waiting for a response for days. This is unacceptable!,complaint,75
Your service quality is really subpar and it's driving me crazy.,complaint,64
I'm just so tired of dealing with such poor customer service.,complaint,61
I've had enough of this nonsense; it's really testing my patience.,complaint,66
It’s like no one cares about their customers anymore. I'm really upset.,complaint,71
I've been trying to resolve an issue but your entire process is a mess!,complaint,71
What is going on with your customer support? It’s been a nightmare!,complaint,67
This is not what I signed up for. I'm seriously considering leaving.,complaint,68
I can't express how dissatisfied I am with how my concerns have been handled.,complaint,77
"Every time I reach out, it feels like I'm just talking to a wall.",complaint,65
Your support team is a joke; I can't believe how poorly I've been treated.,complaint,74
I’m genuinely frustrated with how long it takes to get any assistance.,complaint,70
I've had a terrible experience and it's really making me reconsider my choices.,complaint,79
"Your service has let me down, and I'm very disappointed with the lack of response.",complaint,82
"I've dealt with a lot of customer services, and yours is by far the worst.",complaint,74
I feel like I'm wasting my time trying to get help from your team.,complaint,66
This is the worst experience I've ever had with a company.,complaint,58
I’m really annoyed; this is not how you treat your customers.,complaint,61
I don't appreciate how my concerns have been disregarded.,complaint,57
"There's no sense of urgency in your responses, and it's quite frustrating.",complaint,74
"I’ve been more than patient, and yet nothing has improved.",complaint,58
I just want someone to take my complaint seriously for once.,complaint,60
I can't believe how unresponsive your support team is.,complaint,54
This has been the most disappointing experience I've had with any service.,complaint,74
"I've tried reaching out multiple times, and I still haven't heard back.",complaint,71
"Honestly, I've never felt this ignored by a company before.",complaint,59
"Your service has let me down on multiple occasions, and I'm really unhappy about it.",complaint,84
I expected better from your team; this is unacceptable.,complaint,55
"It's frustrating trying to get help, and no one seems to care.",complaint,62
This is seriously the last time I use your service.,complaint,51
I feel like my concerns are falling on deaf ears.,complaint,49
"I've been passed around so many times, it's ridiculous.",complaint,55
Your customer service has been nothing short of a nightmare.,complaint,60
I can't wrap my head around why it’s so hard to get decent support.,complaint,67
Waiting this long for a response is beyond frustrating.,complaint,55
I’ve reached my limit with how poorly I’ve been treated.,complaint,56
I feel like I’m talking to a wall here; no one listens.,complaint,55
"This experience has been so frustrating, I'm considering switching services.",complaint,76
"I've always valued your brand, but this is really disappointing.",complaint,64
I wanted to let you know how unhappy I am with your service lately.,complaint,67
The lack of communication from your side is infuriating.,complaint,56
I really expected more from a company with your reputation.,complaint,59
I don’t understand how such simple issues can be handled so poorly.,complaint,67
You need to do something about your customer support; it's a joke.,complaint,66
"The service quality has dropped significantly, and I'm not okay with it.",complaint,72
I’m extremely disappointed with the lack of attention to my issue.,complaint,66
"Thank you for your time, but I’m really upset with how things have been handled.",complaint,80
I can’t believe how long it takes to get a response from your team.,complaint,67
"Honestly, I've never been more disappointed in a company's service than I am right now.",complaint,87
"This experience has been nothing but a hassle, and I'm fed up.",complaint,62
I expected much more from your service; this is really frustrating.,complaint,67
"The lack of communication is unacceptable, and I'm losing my patience.",complaint,70
Can you please explain why my concerns are being ignored?,complaint,57
It's been a nightmare trying to get help from your support team.,complaint,64
I just want to understand why this is happening; the service has been awful.,complaint,76
I feel like I've wasted my time trying to reach out multiple times with no response.,complaint,84
I'm really upset with how my issue has been handled; can someone please take this seriously?,complaint,92
"I thought I chose a reliable company, but this service has been disappointing.",complaint,78
Waiting this long for help is just ridiculous; I deserve better.,complaint,64
"I've been treated poorly as a customer, and I don't appreciate it at all.",complaint,73
"Your support team is clearly overwhelmed, but that doesn’t excuse the lack of help.",complaint,83
"Every time I reach out, I feel like I'm talking to a brick wall.",complaint,64
I don’t understand why it’s so hard to get a straightforward answer.,complaint,68
This is hands down the worst service I have ever dealt with.,complaint,60
I can't believe how neglected my concern feels; this is beyond frustrating.,complaint,75
The service I received is not what I signed up for; I want things to change.,complaint,76
I'm just hoping someone will finally pay attention to my complaint.,complaint,67
"Seriously, how hard can it be to get decent customer support?",complaint,61
I’m running out of patience with this; something needs to change immediately.,complaint,77
"I feel completely ignored by your company, and that's unacceptable.",complaint,67
I never thought I'd have to escalate this; the service has been that bad.,complaint,73
This has been such a letdown; I'm seriously reconsidering my options.,complaint,69
"I wish I could say something positive about my experience, but I can’t.",complaint,71
"I can't believe how long it's taking to get a response, this is just unacceptable.",complaint,82
"I've dealt with several representatives, and none have been helpful, which is incredibly frustrating.",complaint,101
"Your service has been unreliable lately, and I'm really disappointed.",complaint,69
"I expected much more from your team, this is not what I signed up for.",complaint,70
"I'm really unhappy with how my issue has been handled, it's just not good enough.",complaint,81
"This is such a frustrating experience, I thought you were better than this.",complaint,75
"I've reached out multiple times, and I'm still waiting for answers. This is ridiculous.",complaint,87
"Honestly, I'm beyond frustrated with your lack of support. Something needs to change.",complaint,85
"I feel like my concerns are being ignored, and that's just not acceptable.",complaint,74
"I've had nothing but problems since I started using your service, and I'm fed up.",complaint,81
"The customer service I've received has been a letdown, I expected so much more.",complaint,79
"Every time I try to get help, it's a dead end. This is really disappointing.",complaint,76
"It seems like no one cares about resolving my issue, which is really disheartening.",complaint,83
"I thought I made a wise choice, but your service is frustrating me more than I can handle.",complaint,90
"I'm really dissatisfied with my experience so far, and it's making me reconsider my options.",complaint,92
"The lack of communication is infuriating, and I don't know what to do next.",complaint,75
"I can't get over how poor the service quality has been recently, it's unacceptable.",complaint,83
"I tried to be patient, but this is just too much. I'm very frustrated.",complaint,70
"I didn't expect to be treated like this as a paying customer, it's upsetting.",complaint,77
It's frustrating to see no improvement despite my repeated feedback.,complaint,68
"I feel like I'm yelling into a void here, where is the support?",complaint,63
"Your team seems overwhelmed, but it's really affecting me as a customer.",complaint,72
I have no idea why it's this hard to get decent service from your company.,complaint,74
"I'm losing my patience with your support, it's just not working for me.",complaint,71
I'm really unhappy with the level of service I've received from your team.,complaint,74
This is honestly the most disappointing experience I've ever had with a company.,complaint,80
"I've reached out multiple times, and it's like no one cares about helping me.",complaint,77
Your support staff seems completely uninterested in solving my problems.,complaint,72
I can't believe how unresponsive your customer service is; it's beyond frustrating!,complaint,83
"I expected better from your company, but this has been a letdown.",complaint,65
It feels like I'm talking to a wall; no one is listening to my concerns.,complaint,72
"I've been a loyal customer, but your service quality has really gone downhill.",complaint,78
I'm fed up with how slow your response times are; it's unacceptable.,complaint,68
"This has been the worst experience, and I'm seriously considering switching providers.",complaint,86
I don't understand why it takes so long to get help; this is ridiculous.,complaint,72
"Every time I reach out, I end up feeling more frustrated than before.",complaint,69
I wish someone would take my complaint seriously; it's really disappointing.,complaint,76
I've had it with your service; I'm starting to regret my decision to choose you.,complaint,80
This is not the standard of service I expected when I signed up.,complaint,64
Your representatives are not helpful at all; I'm really frustrated!,complaint,67
I can't get over how poor the support has been; it just feels like nobody cares.,complaint,80
I'm very disappointed with the lack of assistance I've received.,complaint,64
"This experience has been so stressful, and it's all because of your service.",complaint,76
I never thought I'd have to deal with such poor customer support from you.,complaint,74
I feel completely ignored and undervalued as a customer right now.,complaint,66
How can it take so long to address a simple issue? This is infuriating!,complaint,71
"I was hoping for a quick resolution, but this is dragging on way too long.",complaint,74
I'm so tired of waiting for a response; it's unacceptable!,complaint,58
"This is the last straw; if things don't improve, I'll have to take my business elsewhere.",complaint,89
I've had enough of your slow responses; this is unacceptable.,complaint,61
I'm really disappointed with how my issue was handled; it feels like no one cares.,complaint,82
I've reached out multiple times and still haven’t received a proper reply; what is going on?,complaint,92
"Honestly, this is the most frustrating experience I've had with customer service.",complaint,81
I can't believe how difficult it is to get help from your team. It's disappointing.,complaint,83
Your support seems non-existent; I'm starting to regret choosing your service.,complaint,78
I waited over an hour for a chat and got no useful information; I'm really upset.,complaint,81
"This isn't the first time I've faced poor service, and I'm starting to lose my patience.",complaint,88
"I expected better from your company, and I'm feeling let down by the lack of support.",complaint,85
"Seriously, I just want my issue resolved, but your team is nowhere to be found.",complaint,79
"I've been a loyal customer for years, but this service is making me reconsider.",complaint,79
"Wow, this is the most unhelpful customer support I’ve encountered. I'm really frustrated.",complaint,89
"Every time I reach out, I feel ignored; is this how you treat your customers?",complaint,77
Your service is so frustrating! I just want someone to take my concerns seriously.,complaint,82
I don't appreciate the lack of communication regarding my issue; it’s very unprofessional.,complaint,90
"I tried calling, but I was put on hold for too long; this is quite disappointing.",complaint,81
This experience is beyond frustrating; I really need someone to assist me properly.,complaint,83
It shouldn’t be this hard to get help! I'm very unhappy with the service I've received.,complaint,87
I feel completely disregarded as a customer; is anyone even paying attention?,complaint,77
This is definitely not what I expected; I’m really upset about the lack of support.,complaint,83
I've had my patience tested far too much with your service; this is not okay.,complaint,77
I am not satisfied at all; I've been ignored for days and that’s just wrong.,complaint,76
"I've tried to be patient, but this level of service is just infuriating.",complaint,72
It's shocking how poor your customer support is; I'm really disappointed.,complaint,73
I wish someone would step up and actually help me instead of passing me around.,complaint,79
I can't believe how poorly I've been treated as a customer; this is unacceptable.,complaint,81
I've had such a disappointing experience with your service lately.,complaint,66
I can't believe how long I've had to wait for assistance. This is unacceptable.,complaint,79
This is really frustrating. I expected better from you guys.,complaint,60
I’ve reached out multiple times and still haven't received a satisfactory response. What's going on?,complaint,100
"Honestly, your customer support is a joke. I'm really let down.",complaint,63
"I’ve been a loyal customer for years, but this is making me reconsider.",complaint,71
I can't get over how unhelpful your team has been. It’s like no one wants to assist me.,complaint,87
The service I received was below any reasonable standard. I'm quite upset.,complaint,74
"I was hoping for a quick resolution, but instead I've faced endless delays.",complaint,75
This has been the most frustrating experience I've had with any company. I'm really unhappy.,complaint,92
I feel completely ignored right now. This is really disappointing.,complaint,66
"If this is how you treat customers, I don't think I'll stick around much longer.",complaint,80
You need to improve your service. It’s not meeting even basic expectations.,complaint,75
Your support team seems overwhelmed and unprepared to help customers. I'm frustrated.,complaint,85
I expected much more from your company. This isn't what I signed up for.,complaint,72
"I've been trying to get help for a simple issue, but no one seems to care.",complaint,74
The lack of communication has been infuriating. Do you even value your customers?,complaint,81
"Every time I reach out, I leave feeling more frustrated than before. This needs to change.",complaint,90
I've had it with the lack of support. It's really driven me to the edge.,complaint,72
I'm not happy with how my concerns have been handled. It feels like no one is listening.,complaint,88
This is turning into a nightmare. I really can't stand it anymore.,complaint,66
It feels like I’m going in circles when I reach out for help. It’s exhausting.,complaint,78
Your service quality has declined significantly. I am very disappointed.,complaint,72
"I've tried to be patient, but this lack of support is seriously testing me.",complaint,75
"I must say, I’ve never felt this neglected by a company before. It’s really sad.",complaint,80
I can't believe how unhelpful your support team has been.,complaint,57
This is unacceptable! I expected much better service from your company.,complaint,71
"I've reached out multiple times, and I feel completely ignored.",complaint,63
"Honestly, I've had it with how things are handled around here.",complaint,62
It's so frustrating to not get any answers after waiting so long.,complaint,65
"Every time I call for help, I leave even more confused than before.",complaint,67
I was promised help but instead got a lot of excuses.,complaint,53
Your chat support is a joke; I’ve waited forever without a response.,complaint,68
"This is the third time I’m bringing this up, and nothing gets resolved.",complaint,71
I can’t believe how long it takes to get simple questions answered.,complaint,67
I feel like I’m just being pushed aside; this is really disappointing.,complaint,70
The lack of support has made me rethink continuing with your service.,complaint,69
"I wish I had better things to say, but this experience has been awful.",complaint,70
I’m seriously considering switching to another company at this rate.,complaint,68
"I thought I was going to get help, but it turned into a complete waste of time.",complaint,79
You guys really need to step up your customer service game.,complaint,59
I've never been more frustrated with a company than I am right now.,complaint,67
I'm tired of chasing after answers; this is really poor service.,complaint,64
Your service doesn’t live up to the promises made on your website.,complaint,66
I can’t stress enough how unhappy I am with my experience.,complaint,58
This has been the most disappointing customer support ever.,complaint,59
I expected a lot more; this just feels like a runaround.,complaint,56
"The communication here is seriously lacking, and it’s infuriating.",complaint,66
"I thought I was dealing with professionals, but that’s not the case.",complaint,68
Trying to get help from you has been more trouble than it’s worth.,complaint,66
This is absolutely unacceptable; I've had nothing but issues since I signed up.,complaint,79
"I've tried to reach out multiple times, and I'm just getting ignored.",complaint,69
"I had high hopes for your service, but I'm really disappointed with how it's been handled.",complaint,90
Why is it so difficult to get proper help? This is frustrating!,complaint,63
"After waiting so long for a response, I just feel completely let down.",complaint,70
I expected better from your company; this is beyond frustrating.,complaint,64
"I've never experienced such slow service, it's infuriating!",complaint,59
It's like nobody cares about customer experience at your company.,complaint,65
"I was promised support, and I've received nothing. Very disappointing!",complaint,70
Your team seems disorganized; it feels like I'm talking to a wall.,complaint,66
"I wish I could say something nice, but this service has been a nightmare.",complaint,73
I'm really upset with the lack of attention to my concerns.,complaint,59
Feels like I'm stuck in a loop with no one listening to me!,complaint,59
I don't understand why it's so hard to get help; I'm losing my patience.,complaint,72
This is not what I signed up for; I'm extremely disappointed.,complaint,61
I had a simple question and got no response. What is going on?,complaint,62
Your customer service is lacking; I've never felt so ignored.,complaint,61
This is so frustrating; it feels like I'm just shouting into the void.,complaint,70
I can't believe how long it took to get a reply; unacceptable!,complaint,62
"I’ve tried everything, but it feels like no one is taking me seriously.",complaint,71
I’m really unhappy with how my concerns have been handled.,complaint,58
I thought switching to your service would be smoother; I was wrong.,complaint,67
It’s hard to believe how unresponsive your team is; I’m fed up!,complaint,63
I've had to repeat myself too many times; this is ridiculous.,complaint,61
"I don’t want to feel this way about a company, but your service is just terrible.",complaint,81
I can't believe how long it's taken to get any help.,complaint,52
I feel completely ignored after trying to reach out multiple times.,complaint,67
The service I received was incredibly disappointing.,complaint,52
"Honestly, I'm fed up with the lack of communication from your team.",complaint,67
Why is it so hard to get proper support when I need it?,complaint,55
"I've had a terrible experience so far, and I'm seriously reconsidering my options.",complaint,82
This is absolutely unacceptable; I expected way more from your company.,complaint,71
It's ridiculous that I have to chase you for answers.,complaint,53
I've never felt more frustrated trying to get help from a company.,complaint,66
I'm really unhappy with how my concerns have been handled.,complaint,58
No one seems to care about customer satisfaction here.,complaint,54
I can't understand why it's taken this long to resolve my issues.,complaint,65
"Every time I reach out, I get more and more disappointed.",complaint,57
Your support team is a mess; it's hard to believe this is a reputable company.,complaint,78
"I keep waiting for a response, but nothing ever comes.",complaint,54
"Honestly, I thought your service would be better than this.",complaint,59
This experience has been such a letdown; I expected proper support.,complaint,67
I’ve had enough of this poor service—it’s affecting my business.,complaint,64
I'm really frustrated; I expected more professionalism.,complaint,55
It feels like I'm talking to a wall with your support team.,complaint,59
The lack of follow-up is just ridiculous; I’m losing my patience.,complaint,65
"I've tried to resolve this issue for days, and it seems no one cares.",complaint,69
I don’t think I’ve ever felt this neglected by a company before.,complaint,64
I'm shocked at how poorly my situation has been addressed.,complaint,58
I'm quite unhappy and feel let down by your customer service.,complaint,61
I can't believe how unhelpful your team has been lately.,complaint,56
This is ridiculous! I've tried reaching out multiple times with no response.,complaint,76
"Honestly, I'm quite disappointed with how my issue has been handled.",complaint,68
I've never felt so ignored by a company before.,complaint,47
"Your service is lacking, and it's becoming incredibly frustrating.",complaint,66
I've had nothing but problems trying to get assistance; it's unacceptable.,complaint,74
"It's been two weeks, and I'm still waiting for someone to help me.",complaint,66
"I expected better from your company, this level of service is embarrassing.",complaint,75
I feel like my concerns have been completely overlooked.,complaint,56
Can someone please explain why no one is responding? It's so aggravating.,complaint,73
This is by far the worst experience I've had with customer service.,complaint,67
I'm really frustrated; I thought I could count on your support.,complaint,63
"I've been left hanging for days, and it's infuriating.",complaint,54
Your customer service needs a serious overhaul; this is unacceptable.,complaint,69
I can't deal with this level of poor service any longer.,complaint,56
This is seriously disappointing; I expected more professionalism.,complaint,65
It's incredibly frustrating when nobody seems to care about my issue.,complaint,69
I feel like I'm talking to a wall; no one is listening!,complaint,55
This is unacceptable! I deserve a proper response.,complaint,50
"Your team has not been responsive at all, and it's very frustrating.",complaint,68
I don't understand why it's so hard to get help from your service.,complaint,66
The lack of communication from your support team is infuriating.,complaint,64
I've had a terrible experience trying to get my issue resolved.,complaint,63
"I really thought I was going to get better service, but this is just awful.",complaint,75
I'm at my wit's end with how unresponsive your team is.,complaint,55
I can't believe how long it's taking to get a response from your team.,complaint,70
This is unacceptable! I've reached out multiple times and still no help.,complaint,72
"Honestly, I'm really disappointed with the way my concerns have been handled.",complaint,77
I feel ignored and undervalued as a customer right now.,complaint,55
The lack of communication from your support team is beyond frustrating.,complaint,71
I expected much better service from your company than what I've experienced.,complaint,76
It seems like nobody cares about resolving my issue. This is really disappointing.,complaint,82
"I've been a loyal customer for years, but the service I've received lately has been awful.",complaint,90
I don't appreciate being left in the dark about my concerns. It's really upsetting.,complaint,83
Your customer service has fallen short of my expectations and I'm quite frustrated.,complaint,83
"I called for help, but it feels like I'm talking to a wall. Very frustrating!",complaint,77
I've been put on hold forever just to get no answers. This is ridiculous.,complaint,73
"I thought I could rely on your support, but this experience has been disheartening.",complaint,83
"I feel like I'm just another number to your team, not a valued customer.",complaint,72
Why is it so hard to get decent support from your company? I'm really annoyed.,complaint,78
"This is the third time I've tried to resolve this issue, and I'm fed up.",complaint,72
"I thought your service would be better, but now I'm starting to regret my choice.",complaint,81
I’m really upset about how unprofessional your support has been lately.,complaint,71
It's frustrating to see that my emails go unanswered for days.,complaint,62
I never thought I would have such a terrible experience with your company.,complaint,74
I just want to voice my disappointment with how things have been handled.,complaint,73
Your team needs to do better. I can't believe this is the service I’m getting.,complaint,78
I’m really struggling to understand why my concerns are being ignored.,complaint,70
The response time is absolutely awful; I don’t know what to do anymore.,complaint,71
I’m very unhappy with how my situation has been managed so far.,complaint,63
"This has been a very frustrating experience, and I hope it improves soon.",complaint,73
This is getting ridiculous; I've had no support for days now.,complaint,61
"Honestly, I expected better from such a reputable company.",complaint,58
I'm really disappointed with how my issue has been handled.,complaint,59
"I've reached out multiple times, and still no one has gotten back to me.",complaint,72
The service quality has seriously declined; what’s going on?,complaint,60
"I’ve had a terrible experience trying to get assistance, I'm not happy.",complaint,71
Why is it so hard to get a simple question answered?,complaint,52
"Every time I contact support, I leave more frustrated than before.",complaint,66
"I was hoping for a resolution, but all I've received is silence.",complaint,64
Your support system is so slow; it feels like no one cares.,complaint,59
"I feel completely ignored, despite my attempts to reach out.",complaint,60
This is my last attempt to get help. I'm fed up!,complaint,48
Can someone please explain why it's taking so long to respond?,complaint,62
I'm really upset about the lack of communication from your team.,complaint,64
It's as if my concerns don’t matter at all—this is unacceptable.,complaint,64
I've never felt so dissatisfied with a company's service before.,complaint,64
Why is getting assistance from your support team such a hassle?,complaint,63
I don’t understand how it takes this long to fix simple issues.,complaint,63
The last few interactions with your support have been incredibly frustrating.,complaint,77
It's hard to stay loyal to a company that doesn't value its customers.,complaint,70
"I thought my experience was a fluke, but it's happening again.",complaint,62
"Every time I reach out, it feels like I’m talking to a wall.",complaint,60
"Support has been unresponsive, and I'm losing patience.",complaint,55
Is there a reason I haven't received any updates on my case?,complaint,60
"If this is how you treat customers, I’ll have to consider other options.",complaint,72
"Honestly, I can't believe how long it's taken to get a response. This is unacceptable.",complaint,86
The last interaction I had with your team was completely unsatisfactory.,complaint,72
I’m really upset with how poorly I’ve been treated by your support staff.,complaint,73
This is not what I expected when I signed up for your service.,complaint,62
"I feel ignored and unvalued as a customer, and it’s frustrating.",complaint,64
"Your service used to be great, but now it's just awful.",complaint,55
"Every time I reach out, I feel like I'm speaking into a void.",complaint,61
I can't even express how disappointed I am with your response times.,complaint,68
"I've tried to get help multiple times, and I’m just met with silence.",complaint,69
I’m very unhappy with the way my concerns have been handled.,complaint,60
I expected much better from your company. This is just ridiculous.,complaint,66
I don’t appreciate being left in the dark for so long.,complaint,54
It’s really disappointing to see such a drop in service quality.,complaint,64
"I’ve been a loyal customer, but this is pushing me to reconsider.",complaint,65
It feels like nobody cares about my issues at all.,complaint,50
I've been left waiting for far too long. This is not okay.,complaint,58
"Your customer support used to be responsive, but now it feels non-existent.",complaint,75
"Every time I contact you, it feels like I'm wasting my time.",complaint,60
I can’t believe how unhelpful your support has been lately.,complaint,59
I've reached out several times and nothing seems to change.,complaint,59
The lack of adequate service has been very frustrating for me.,complaint,62
I didn't think it was possible to be this unhappy with a service.,complaint,65
I’ve been let down by your team too many times now.,complaint,51
This experience has been nothing short of disappointing.,complaint,56
I can't believe how unhelpful your support team has been lately.,complaint,64
"Every time I reach out, it feels like I'm talking to a wall.",complaint,60
This is beyond frustrating; I expected way better from your company.,complaint,68
I'm really disappointed with how my issue has been handled so far.,complaint,66
"Honestly, I'm just fed up with the lack of responsiveness.",complaint,58
It’s absurd how long I’ve had to wait without any updates!,complaint,58
"I thought your service would be better, but this is unacceptable.",complaint,65
Your customer service has really let me down.,complaint,45
I’ve had such a negative experience that I’m seriously considering switching to another provider.,complaint,97
"After trying to get help for a week, I'm feeling completely ignored.",complaint,68
It's infuriating that I can't get a simple answer from your team.,complaint,65
I wish someone would take my complaint seriously instead of brushing me off.,complaint,76
"This is the second time I've had to reach out, and nothing has changed.",complaint,71
I don’t understand why it’s so hard to get decent support from you guys.,complaint,72
Your response times are ridiculous; I'm losing patience here.,complaint,61
I never expected to encounter such a lack of professionalism.,complaint,61
Your service quality has declined sharply; it’s really upsetting.,complaint,65
Why does it take so long to resolve simple issues?,complaint,50
"I've been hanging on the line for ages, and it’s driving me crazy.",complaint,66
I can't express how frustrated I am with my experience recently.,complaint,64
It feels like I’m just another number rather than a valued customer.,complaint,68
"I've dealt with worse, but this is really pushing my limits.",complaint,60
"I thought I was signing up for great service, not a headache.",complaint,61
"Every time I think things will improve, I get disappointed again.",complaint,65
This is not what I signed up for; I expect better than this.,complaint,60
I shouldn't have to beg for help; this is so frustrating.,complaint,57
"I can't believe how slow your response time is, this is unacceptable.",complaint,69
"I’ve reached out multiple times and still haven’t heard back, it’s really disappointing.",complaint,88
"Honestly, this is the worst experience I’ve had with customer service in a long time.",complaint,85
I feel completely ignored after my last inquiry; it's frustrating to say the least.,complaint,83
"Your support team has been unhelpful and dismissive, which is really disappointing.",complaint,83
"I expected so much more from your company, and I'm left feeling frustrated and let down.",complaint,88
Can someone please tell me why no one seems to care about my concerns?,complaint,70
"This has been a nightmare, and I'm seriously considering taking my business elsewhere.",complaint,86
I can't express how unhappy I am with the lack of communication on your part.,complaint,77
I feel like I’m talking to a wall; no one is listening to my issues.,complaint,68
"I've never felt so undervalued as a customer, and it's really disheartening.",complaint,76
"This level of service is just not acceptable, and I demand better.",complaint,66
"I wish I could say something nice, but my experience has been nothing but frustrating.",complaint,86
The service I received was not just bad; it was abysmal.,complaint,56
I can't get over how long it's taking to get a simple response from you.,complaint,72
"Your customer support is lacking in every way, and I’m very frustrated about it.",complaint,80
"I had high hopes for your service, but this experience has changed my mind entirely.",complaint,84
It’s as if no one cares about their customers; I’m very disappointed.,complaint,69
I’m beyond frustrated with how my concerns have been handled so far.,complaint,68
This is not what I signed up for; I feel misled and let down.,complaint,61
"I’m really unhappy with how my previous complaint was addressed, or rather, not addressed.",complaint,90
"I don’t think I’ve ever experienced such poor service, and I’m not happy about it.",complaint,82
I just want someone to acknowledge my frustration; it feels like I’m being ignored.,complaint,83
"This situation is very disappointing, and it’s making me rethink my loyalty to your brand.",complaint,90
"Your support team needs serious improvement, as this isn’t working for me at all.",complaint,81
I'm really unhappy with how long it took to get a response from your team.,complaint,74
I can't believe how poor the service has been lately; it's very disappointing.,complaint,78
This is getting ridiculous! I expected better from your company.,complaint,64
I've reached out multiple times and still haven't received proper help.,complaint,71
Your customer service feels like a black hole; nothing comes out of it!,complaint,71
"I feel completely ignored by your support team, and it's frustrating.",complaint,69
"Honestly, I thought I was dealing with professionals, but this is unacceptable.",complaint,79
It's hard to stay loyal when your service quality keeps dropping like this.,complaint,75
I can't express how frustrated I am with the response time – it's embarrassing.,complaint,79
"I tried to get help, but all I got was silence. This is unacceptable!",complaint,69
I never imagined your service would be this poor; it's not what I signed up for.,complaint,80
I've had enough of this awful support. It shouldn't be this difficult to get help!,complaint,82
"Every time I contact support, I feel like I'm talking to a wall.",complaint,64
I just want to know why your service has been so bad lately; it's really affecting me.,complaint,86
It's really disappointing that I have to chase you just to get basic assistance.,complaint,80
"Your service used to be great, but now it's just frustrating and unhelpful.",complaint,75
"I've been a loyal customer, but your lack of support is making me rethink that.",complaint,79
"Every interaction with support is a struggle, and I'm not happy about it.",complaint,73
I'm starting to lose patience with how unhelpful your support has been lately.,complaint,78
The quality of help I’ve received is far below what I expected from you.,complaint,72
"I've tried being patient, but the lack of support is beyond frustrating now.",complaint,76
Your team needs to step up; this level of service is unacceptable.,complaint,66
It's incredibly disheartening to see such a decline in your support services.,complaint,77
"I was hoping for a quick resolution, but it seems like no one cares.",complaint,68
This has been the worst experience I've ever had; I'm seriously disappointed.,complaint,77
"I've had nothing but issues since I signed up, and I'm really tired of it.",complaint,74
Your support is just unacceptable. I expected better.,complaint,53
This is becoming a joke. I've tried reaching out several times and no one is helping.,complaint,85
I don’t understand how you can call this customer service.,complaint,58
I'm not happy at all with how my concerns are being handled.,complaint,60
The lack of communication is ridiculous. I deserve better than this.,complaint,68
"Honestly, I'm just fed up with the way I've been treated as a customer.",complaint,71
I feel completely ignored by your support team.,complaint,47
Why is it so hard to get a simple answer? This is frustrating.,complaint,62
"I’ve been let down time and again, and it’s really disappointing.",complaint,65
"Your service has made my life so much harder, and I want to know why.",complaint,69
I expected much more from a company of your reputation.,complaint,55
I just want to express my dissatisfaction with how things are going.,complaint,68
It's unacceptable to leave customers hanging like this.,complaint,55
"I've never felt so unvalued as a customer, and it’s really disheartening.",complaint,73
"This experience has been overwhelmingly negative, and it needs to change.",complaint,73
I can’t help but feel like my issues don’t matter to you.,complaint,57
Your lack of support is making me reconsider my choice to use your service.,complaint,75
"I just don’t feel heard, and that's incredibly frustrating.",complaint,59
The overall experience has left a bad taste in my mouth.,complaint,56
I shouldn’t have to chase after you for help; this is not okay.,complaint,63
I am growing increasingly frustrated with the lack of response.,complaint,63
I’ve had it with this service. I expected much more.,complaint,52
Can someone please address my concerns? I'm losing my patience here.,complaint,68
"I've had such a terrible experience with your support team, it's unbelievable.",complaint,78
I can't believe how long it's taken for someone to help me; this is getting ridiculous.,complaint,87
The level of service I've received has been beyond disappointing.,complaint,65
"Honestly, I’m just fed up. This has been the worst experience I've had with any company.",complaint,88
I've reached out multiple times and still no response; this is unacceptable!,complaint,76
I expected much better service from you guys. This is really frustrating.,complaint,73
It seems like nobody at your company cares about customers at all.,complaint,66
"I wish I could say something nice, but this has just been so disappointing.",complaint,75
"Every time I contact support, it's like I'm talking to a wall.",complaint,62
"I've been patient, but this is just too much. I need someone to take my complaints seriously.",complaint,93
I really thought your service would be better. This has been a letdown.,complaint,71
Can someone please explain why it’s so hard to get a proper response?,complaint,69
I'm really unhappy with how things have been handled. This needs to improve.,complaint,76
I feel ignored and frustrated. This is not how you treat customers!,complaint,67
Your customer service is a joke. I can’t believe how poorly I've been treated.,complaint,78
I shouldn’t have to chase after help; this is exhausting and frustrating.,complaint,73
The lack of communication from your team is really disappointing.,complaint,65
"Honestly, I didn't expect to be this upset over a service issue.",complaint,64
Why is it so hard to get a straight answer from anyone?,complaint,55
This experience has left a really bad taste in my mouth.,complaint,56
I've seen better service from other companies; this is just sad.,complaint,64
I don’t know how you stay in business if this is how you treat customers.,complaint,73
I can’t get over how unhelpful your staff has been. This is insane.,complaint,67
"I thought I signed up for quality service, but I’ve received anything but.",complaint,74
My patience is wearing thin with how unresponsive your team has been.,complaint,69
I can't believe how unresponsive your support team has been.,complaint,60
"I had high hopes for your service, but I'm really let down.",complaint,59
"I feel ignored; I've reached out multiple times, but no one is helping.",complaint,71
"I've been trying to get assistance, but it's like talking to a wall.",complaint,68
I've never felt more frustrated with a company's support in my life.,complaint,68
Your customer service is seriously lacking; it shouldn't be this hard.,complaint,70
I've waited long enough for help; this is unacceptable.,complaint,55
I've had better luck getting answers from a fortune cookie.,complaint,59
"The last few times I've contacted support, I've been left in the dark.",complaint,70
I can't express how unhappy I am with your service quality.,complaint,59
"Instead of solving my problem, I've ended up feeling more confused.",complaint,67
"Every time I reach out, I feel like I'm just wasting my time.",complaint,61
"I expected better, but your support has been a total letdown.",complaint,61
"I've tried everything to get help, and nothing seems to work.",complaint,61
I'm at my wit's end with the lack of communication from your team.,complaint,66
It seems like my concerns are falling on deaf ears.,complaint,51
"I really need someone to take my complaint seriously, but it feels like nobody cares.",complaint,85
"I keep getting routed to the same dead-end, and it's beyond frustrating.",complaint,72
This isn't the level of service I anticipated; I'm quite upset.,complaint,63
Why is it so difficult to find someone who can actually assist me?,complaint,66
"I wish I could say something positive, but I’m really unhappy with my experience.",complaint,81
Every interaction has left me more frustrated than the last.,complaint,60
I feel like I'm shouting into the void with no response.,complaint,56
I can't believe a company of your size can neglect customer service like this.,complaint,78
I've tried reaching out multiple times and it's like I'm being ignored. This is unacceptable!,complaint,93
"Honestly, I expected much better service from you guys. This feels really unprofessional.",complaint,89
The lack of communication is driving me nuts. I feel completely in the dark here!,complaint,81
It's frustrating that I can't get anyone to help me. I feel like I'm just spinning my wheels.,complaint,93
"I had high hopes for your company, but this experience has been a letdown.",complaint,74
This is not the level of service I signed up for. I'm seriously reconsidering my options.,complaint,89
I can't believe how unhelpful your support has been. It's incredibly frustrating!,complaint,81
I feel like I've wasted my time trying to resolve this with you. So disappointing!,complaint,82
I've encountered so many issues with your service lately. It's really making me reconsider.,complaint,91
"Waiting for assistance is taking way too long, and I'm not happy about it at all!",complaint,81
"I've been a loyal customer, but I'm really upset with how I've been treated lately.",complaint,83
Your customer service is lacking. I'm feeling very let down right now.,complaint,70
I can't even get a simple question answered. This is so annoying!,complaint,65
I don't appreciate being left in the dark for days. This is not how you treat your customers.,complaint,93
I expected a lot more from your support team. This is honestly the worst experience I've had.,complaint,93
My patience is running thin. I need better service than this!,complaint,61
I feel like I'm just getting the runaround. Where is the support I need?,complaint,72
"I've been nothing but patient, but this situation is getting ridiculous.",complaint,72
I'm incredibly frustrated with how my concerns have been handled. It's unacceptable!,complaint,84
I reached out for help and it's like talking to a wall. Please improve your responses!,complaint,86
It's disappointing to see how poorly you manage customer inquiries.,complaint,67
"I've had enough of the delays. I need answers, not excuses!",complaint,59
This level of service is simply not what I expect from your company.,complaint,68
I can't express how frustrated I am with your lack of response. It's infuriating!,complaint,81
I've never felt this neglected by a company before. This is very disappointing.,complaint,79
I can't believe how unhelpful your support team is.,complaint,51
This is beyond frustrating; I've received no help at all.,complaint,57
Your service has really dropped the ball lately.,complaint,48
"I expected better from a company like yours, but this is unacceptable.",complaint,70
I've lost count of how many times I've reached out with no response.,complaint,68
Is anyone even monitoring your support channels? This is a joke.,complaint,64
"I've been a loyal customer, but this experience has made me reconsider.",complaint,71
"I just wanted assistance, but instead, I feel ignored.",complaint,54
The lack of support is infuriating; I just need someone to listen.,complaint,66
"I never thought I'd say this, but I'm seriously regretting my choice to use your service.",complaint,89
"Every time I reach out, I get more frustrated. Why is it so hard to get help?",complaint,77
I feel like I'm talking to a wall—no one seems to care about my concerns.,complaint,73
"After waiting hours for a response, I'm left feeling completely disregarded.",complaint,76
This is the most frustrating experience I've ever had with a customer service team.,complaint,83
I'm really not happy with how my questions have been treated.,complaint,61
Your lack of communication is making matters worse; it's unacceptable.,complaint,70
I don’t feel valued as a customer; it’s disheartening.,complaint,54
"Seriously, how hard is it to provide decent customer service?",complaint,61
I wish someone would just take the time to address my concerns properly.,complaint,72
"I’ve tried to resolve this multiple times, and each time I feel let down.",complaint,73
I can't keep waiting for help that never comes; this is ridiculous.,complaint,67
This kind of service is not what I signed up for.,complaint,49
"I don't want to escalate my issue, but I'm out of options here.",complaint,63
Can someone please explain why it takes so long to get a response?,complaint,66
It’s disappointing to see how poorly my concerns are being handled.,complaint,67
I'm really disappointed with how I've been treated by your support team.,complaint,72
This is getting ridiculous; I've reached out multiple times and still no answer!,complaint,80
Your service is not as good as it used to be; I'm quite unhappy with the changes.,complaint,81
I expected much more from your company; I'm very dissatisfied with the support I've received.,complaint,93
"I've been trying to get help, but it feels like no one cares about my concerns.",complaint,79
I'm not happy with the level of service; I feel like I'm being ignored.,complaint,71
I can't believe how poor the customer support is; it's really frustrating.,complaint,74
"Every time I contact you, I leave feeling more frustrated than before.",complaint,70
It's unacceptable to have to wait this long for a response from your team.,complaint,74
I really wish I could speak to someone who cares; this is just awful.,complaint,69
I feel completely let down by how my issue was handled; quite disappointing.,complaint,76
The lack of communication is unacceptable; I deserve better!,complaint,60
I'm shocked at how unhelpful your support team has been; this needs to change.,complaint,78
"It’s been days since I reached out, and I haven't heard a thing; this is unacceptable.",complaint,86
Your service quality has really gone downhill; I'm seriously considering switching companies.,complaint,93
I feel like I'm just being brushed off; this isn't how you treat customers.,complaint,75
It’s so frustrating that I can't get proper assistance when I need it.,complaint,70
I've had a terrible experience; I'm really regretting my choice to go with your service.,complaint,88
I don't appreciate being left in the dark; communication is key and it's lacking here.,complaint,86
This whole process has been a mess; it's disappointing to say the least.,complaint,72
I'm tired of feeling like my concerns aren't taken seriously; it’s infuriating.,complaint,79
The support I received was less than helpful; I was expecting much better.,complaint,74
It's hard to believe that this is the standard of service you provide; I'm very upset.,complaint,86
I've never faced such poor customer service; I really need someone to make this right.,complaint,86
"Honestly, I just want someone who will actually listen to my concerns.",complaint,70
This is not how a customer should be treated; I am extremely frustrated.,complaint,72
This is getting ridiculous; I've reached out multiple times and still haven't heard back.,complaint,89
"I thought your company valued customers, but my experience says otherwise.",complaint,74
"Honestly, I'm very disappointed with how I've been treated as a customer.",complaint,73
I've been promised solutions that never come; it's incredibly frustrating.,complaint,74
Your team seems to lack basic knowledge about your own services.,complaint,64
I don't understand how it takes so long to get a simple question answered.,complaint,74
Why does it feel like I'm talking to a wall when I reach out for help?,complaint,70
"I expected much better from your company, and I'm seriously let down.",complaint,69
It’s unacceptable how long it’s taken to get any sort of assistance from you.,complaint,77
"I feel ignored and undervalued as a customer, and that's not right.",complaint,67
My experience has been so poor that I’m considering taking my business elsewhere.,complaint,81
I've had a negative experience at every interaction I've had with your support.,complaint,79
Can someone please explain why I’m being treated this way?,complaint,58
I really need to express how dissatisfied I am with your service.,complaint,65
"Your customer support is really lacking, and it’s frustrating me to no end.",complaint,75
"Every time I need help, it feels like no one cares to respond.",complaint,62
I shouldn’t have to chase you down for basic support; it’s disgraceful.,complaint,71
"Your service has gone downhill, and I’m truly upset about it.",complaint,61
I can't help but feel disappointed; this isn’t what I signed up for.,complaint,68
"There are way too many delays, and my patience is wearing thin.",complaint,63
I feel like I’m just another number; where’s the customer service?,complaint,66
I shouldn't have to fight for decent service; this is really annoying.,complaint,70
I’m so tired of this back-and-forth with no resolution in sight.,complaint,64
It’s difficult to believe I’m valued when your support is this poor.,complaint,68
I can't believe how long it takes to get a response from your team.,complaint,67
"Honestly, I'm really disappointed with the level of service I've received.",complaint,74
I expected better after hearing so many good things about you guys.,complaint,67
This is getting ridiculous; I've reached out multiple times without any feedback.,complaint,81
"Your wait times are unacceptable, and I'm very frustrated.",complaint,58
I just don't understand why it's so hard to get help around here.,complaint,65
"I've had a terrible experience, and it's really making me reconsider my loyalty.",complaint,80
"I've been trying to resolve this for over a week now, and it's infuriating.",complaint,75
I feel completely ignored; my concerns are important too!,complaint,57
This is absurd; I thought customer satisfaction was a priority for your company.,complaint,80
I can't stress how upset I am with the service I've received lately.,complaint,68
"Your support team is unresponsive, and it's causing me a lot of stress.",complaint,71
"I was hoping for prompt assistance, but all I've gotten is silence.",complaint,67
It's frustrating when the service doesn't live up to the promises made.,complaint,71
"I've been a loyal customer, but I'm seriously considering my options now.",complaint,73
I didn't expect to encounter this level of unhelpfulness.,complaint,57
"This isn't the kind of service I signed up for, and I'm really unhappy.",complaint,71
It feels like I'm talking to a wall; no one is listening to my issues.,complaint,70
I shouldn't have to beg for support; this is very disappointing.,complaint,64
It's unacceptable to have to wait this long without communication.,complaint,66
"I really thought your company valued its customers, but I'm not feeling that right now.",complaint,87
"After this experience, I can’t recommend your service to anyone.",complaint,64
"I wish I could say something positive, but this has been a nightmare.",complaint,69
This experience has left a sour taste in my mouth.,complaint,50
I'm feeling quite let down; I expected much better from you.,complaint,60
"For a company that prides itself on customer care, this is pathetic.",complaint,68
I can't believe how long it takes to get a response from you guys.,complaint,66
This is just unacceptable; I've tried reaching out multiple times with no luck.,complaint,79
I feel completely ignored by your team; it's really disappointing.,complaint,66
Your service is not what I expected; I've had better experiences elsewhere.,complaint,75
I was promised a callback that never happened; this is really frustrating.,complaint,74
"Honestly, I've never encountered such poor support before.",complaint,58
I can't get over how unhelpful your representatives have been.,complaint,62
"It’s been days since I reached out, and I still have no idea what's going on.",complaint,77
Your customer service is lacking; I expected better from such a big name.,complaint,73
I've had nothing but problems; this whole experience has been a headache.,complaint,73
This has been a nightmare; I just want some decent help here.,complaint,61
I’ve lost all faith in your company’s ability to assist customers.,complaint,66
Why is it so hard to get someone to help me? It’s infuriating.,complaint,62
I’m honestly fed up with how my concerns are being handled.,complaint,59
"Every time I reach out, it feels like I'm speaking to a brick wall.",complaint,67
This is the worst service I've ever experienced; I'm seriously reconsidering my options.,complaint,88
I just don't understand why it's so hard to get basic support.,complaint,62
Your team seems overwhelmed and it's affecting customer service terribly.,complaint,73
I expected you to handle this better; I'm really disappointed.,complaint,62
"I shouldn't have to chase you down for answers, it's incredibly frustrating.",complaint,76
It's like I'm invisible; no one seems to care about my issue.,complaint,61
"I've wasted so much time trying to get help, and I'm really unhappy about it.",complaint,77
"I thought I was signing up for great service, but this is ridiculous.",complaint,69
I don’t appreciate how I’ve been treated; I deserve better.,complaint,59
"Every time I reach out, I feel more frustrated and unheard.",complaint,59
Can someone please take my concerns seriously? This is getting out of hand.,complaint,75
"I can't believe how long I've been waiting for help, this is beyond unacceptable.",complaint,81
"I've reached out multiple times and still no one has gotten back to me, what is going on?",complaint,89
This is such a disappointing experience; I expected much better service.,complaint,72
"Honestly, I'm really fed up with how I've been treated by your team.",complaint,68
"Every time I try to get in touch, it's like I'm talking to a wall. This is infuriating.",complaint,87
"I feel completely ignored; my issues should be a priority, but they clearly aren’t.",complaint,83
What happened to your customer service? It seems to have gone downhill fast.,complaint,76
I've had it with this level of service; I deserve better as a customer.,complaint,71
Can someone please explain why it’s so hard to get a simple answer?,complaint,67
"I tried being patient, but this delay has just crossed the line.",complaint,64
I’m really unhappy with how my concerns have been handled so far.,complaint,65
"Your customer support is impossible to reach, and it's driving me crazy.",complaint,72
This is turning into a nightmare; I just want my issue resolved already.,complaint,72
It’s frustrating that I have to chase you down just to get a response.,complaint,70
"I've been a loyal customer, and this service is not what I signed up for.",complaint,73
I don’t understand how it can be this difficult to get support.,complaint,63
This has been one of the worst experiences I've had with any company.,complaint,69
I can’t express how disappointed I am with your lack of communication.,complaint,70
I've been left in the dark for too long; this is unacceptable!,complaint,62
"Every time I reach out, I'm met with silence. Is anyone even there?",complaint,67
I'm incredibly frustrated with the lack of urgency on my case.,complaint,62
This service is falling short of my expectations in every way.,complaint,62
It's embarrassing how poorly I've been treated by your support team.,complaint,68
"I expected better, and I’m not getting any answers or help at all.",complaint,66
I really need someone to take my complaint seriously; this can’t keep happening.,complaint,80
This level of service is shocking; I don't think I'll be sticking around much longer.,complaint,85
I can't believe how unhelpful your team is.,complaint,43
This is unacceptable; I've had nothing but issues dealing with your support.,complaint,76
I feel completely ignored by your customer service.,complaint,51
It’s really disappointing to see such poor service.,complaint,51
"I was promised assistance, but no one has gotten back to me.",complaint,60
"Honestly, my experience with your support has been nothing short of frustrating.",complaint,80
"I’ve reached out multiple times, and it’s like nobody cares.",complaint,60
This experience has left a bad taste in my mouth.,complaint,49
"I've been put on hold forever, and still no resolution in sight.",complaint,64
Why is it so hard to get decent help from your team?,complaint,52
I expected better from a company of your stature.,complaint,49
I’m fed up! Your service just doesn’t meet my expectations.,complaint,59
"After waiting so long, I’m starting to lose faith in your support team.",complaint,71
"I've had to repeat myself countless times, and it’s just exhausting.",complaint,68
I can't stress enough how dissatisfied I am with your service.,complaint,62
"Communication has been terrible, and I need answers now.",complaint,56
I don't understand why it's so hard for anyone to assist me.,complaint,60
"It’s been over a week since I reached out, and I’m still waiting!",complaint,65
I really thought you guys would be better than this.,complaint,52
Your support system is just not working for me.,complaint,47
I’m losing my patience trying to get a simple answer.,complaint,53
The lack of response is really frustrating and unprofessional.,complaint,62
I’ve been disappointed time and time again with your service.,complaint,61
This is not what I expected when I signed up with you.,complaint,54
Can someone please take my concerns seriously for once?,complaint,55
I refuse to accept this level of customer care any longer.,complaint,58
"I can't believe how unhelpful your team has been, I'm really disappointed.",complaint,74
"This is not the service I expected, I've been let down.",complaint,55
I've reached out multiple times and still haven't heard back; this is unacceptable.,complaint,83
"I didn't sign up for this level of service, it's really frustrating.",complaint,68
"Honestly, it's been a nightmare trying to get support from you.",complaint,63
"Your customer service is lacking, and it's making my experience awful.",complaint,70
"I feel ignored and undervalued as a customer, and it's upsetting.",complaint,65
"I thought I would get better assistance, but this has been a total waste of time.",complaint,81
"I'm very unhappy with how my concerns have been handled, it’s just not right.",complaint,77
"It's been ages since I contacted you guys, and I've received no help at all.",complaint,76
"The lack of communication from your side is appalling, I'm really annoyed.",complaint,74
"I was hoping for a resolution, but instead, I'm left more frustrated than ever.",complaint,79
"This has been the worst experience I've had with any company, truly disappointing.",complaint,82
I don’t understand why it’s so difficult to get decent support from you.,complaint,72
I expected much more from your brand; this is seriously disappointing.,complaint,70
"I've never encountered such poor service, it's really frustrating me.",complaint,69
Why is it so hard to get a simple answer? I'm losing my patience here.,complaint,70
"I thought I'd get some help, but instead, I've been met with silence.",complaint,69
"I'm really upset with the way my issue has been handled, it’s just not fair.",complaint,76
I feel like I'm talking to a wall; no one seems to care about my problem.,complaint,73
Your support should be better; I'm incredibly dissatisfied with my experience.,complaint,78
I can't stress enough how unsatisfactory this service has been.,complaint,63
What kind of customer service is this? I'm very unhappy right now.,complaint,66
"Just when I thought it couldn't get worse, it did; I'm so frustrated.",complaint,69
I’m really not pleased at all with your service; I expected more professionalism.,complaint,81
I'm really disappointed with how long it takes to get a response.,complaint,65
I can't believe how unhelpful your support team has been; this is unacceptable.,complaint,79
"I expected much better service from your company, but this has been a nightmare.",complaint,80
I've reached out multiple times and still haven't received any assistance.,complaint,74
"Honestly, I've never felt this frustrated with a company's support before.",complaint,74
The lack of communication from your team is incredibly frustrating.,complaint,67
I'm not happy with the way my concerns have been treated; it feels like no one cares.,complaint,85
It's been over a week and still no one has acknowledged my issue. This is ridiculous.,complaint,85
This is the most frustrating experience I've ever had with customer service.,complaint,76
I’m feeling completely ignored and it’s really upsetting.,complaint,57
Your customer service leaves a lot to be desired; I’m very dissatisfied.,complaint,72
"I was promised quick help, but instead, I'm left hanging.",complaint,57
I can't believe how long I have to wait for a simple answer; this is unacceptable.,complaint,82
"The service I've received has been below my expectations, to say the least.",complaint,75
I’m really unhappy with how my situation is being handled; it’s like nobody cares.,complaint,82
I feel like I’ve been shouting into the void with no response whatsoever.,complaint,73
"I was hoping for swift service, but I've ended up feeling very let down.",complaint,72
Your support has not only been slow but also unhelpful. This is frustrating.,complaint,76
I've had better service from companies that don't even specialize in customer support.,complaint,86
"Every time I reach out, it feels like I'm just wasting my time.",complaint,63
This is the worst experience I’ve ever had. I expected more from you.,complaint,69
Can someone please do their job? This is beyond frustrating.,complaint,60
"I've been more than patient, but this wait is unacceptable.",complaint,59
It seems like nobody actually wants to help me; I'm incredibly frustrated.,complaint,74
I can't stand how bad the support is; it really needs to improve.,complaint,65
I'm really unhappy with how my issue was handled.,complaint,49
This is unacceptable; I expected better from your team.,complaint,55
I've reached out multiple times and still no help. How is this customer service?,complaint,80
"Honestly, I'm fed up with how your support team operates.",complaint,57
I feel completely ignored. It's like I'm shouting into the void here.,complaint,69
"The last time I contacted you, it took forever to get a response. Not cool.",complaint,75
"Your support is lacking, and it's making me reconsider my choices.",complaint,66
I can't believe how difficult it is to get any help from your company.,complaint,70
"This experience has been so disappointing, I don't know where to start.",complaint,71
"I hate to complain, but this has been the worst customer experience I've had.",complaint,77
You really need to improve your response times; it's frustrating.,complaint,65
I never thought I'd feel this let down by a company I used to like.,complaint,67
I can't express enough how displeased I am with your service.,complaint,61
It's frustrating when I only get automated replies and no real help.,complaint,68
I've had it with your customer support; it's just not working for me.,complaint,69
"I was promised a solution, but nothing has happened. I'm very disappointed.",complaint,75
"Each time I call, I seem to get a different story. It’s infuriating!",complaint,68
"Your service is consistently subpar, and it's really upsetting.",complaint,63
I feel like I'm being brushed off every time I reach out.,complaint,57
I'm starting to lose faith in your company due to this poor support.,complaint,68
This has been a nightmare trying to get the help I need.,complaint,56
Why is it so hard to get someone who can actually assist me?,complaint,60
"I thought things would improve, but it’s just getting worse.",complaint,60
I just can't deal with the lack of professionalism anymore.,complaint,59
This is not how you treat loyal customers; I'm very disappointed.,complaint,65
I can't believe how poor your service has become lately.,complaint,56
I feel completely ignored; it's been weeks since I reached out.,complaint,63
The lack of response from your team is incredibly frustrating.,complaint,62
It seems like no one cares about customer feedback here.,complaint,56
"I expected better from your company, but this experience has been disappointing.",complaint,80
"Honestly, I've never had such a bad experience with customer service before.",complaint,76
This is absolutely unacceptable; I deserve better treatment.,complaint,60
"Your support team is just not doing their job, and it's infuriating.",complaint,68
I can't believe I have to keep repeating myself with no results.,complaint,64
"My experience has been nothing short of a nightmare, and I'm fed up!",complaint,68
I'm starting to lose faith in your company due to this terrible service.,complaint,72
"Every time I reach out, it just seems to get worse. What’s going on?",complaint,68
"I was hoping for a resolution, but I'm just left waiting and frustrated.",complaint,72
I'm very disappointed that no one has taken my issue seriously.,complaint,63
I don’t appreciate feeling like just another number in your system.,complaint,67
Your lack of communication is driving me up the wall.,complaint,53
"I thought you valued your customers, but this is disheartening.",complaint,63
It’s hard to believe how unhelpful your support has been.,complaint,57
Why does it take so long to get any sort of assistance from your team?,complaint,70
I feel like I'm talking to a brick wall here; no one is listening.,complaint,66
"I thought I was a valued customer, but this makes me feel otherwise.",complaint,68
This has been the most frustrating experience I've ever had.,complaint,60
I've had to escalate my issues too many times; this is ridiculous.,complaint,66
"I really expected more from you, and now I'm just disappointed.",complaint,63
I don’t know how you can call this customer service; it’s a joke.,complaint,65
This is so disappointing; I've come to expect better from you.,complaint,62
I've reached out multiple times and still no one has addressed my concerns.,complaint,75
Your service has really let me down this time.,complaint,46
"Honestly, I'm just fed up with the lack of response from your team.",complaint,67
I feel completely ignored and it's quite frustrating.,complaint,53
"Each time I contact you, it feels like I'm talking to a wall.",complaint,61
It's hard to believe how poor the service has gotten lately.,complaint,60
"I was really hoping for better support, but this is unacceptable.",complaint,65
This situation is driving me crazy; I just want some help.,complaint,58
"I've been trying to get assistance, but it seems like no one cares.",complaint,67
I can't express how upset I am with the service I received.,complaint,59
Your team has not been helpful at all; it's beyond frustrating.,complaint,63
It feels like my concerns are being brushed aside.,complaint,50
I am extremely disappointed with how I've been treated.,complaint,55
"Every time I reach out, I end up more frustrated than before.",complaint,61
"I thought I could rely on your customer service, but I was wrong.",complaint,65
I've never experienced such poor service in my life; please fix this.,complaint,69
My patience is wearing thin with the lack of support from your side.,complaint,68
It seems like no one is willing to take my issues seriously.,complaint,60
The way my previous inquiries were handled was just unacceptable.,complaint,65
I don't understand how it can take so long to get a simple question answered.,complaint,77
I expected better from your company; this is really disappointing.,complaint,66
I'm genuinely frustrated; I've been a loyal customer for years and this is how I’m treated?,complaint,91
This is getting ridiculous; no one seems to care about resolving my issue.,complaint,74
This has been such a disappointing experience for me.,complaint,53
"Honestly, your service has let me down badly.",complaint,45
I feel like I'm just being ignored over here.,complaint,45
Why is it so hard to get decent support from your team?,complaint,55
"I've reached out multiple times, and nothing has changed.",complaint,57
This is seriously unacceptable; I expected better.,complaint,50
I'm really unhappy with how I've been treated as a customer.,complaint,60
"I tried to get assistance, but I feel like I've hit a brick wall.",complaint,65
It feels like nobody at your company cares about customer satisfaction.,complaint,71
I don't understand why it takes so long to get a response.,complaint,58
This is the kind of service that makes me want to cancel my account.,complaint,68
"I keep waiting for a follow-up, but nothing ever comes.",complaint,55
I'm tired of being kept in the dark with no updates.,complaint,52
I expected a lot more from a company of your reputation.,complaint,56
It’s frustrating to deal with support that doesn’t really help.,complaint,63
"I thought things would improve, but they have just gotten worse.",complaint,64
"Honestly, I've faced better service at fast-food restaurants.",complaint,61
There seems to be a complete lack of urgency from your support team.,complaint,68
I feel completely disregarded as a customer right now.,complaint,54
Your service has been inconsistent and very disappointing.,complaint,58
I don’t appreciate being brushed off when I have concerns.,complaint,58
This whole situation is incredibly frustrating for me.,complaint,54
I’m really at my wit's end with how things are being handled.,complaint,61
I've never felt so undervalued as a customer before.,complaint,52
"I expected prompt service, but this is beyond ridiculous.",complaint,57
I'm really disappointed with how slow your support team is to respond.,complaint,70
This is getting ridiculous—I've reached out multiple times and still no answer!,complaint,79
"I expected better service from your company, but this is just unacceptable.",complaint,75
"Honestly, I've never encountered such poor customer service before.",complaint,67
"I feel like I'm just being ignored, and it's really frustrating.",complaint,64
I can't believe how unhelpful your representatives have been.,complaint,61
I've had such a terrible experience that I'm considering switching services.,complaint,76
"It seems like nobody cares about resolving my issues, and it's disheartening.",complaint,77
"I waited on hold for so long, and when I finally got through, nothing was accomplished.",complaint,87
I don’t understand how it’s so hard to get a simple response from you.,complaint,70
"Every time I try to get help, it feels like I'm wasting my time.",complaint,64
"I've dealt with many companies, but this is by far the worst support I've received.",complaint,83
The lack of communication from your team is really upsetting.,complaint,61
I'm not sure if anyone is actually working on my issue—it's been too long.,complaint,74
I feel like I’m talking to a wall every time I reach out for help.,complaint,66
"Your service promised a lot, but I’ve been left feeling let down.",complaint,65
I find it hard to believe that no one can help me after all this time.,complaint,70
This level of service is just not what I signed up for.,complaint,55
It’s frustrating to see no improvement despite my repeated complaints.,complaint,70
I never thought I'd have to go through so much hassle just to get assistance.,complaint,77
I've lost faith in your company because of how poorly I've been treated.,complaint,72
"This experience has been so stress-inducing, I just want it resolved.",complaint,69
"Frankly, I’m shocked at how little effort has been put into addressing my problems.",complaint,83
"I've been very patient, but my patience is running thin with this service.",complaint,74
"I expected prompt support, not this endless waiting and silence.",complaint,64
It feels like I'm just talking to a wall here; nobody seems to care.,complaint,68
The lack of assistance is really disappointing; I've reached out multiple times.,complaint,80
"Honestly, I've never felt so ignored by a company before.",complaint,57
"Your service has been a total letdown, and I'm seriously reconsidering my options.",complaint,82
I expected much better; this experience is unacceptable.,complaint,56
Why is it so hard to get a simple answer from your team?,complaint,56
I’m really upset that my previous concerns have gone unaddressed.,complaint,65
This has been a frustrating experience from start to finish.,complaint,60
"I've had enough; I've been patient, but this is ridiculous.",complaint,59
You're losing a long-time customer because of poor service.,complaint,59
I just want someone to take my complaint seriously; is that too much to ask?,complaint,76
This is the most frustrating experience I’ve had; I need help now!,complaint,66
"I was promised quick support, but it's been days with no word from anyone.",complaint,74
I can't keep dealing with this level of service; it's infuriating.,complaint,66
"Every time I try to get help, I just feel more frustrated than before.",complaint,70
I thought your company stood for quality service; this is far from it.,complaint,70
I've had enough of this nonsense; I deserve better treatment.,complaint,61
Trying to reach you has been a nightmare; it shouldn’t be this hard.,complaint,68
Your customer service is seriously lacking; I expected much more.,complaint,65
This has been a terrible experience — I'm seriously considering leaving.,complaint,72
I feel like I've been wasting my time; this is unacceptable.,complaint,60
The communication has been awful; I can’t get anyone to help me.,complaint,64
I’m beyond frustrated; this is not how you treat your customers.,complaint,64
It’s disheartening to see such poor service from a company I used to trust.,complaint,75
I can't believe how unhelpful your support has been lately.,complaint,59
"Every time I reach out, I feel like I'm talking to a wall.",complaint,58
I've had enough of this lack of communication from your team.,complaint,61
"Frankly, I expected a lot more from your service.",complaint,49
Your customer service is beyond disappointing.,complaint,46
It’s been a week and no one has even acknowledged my concerns.,complaint,62
Why is it so hard to get a simple answer?,complaint,41
I’m seriously reconsidering my choice to use your services.,complaint,59
The level of service I’ve received is unacceptable.,complaint,51
I’m really unhappy with how my issue has been handled—or not handled.,complaint,69
Can someone please explain why I’m being ignored?,complaint,49
I’m beyond frustrated; I just want answers!,complaint,43
I never thought it could be this difficult to get support.,complaint,58
This is the second time I’ve been let down by your customer service.,complaint,68
"I feel like a valued customer, but right now, I'm just feeling frustrated.",complaint,74
"Honestly, I think your support team needs serious retraining.",complaint,61
Waiting forever for a response is not what I signed up for.,complaint,59
I’m really disappointed with how my situation has been managed.,complaint,63
I can't stress enough how frustrating this whole experience has been.,complaint,69
Your service was great once; what happened?,complaint,43
I just want someone to take my complaint seriously instead of brushing it off.,complaint,78
I feel like my issues don’t matter to you at all.,complaint,49
I was expecting a lot more professionalism from your support team.,complaint,66
"I've dealt with many companies, and this is by far the worst support I've encountered.",complaint,86
I'm seriously thinking about taking my business elsewhere if this keeps up.,complaint,75
This is unacceptable; I've been trying to get help for days.,complaint,60
I didn't expect to feel this disappointed with your service.,complaint,60
"Honestly, this is the last time I try to get support from you.",complaint,62
Your customer service has been a nightmare; I feel ignored.,complaint,59
I’m really not happy with how my concerns have been handled.,complaint,60
How can you call this customer support? It’s just frustrating.,complaint,62
I expected better from a company like yours.,complaint,44
The lack of support is really disappointing.,complaint,44
I've reached out multiple times with no reply; it's infuriating.,complaint,64
I am fed up with the way my issue has been treated.,complaint,51
You’ve made it extremely difficult for me to get any assistance.,complaint,64
I’ve had a terrible experience; I’m starting to regret my choice.,complaint,65
You guys need to seriously improve your customer service.,complaint,57
I don’t understand why I haven’t received any follow-up.,complaint,56
"Every time I reach out, I feel like I’m talking to a wall.",complaint,58
This is not how you should treat your customers; I'm very upset.,complaint,64
I feel completely disregarded; this is not okay.,complaint,48
It’s frustrating that I can’t get anyone to listen to me.,complaint,57
"I thought I chose a reputable company, but I’m very disappointed.",complaint,65
The service quality has dropped significantly; I’m not happy.,complaint,61
I honestly don’t know why I even bother contacting you anymore.,complaint,63
It’s embarrassing how poor your support has become.,complaint,51
I should not have to beg for assistance; this is ridiculous.,complaint,60
I’m just really upset that nobody seems to care about my issue.,complaint,63
"I was expecting help, but instead, I’ve just faced more problems.",complaint,65
"I've tried contacting support multiple times, and it's like talking to a wall.",complaint,78
This is so disappointing; I expected much better from your company.,complaint,67
"Honestly, I'm incredibly dissatisfied with how things have been handled.",complaint,72
"Your representatives seem completely unhelpful, and it's frustrating.",complaint,69
I am beyond upset with the lack of communication from your team.,complaint,64
"I've spent hours trying to get help, and I feel completely ignored.",complaint,67
Can someone please explain why my concerns are being brushed off?,complaint,65
I've had a terrible experience and just want it to be resolved.,complaint,63
"Your service is consistently unreliable, and I can't tolerate it anymore.",complaint,73
"I expected a certain standard from you, but this is unacceptable.",complaint,65
"It feels like no one cares about customer issues, which is very disheartening.",complaint,78
"I've always been a loyal customer, but this has seriously tested my patience.",complaint,77
I can't stand how long it's taking to get even a simple answer.,complaint,63
It's really frustrating that I have to keep repeating myself to get help.,complaint,73
This entire situation has left a sour taste in my mouth.,complaint,56
I'm really disappointed; I thought your company valued its customers.,complaint,69
"I've reached out multiple times, but nothing changes; it's infuriating!",complaint,71
"Your customer service is lacking, and it's affecting my experience.",complaint,67
Why is it so difficult to get a straightforward response?,complaint,57
I'm fed up with this; I need to see some improvement immediately.,complaint,65
It’s hard to believe how unresponsive your support team is.,complaint,59
Why am I left in the dark after reaching out for help?,complaint,54
This experience has made me question my loyalty to your brand.,complaint,62
"I thought I could rely on you, but this is seriously letting me down.",complaint,69
I'm not happy at all; this needs to be addressed right away.,complaint,60
I can't believe how poor your service has been lately.,complaint,54
I've reached out multiple times and still haven't gotten a response. This is ridiculous!,complaint,88
"I expected much better from a company of your reputation, but I'm really disappointed.",complaint,86
"Honestly, I'm just fed up with my experience. It feels like no one cares.",complaint,73
This is absolutely unacceptable. I've never encountered such poor service.,complaint,74
You have lost a loyal customer because of your lack of communication.,complaint,69
I feel like I'm talking to a wall. This is the worst service I've dealt with.,complaint,77
I'm really frustrated with the way my concerns have been handled.,complaint,65
"I've been trying to get help for days, and I'm losing my patience!",complaint,66
Is anyone even paying attention to customer complaints? This is infuriating!,complaint,76
"Your support team is unresponsive, and it's making me rethink my choice.",complaint,72
"I thought I would receive better customer care, but this has been a nightmare.",complaint,78
"Every time I reach out, I get more and more frustrated. Something needs to change.",complaint,82
I can’t believe how long I’ve been waiting for assistance. This is terrible service.,complaint,84
I am really disappointed with how my issue has been addressed so far.,complaint,69
I've had such a negative experience that I'm seriously contemplating leaving your service.,complaint,90
Can someone please explain why I'm being ignored? It's so frustrating!,complaint,70
This is getting ridiculous. I expected more from your company.,complaint,62
I’m really unhappy with the support I’ve been receiving. What’s going on?,complaint,73
Why is it so hard to get a simple response? This is beyond frustrating.,complaint,71
Your service has let me down time and again. I just want to be heard.,complaint,69
"I thought I was being unreasonable, but this lack of support is just unacceptable.",complaint,82
It's hard to believe how unhelpful the support has been. I'm losing trust.,complaint,74
I didn’t think I would have to chase you down for answers. This is frustrating.,complaint,79
I really hope this isn't the norm for your company because this is disheartening.,complaint,81
I feel like I'm wasting my time trying to get help from you. This is unacceptable.,complaint,82
I'm really disappointed with how slow your support team is.,complaint,59
This is absurd! I've reached out multiple times and still haven't heard back.,complaint,77
I can't believe how unhelpful your service has been lately.,complaint,59
"Honestly, I expected better from your company. This experience has been frustrating.",complaint,84
"I've tried to contact you several times, and it's like I'm talking to a wall.",complaint,77
Why is it so hard to get help from your team? I'm really frustrated.,complaint,68
I feel completely ignored as a customer. What is going on?,complaint,58
I've been let down by your service. This is not what I signed up for.,complaint,69
Your support seems to have no clue how to handle basic issues.,complaint,62
It's extremely frustrating that my issue has not been addressed promptly.,complaint,73
I've had a terrible experience with your customer service lately.,complaint,65
I can't believe how long I've waited for a response. This is unacceptable.,complaint,74
"Every time I reach out, I get the same generic reply. It’s infuriating!",complaint,71
I expected more responsiveness from a company like yours. This is disappointing.,complaint,80
I've never encountered such poor customer service before. I'm really upset.,complaint,75
There seems to be no urgency in your support team. It's frustrating.,complaint,68
I feel like my concerns aren't being taken seriously at all.,complaint,60
"Nothing seems to be improving with your service, and it's really disappointing.",complaint,79
"I thought I was choosing a reputable company, but this experience is terrible.",complaint,78
"Your support team has been less than helpful, and I'm not happy about it.",complaint,73
It seems like no one cares about resolving my issues. I'm really frustrated.,complaint,76
This is getting ridiculous. I’ve waited long enough for some answers.,complaint,69
"I’ve been a loyal customer, but this recent experience is making me rethink that.",complaint,81
"I don't usually complain, but this has been the most frustrating experience I've had.",complaint,85
I can't understand why it's taking so long to get a simple issue resolved.,complaint,74
"I've been trying to get assistance for days, and no one seems to care.",complaint,70
This is ridiculous! I've had such a bad experience with your service.,complaint,69
I’m really disappointed with how my issue has been handled.,complaint,59
It feels like I’m talking to a wall. Can someone please help me?,complaint,64
"I expected much better service from your company, this is unacceptable.",complaint,71
I've reached out multiple times and still no resolution in sight.,complaint,65
"Your customer service is a complete joke, I've had it.",complaint,54
I don’t understand how you can operate like this. It’s frustrating!,complaint,67
Why is it so difficult to get a simple question answered?,complaint,57
I've never felt more ignored by a company than I do right now.,complaint,62
It's frustrating that I can't get any support from you guys.,complaint,60
"Your service has really let me down, I expected more.",complaint,53
This experience has been so disappointing; I don't know what to do.,complaint,67
I’m really unhappy with how things are going with your service.,complaint,63
I've never experienced such a lack of support before.,complaint,53
"I just want someone to listen to my concerns, is that too much to ask?",complaint,70
I'm seriously considering taking my business elsewhere because of this.,complaint,71
It's outrageous how long it takes to get any help at all!,complaint,57
"The quality of service has really declined lately, and it's disappointing.",complaint,74
"I thought things would improve, but I'm even more frustrated now.",complaint,65
"I've been treated poorly by your team, and I'm not happy about it.",complaint,66
I expected much more from your company; this is just unacceptable.,complaint,66
How is it possible that no one is available to help me?,complaint,55
"I was promised support, but all I got was silence.",complaint,50
This is not how you treat customers; I’m very upset.,complaint,52
Your customer service has been a nightmare; I've never felt so ignored.,complaint,71
This is absolutely unacceptable; I expected more from your company.,complaint,67
I feel like I'm talking to a wall trying to get help from you guys.,complaint,67
"Honestly, I’m just really disappointed in how poorly I’ve been treated as a customer.",complaint,85
I've reached out multiple times and have yet to receive any help—this is ridiculous!,complaint,84
I've been let down by your service several times; it's becoming a joke.,complaint,71
"I really thought your company cared about its customers, but it's clear that's not the case.",complaint,92
"I've had a terrible experience with your support, and I'm not happy at all.",complaint,75
Waiting days for a reply is simply not good enough; I deserve better than this.,complaint,79
"I thought this service was supposed to be reliable, but I feel abandoned.",complaint,73
This has been an incredibly frustrating process for me; I expected so much more.,complaint,80
I am really upset with how my issue has been handled; it feels like nobody is listening.,complaint,88
"I've given you plenty of chances to fix this, but I’m at my wit's end.",complaint,70
Communication has been so poor; it’s like my messages go into a black hole.,complaint,75
"I just want to resolve this issue, but your lack of response is infuriating.",complaint,76
Your service has been consistently disappointing; I don't think I can stick around much longer.,complaint,95
I can't help but feel frustrated with the lack of support; it’s hard to stay positive.,complaint,86
I’m really unhappy with how my concerns have been treated; it feels dismissive.,complaint,79
This is not what I signed up for; your service has really let me down.,complaint,70
I’m tired of having to chase after support just to get any answers.,complaint,67
The quality of service I've experienced is far beneath my expectations; I'm quite upset.,complaint,88
"Every time I reach out, it feels like I'm being ignored—it’s beyond frustrating.",complaint,80
I never thought I would have such a poor experience with your company; what happened?,complaint,85
I've been trying to get my issue resolved for too long; this is just not acceptable.,complaint,84
"I can't believe how long it took to get a response, this is unacceptable.",complaint,73
I’m really unhappy with the level of service I received. It’s not what I expected at all.,complaint,89
This is incredibly frustrating; I've reached out multiple times and still haven’t heard back.,complaint,93
"Honestly, your service has been a massive disappointment.",complaint,57
I just want to voice how unsatisfied I am; this has been a really poor experience for me.,complaint,89
"I thought I was dealing with professionals, but this has been a letdown.",complaint,72
I’ve never felt so ignored by a company before. This is disappointing.,complaint,70
The lack of communication has really upset me; I expected better.,complaint,65
I feel like I’m talking to a wall—no one seems to care about my issues.,complaint,71
I’m really irritated that it took so long to get any sort of help.,complaint,66
I don't understand why the service quality has dropped so much lately.,complaint,70
I didn’t expect to feel this frustrated dealing with customer support.,complaint,70
It’s hard to believe how unhelpful your team has been in resolving my concerns.,complaint,79
This experience has left me with a bad taste; I expected more from your company.,complaint,80
"Honestly, I’m really fed up with how my issue was handled.",complaint,58
I can’t express how disappointing this whole interaction has been.,complaint,66
I am really annoyed that nobody seems to take my complaints seriously.,complaint,70
I really don’t appreciate the lack of effort in resolving my issue.,complaint,67
This is the kind of service that makes me reconsider my options.,complaint,64
"At this point, I’m just here to vent my frustration—this is beyond bad.",complaint,71
I expected a lot more from you guys and this has been a letdown.,complaint,64
"It’s unbelievable how your support team has handled my request, or rather, not handled it at all.",complaint,97
I’m feeling extremely let down by the service I’ve received lately.,complaint,67
The wait times are ridiculous and the service is just not up to par.,complaint,68
Why is it so hard to get decent customer service? This is frustrating!,complaint,70
I can't believe how long it took for me to get any help with my issue!,complaint,70
"Honestly, I expected much better service from your company.",complaint,59
"This is getting ridiculous, I've reached out multiple times and still no response!",complaint,82
I feel completely ignored after my last few attempts to get in touch.,complaint,69
Your customer service team is never available when I need them.,complaint,63
I'm really disappointed with how my concerns have been handled.,complaint,63
It seems like no one cares about my problems around here.,complaint,57
I've never encountered such unhelpful support; it's frustrating!,complaint,64
I wish someone would actually listen to my feedback instead of brushing it off.,complaint,79
I've had enough of waiting for answers that never come!,complaint,55
Why is it so difficult to get basic support from your team?,complaint,59
I feel like I'm talking to a wall when I reach out for help.,complaint,60
I've tried to resolve this calmly but I'm really losing my patience now.,complaint,72
Your service is not meeting my expectations at all—something needs to change!,complaint,77
I regret choosing your service; it’s been nothing but a hassle.,complaint,63
This wait time is unacceptable; I shouldn't have to chase for help.,complaint,67
I can’t believe how poor the service has been during my visits.,complaint,63
I never thought I would regret signing up with you guys this much.,complaint,66
It’s extremely disappointing to see such low-quality support.,complaint,61
"I have to say, I've had better experiences elsewhere.",complaint,53
Thank you for absolutely nothing; I've gotten no support at all.,complaint,64
I’m really at my wit’s end with the lack of communication.,complaint,58
Can someone please explain why my requests are just being ignored?,complaint,66
"I've reached out for help, but I feel like I'm being left in the dark.",complaint,70
Your support team needs serious improvement; this is not okay.,complaint,62
I'm really disappointed with the way my issue was handled.,complaint,58
"Honestly, I expected better service from your team.",complaint,51
I feel like I'm talking to a wall here; nobody seems to care.,complaint,61
This experience has been nothing short of frustrating for me.,complaint,61
"I've been a loyal customer, but this is just unacceptable.",complaint,58
Your support staff seems untrained or uninterested in helping.,complaint,62
I regret contacting your customer service; it was a waste of time.,complaint,66
"I’ve had multiple interactions, and none of them have been helpful.",complaint,67
I don’t know what happened to your once-great service.,complaint,54
Why is it so hard to get someone to actually help me?,complaint,53
I didn't expect my complaint to be ignored like this.,complaint,53
It's really disappointing to see how poorly issues are managed.,complaint,63
Can you please get someone to address my concerns properly?,complaint,59
"I feel like I’m just another number, not a valued customer.",complaint,59
The lack of communication from your team is frustrating.,complaint,56
I can’t understand how such a simple issue can take so long to resolve.,complaint,71
It’s as if nobody cares about customer satisfaction anymore.,complaint,60
Your service has really gone downhill recently.,complaint,47
"I thought I could count on you, but I've been let down.",complaint,55
There seems to be a disconnect between your promises and reality.,complaint,65
This kind of service makes me rethink my choices.,complaint,49
"I feel completely ignored, and it's really disappointing.",complaint,57
I expected a lot more from your company based on past experiences.,complaint,66
I’m baffled by the lack of urgency from your support team.,complaint,58
I’m extremely unhappy with what I’ve experienced so far.,complaint,56
I can't believe how long it's taking to get help. This is so disappointing.,complaint,75
I've reached out multiple times and still haven't heard back. This is unacceptable.,complaint,83
"Your customer service is lacking, and it's really frustrating me.",complaint,65
I'm really upset with how my issue has been handled so far.,complaint,59
It feels like no one cares about customer satisfaction around here.,complaint,67
I expected much better from your company and I'm really let down.,complaint,65
This is ridiculous! I shouldn't have to chase for a response.,complaint,61
"I tried to get support, but it seems nobody is available to help.",complaint,65
"Honestly, this is the worst experience I’ve had with any service provider.",complaint,74
I don’t understand why I’m being ignored. Please do better.,complaint,59
I feel completely neglected as a customer. This isn’t what I signed up for.,complaint,75
"Each time I reach out, I just get more frustrated. What’s going on?",complaint,67
"This service is not what I was promised, and I'm really disappointed.",complaint,69
"I thought I could count on your support, but this has been a nightmare.",complaint,71
Can someone please take my complaint seriously? I'm really upset.,complaint,65
I can't express how frustrated I am with your lack of communication.,complaint,68
I've been left in the dark for too long; this is beyond frustrating.,complaint,68
I never thought I would have such a bad experience with your company.,complaint,69
Your support team really needs to step up. This is getting out of hand.,complaint,71
I expect a lot more from a brand like yours. This is unacceptable.,complaint,66
I’m just really annoyed that I can’t get proper assistance.,complaint,59
"I’ve been trying to resolve this issue for ages, and nothing seems to work.",complaint,75
"Every time I contact you, it ends in more confusion and frustration.",complaint,68
Your service has really let me down. I’m seriously reconsidering my options.,complaint,76
I'm not happy at all with the way I’ve been treated as a customer.,complaint,66
It's shocking how poor the service has become. I expected so much more.,complaint,71
I've called multiple times and still haven't received any help.,complaint,63
"This is so frustrating, I expected much better service.",complaint,55
I've been left in the dark about my issue for too long.,complaint,55
"Your service has really let me down, I'm very disappointed.",complaint,59
I'm tired of getting the runaround from your support staff.,complaint,59
"Honestly, this is the least responsive company I've ever dealt with.",complaint,68
I'm really upset with how my situation has been handled.,complaint,56
What kind of customer service is this? I feel ignored.,complaint,54
"I thought I could rely on you, but it's been a nightmare.",complaint,57
"I've reached out several times, but no one seems to care.",complaint,57
This is just unacceptable; I deserve better treatment.,complaint,54
I feel like my concerns aren't taken seriously at all.,complaint,54
"Every time I contact you, nothing gets resolved.",complaint,48
Your team's lack of communication is truly frustrating.,complaint,55
"I was promised quick assistance, but I've heard nothing.",complaint,56
I can't express how disappointed I am with your support.,complaint,56
This has been an incredibly frustrating experience for me.,complaint,58
I really expected more from a company of your reputation.,complaint,57
I can't believe how hard it's been to get help from you.,complaint,56
I'm losing my patience with your lack of support.,complaint,49
I'm extremely dissatisfied with how my issue has been handled.,complaint,62
Your customer service is a joke; I feel completely neglected.,complaint,61
I've had enough of this poor service; it's unacceptable.,complaint,56
It’s been days and I’m still waiting for a response; this is ridiculous.,complaint,72
I honestly don’t know how you stay in business with this level of service.,complaint,74
I can't believe how poorly I've been treated by your team.,complaint,58
It's really disappointing to see such a lack of support from your company.,complaint,74
"I've reached out multiple times, and I'm still waiting for someone to help me. This is unacceptable.",complaint,100
Your customer service is really lacking. I expected so much more.,complaint,65
"I've had a terrible experience, and it feels like no one cares.",complaint,63
"I've been a loyal customer for years, but this is the worst I've ever been treated.",complaint,83
I didn't think it was possible for customer support to be this bad.,complaint,67
I'm feeling really let down by how my issue has been handled so far.,complaint,68
I don't understand why it's taking so long for someone to get back to me.,complaint,73
"Honestly, this has been one of the most frustrating experiences I've ever had.",complaint,78
I just want to express how disappointed I am with your service lately.,complaint,70
This experience has been absolutely infuriating.,complaint,48
Can someone please take my complaint seriously for once?,complaint,56
"I hoped for better service, but this has been a nightmare.",complaint,58
I feel ignored and unvalued as a customer.,complaint,42
The level of support I've received is beyond disappointing.,complaint,59
I can't wrap my head around how inefficient this has been.,complaint,58
Your service has not met my expectations at all.,complaint,48
"I expected prompt assistance, but instead, I've faced delays and frustration.",complaint,77
It's hard to recommend your service when I've had this kind of experience.,complaint,74
This isn't how you treat your customers; I deserve better.,complaint,58
I'm very unhappy with how my concerns have been addressed.,complaint,58
It feels like I'm talking to a wall when I reach out for help.,complaint,62
The lack of communication from your team is absolutely frustrating.,complaint,67
I'm at my wit's end with the poor service I've received.,complaint,56
"I've had it with your service, it's beyond disappointing.",complaint,57
This is not what I expected from a company like yours.,complaint,54
"I've reached out multiple times, and no one seems to care.",complaint,58
"Honestly, I'm really upset with how I've been treated as a customer.",complaint,68
The lack of response from your team is unacceptable.,complaint,52
I feel completely let down by how my concerns have been handled.,complaint,64
Why is it so hard to get decent support from you guys?,complaint,54
"Your service has been inconsistent, and it's really frustrating.",complaint,64
I can't believe how long it’s taken for someone to get back to me.,complaint,66
"I was promised help, but instead I'm just feeling ignored.",complaint,58
"I’ve had way better experiences with other companies, this is just sad.",complaint,71
It's been days since I reached out and still no word from you.,complaint,62
"I thought your company was better than this, but I'm sorely mistaken.",complaint,69
I’m really disappointed in the level of customer care I have received.,complaint,70
This is honestly the worst service I’ve encountered in a long time.,complaint,67
"I was hoping for a resolution, but this is just getting worse.",complaint,62
Why does it feel like I'm talking to a wall? No one listens!,complaint,60
"I've been so patient, but this is just too much to handle now.",complaint,62
It seems like no one is taking my issue seriously.,complaint,50
I just want to express how frustrating this experience has been for me.,complaint,71
I've never had a company ignore me like this before.,complaint,52
Your service is falling way short of what was promised.,complaint,55
I'm feeling really frustrated and I need to talk to someone who can help.,complaint,73
"I've been around long enough to know when service is lacking, and this is it.",complaint,77
It's getting hard to defend your company to my friends with this poor service.,complaint,78
I feel like my loyalty to your brand has been completely wasted.,complaint,64
This is beyond frustrating; I expected much better from your team.,complaint,66
I can't believe how long I've been left in the dark about my concerns.,complaint,70
"Your support has been lacking, and it's really upsetting.",complaint,57
I feel completely ignored; I've reached out multiple times with no response.,complaint,76
The level of service I've received has been unacceptable.,complaint,57
I've been trying to get help for days and it's like no one cares.,complaint,65
"Honestly, I'm very unhappy with how my situation is being managed.",complaint,66
This is getting ridiculous; I deserve better than this.,complaint,55
"I thought your company valued its customers, but this experience says otherwise.",complaint,80
I've had it with the lack of communication from your team.,complaint,58
I can't express how disappointed I am with your service right now.,complaint,66
It's frustrating to feel like I'm not being taken seriously as a customer.,complaint,74
I've never faced such poor support; this is just unacceptable.,complaint,62
I really expected a quicker resolution to my problem; this wait is ridiculous.,complaint,78
I wish I could get someone to actually listen to me and help resolve this.,complaint,74
I feel let down by the service quality I've encountered lately.,complaint,63
Your customer service is not what I expected; it's really disheartening.,complaint,72
"All I wanted was a bit of assistance, but this has been a huge hassle.",complaint,70
I can't believe how many times I’ve had to follow up without any updates.,complaint,73
"I thought I was choosing a reliable company, but this has been a nightmare.",complaint,75
I didn’t expect such a lack of professionalism; I'm very frustrated.,complaint,68
"I've had issues before, but this is by far the worst experience.",complaint,64
It feels like I'm speaking to a brick wall; nobody is helping me.,complaint,65
I'm genuinely upset and considering taking my business elsewhere because of this.,complaint,81
I'm really disappointed with how slow the responses are.,complaint,56
"This is just unacceptable service, I expected so much more.",complaint,59
"I've tried reaching out multiple times, but nobody seems to care.",complaint,65
"Honestly, your support team is not helpful at all.",complaint,50
"It feels like I'm talking to a wall, no one is listening to my concerns.",complaint,72
I don't understand why it's so hard to get decent help.,complaint,55
You really need to improve your customer service; this is frustrating!,complaint,70
I've had a terrible experience trying to get support—very upsetting.,complaint,68
"Your service is underwhelming, and I'm quite unhappy with it.",complaint,61
"I feel completely ignored, this is not how you treat customers.",complaint,63
"Every time I contact support, I'm met with silence. It's so frustrating!",complaint,72
"The quality of service has really gone downhill, and I’m not pleased.",complaint,69
I can't believe how long it's taken to get any response from you.,complaint,65
This is the second time I've experienced such poor service—it’s really disappointing.,complaint,85
"I was promised help, but it never came. Very frustrating!",complaint,57
Why is it so hard to get a straightforward answer from your team?,complaint,65
I expected better from your company; this is really unacceptable.,complaint,65
"I’m losing my patience here; I need real help, not empty responses.",complaint,67
"I thought I was signing up for good service, but this is a nightmare.",complaint,69
I just want to speak to someone who actually cares about the customers.,complaint,71
It feels like you guys don't value your customers at all.,complaint,57
"I waited an eternity for a reply, only to be let down again.",complaint,60
The lack of communication is really bothering me right now.,complaint,59
I've had it with the unresponsive support; it's driving me crazy!,complaint,65
This experience is making me rethink staying with your company.,complaint,63
It’s disheartening to see such poor customer follow-up.,complaint,55
I'm really unhappy with how things are handled; please do better.,complaint,65
I can't believe how long it took to get a response. This is unacceptable.,complaint,73
Your service has really let me down this time. I'm extremely disappointed.,complaint,74
I've had nothing but issues since I started using your service. What happened?,complaint,78
"Honestly, this is the worst experience I've had with customer support.",complaint,70
I feel ignored and unappreciated as a customer. This isn't right.,complaint,65
I've reached out several times and received no help. What do I have to do?,complaint,74
It’s frustrating to see no progress after such a long wait.,complaint,59
I expected much better service from your company. I'm quite upset.,complaint,66
This has been a total letdown. I need someone to take this seriously.,complaint,69
I can't even get a simple question answered. What's going on?,complaint,61
I feel like I’m talking to a wall. This is beyond frustrating.,complaint,62
"It's been days, and I still haven't received any help. I’m very annoyed.",complaint,72
"Every time I try to get in touch, it feels like I'm just wasting my time.",complaint,73
"I really wanted to like your service, but this is just too much for me.",complaint,71
The lack of communication is really bothering me. I need answers.,complaint,65
This has been the most disappointing experience I've had with any company.,complaint,74
I’m really frustrated with how my concerns are being handled. It’s not okay.,complaint,76
"I've been so patient, but this is getting ridiculous. Please do better.",complaint,71
"I thought I'd get more support, but I've been left hanging.",complaint,59
"Your customer service is lacking, and I feel really let down.",complaint,61
I can't understand why no one is helping me. This is infuriating!,complaint,65
"I've tried everything, and no one seems to care. It's disappointing.",complaint,68
I didn’t sign up for this kind of service. I'm very unhappy with my experience.,complaint,79
It’s like I’m invisible to your support team. I’m really fed up.,complaint,64
This situation has been totally mishandled. I need you to fix this.,complaint,67
I'm really tired of chasing after you guys for help. This needs to improve.,complaint,75
I can't believe how slow your service is; it's unacceptable.,complaint,60
I've reached out multiple times and still haven't received a reply. This is so disappointing.,complaint,93
"Honestly, I'm really fed up with how unhelpful your support team has been lately.",complaint,81
"When I needed help the most, your team completely dropped the ball. Very frustrating!",complaint,85
I've had nothing but issues trying to get assistance. This is getting ridiculous.,complaint,81
Your customer service has been a huge letdown. I expected better from such a well-known company.,complaint,96
"I’ve been dealing with this problem for too long, and no one seems to care.",complaint,75
This is by far the worst experience I've had with any company. I'm really upset.,complaint,80
It shouldn’t be this hard to get some basic support. I’m frustrated beyond words.,complaint,81
I’m really disappointed with how unresponsive your team has been. It’s very frustrating.,complaint,88
"I've been trying to get help for what feels like forever, and no one seems to be listening.",complaint,91
I don't understand why it's so difficult to get decent support. I'm really unhappy.,complaint,83
I've had it with waiting for someone to help me. This is just unacceptable.,complaint,75
"Your service used to be great, but now it feels like no one cares anymore.",complaint,74
I expected better treatment as a paying customer. This is beyond frustrating.,complaint,77
I'm not satisfied with how you handle customer issues. Something needs to change.,complaint,81
This level of service is completely disappointing. I thought you cared about your customers.,complaint,92
"I've tried everything to get help, and I feel completely ignored.",complaint,65
It seems like no one is actually reading my messages. Very frustrating experience.,complaint,82
I’ve never felt so unvalued as a customer. This is really disappointing.,complaint,72
Your support team hasn't been helpful at all. I feel like my concerns are falling on deaf ears.,complaint,95
I've lost faith in your company's commitment to customer service. This is really sad.,complaint,85
"Frankly, I'm really unhappy with how long it takes to get help from your team.",complaint,78
"Your service is not what it used to be, and I'm quite upset about it.",complaint,69
It’s incredibly frustrating to feel like I’m getting nowhere with my inquiries.,complaint,79
I'm really disappointed with the service I've been receiving lately.,complaint,68
It's frustrating that nobody seems to care about customer concerns around here.,complaint,79
I can't believe how long it takes to get a simple question answered.,complaint,68
This has been such a letdown; I expected much better from your company.,complaint,71
"Honestly, I feel ignored and undervalued as a customer.",complaint,55
"I've tried reaching out multiple times, and it's like talking to a wall.",complaint,72
Why is it so hard to get decent support? This is unacceptable!,complaint,62
"I had high hopes for your service, but it has been nothing but a hassle.",complaint,72
I’m really fed up with the lack of communication from your team.,complaint,64
This situation is beyond frustrating; I need assistance but can't get any.,complaint,74
"I never thought I would say this, but your service is really lacking.",complaint,69
Can someone please explain why it takes forever to get a response?,complaint,66
"I was promised a reliable experience, yet I'm constantly disappointed.",complaint,70
"I feel like I'm just another number to your company, and it's disheartening.",complaint,76
I’m starting to regret choosing your service; it's been such a hassle.,complaint,70
"Every time I reach out for help, I just feel more frustrated than before.",complaint,73
It’s incredible how difficult it is to get basic support from you guys.,complaint,71
I expected a lot more from your customer service team.,complaint,54
I’m extremely unhappy with how my issue has been handled.,complaint,57
This has been one of the worst experiences I’ve had with any service.,complaint,69
Please tell me why it’s so hard to get proper assistance from you?,complaint,66
I’m really upset with how my concerns have been disregarded.,complaint,60
It feels like no one is taking my issue seriously; I’m really frustrated.,complaint,73
This is just not what I signed up for; I thought you valued customers.,complaint,70
I’ve had better luck with support from much smaller companies.,complaint,62
I'm at my wit's end with the way things are being managed here.,complaint,63
I can't believe how long it's taken to get a response; this is unacceptable.,complaint,76
"I've been a customer for years, but the quality of service has really gone downhill lately.",complaint,91
"Your team is unresponsive, and it’s making me reconsider my loyalty to your brand.",complaint,82
"I reached out for help, and I feel completely ignored; this is really disappointing.",complaint,84
This is not the level of service I expected from a company like yours.,complaint,70
I am beyond frustrated with the lack of communication; I deserve better than this.,complaint,82
I tried to get my issue resolved but ended up feeling more confused than before.,complaint,80
"Your support staff seemed indifferent, and I felt like I was wasting my time.",complaint,77
"I expected a lot more from a company with your reputation, but I'm sadly let down.",complaint,82
It’s frustrating to keep repeating myself without any resolution in sight.,complaint,74
I can't stress enough how unhappy I am with my experience so far.,complaint,65
"I had high hopes for your service, but I’m really disappointed with how things have gone.",complaint,89
This is not the customer experience I was promised; I feel misled.,complaint,66
Waiting for help has become a nightmare; I just want this resolved.,complaint,67
"I reached out hoping for assistance, but all I've received is silence.",complaint,70
"Your service is supposed to be top-notch, but this has been anything but that.",complaint,78
"I've been left hanging without any updates, and it’s incredibly frustrating.",complaint,76
I find myself wondering if anyone even cares about their customers anymore.,complaint,75
This whole situation feels like a joke; I'm not laughing.,complaint,57
It's hard to believe how poorly I've been treated as a valued customer.,complaint,71
I can't continue to ignore how awful this experience has been for me.,complaint,69
It's really disappointing to see such a lack of customer care.,complaint,62
I feel completely neglected as a customer; this is unacceptable.,complaint,64
I've never felt so unheard and unappreciated; this isn’t right.,complaint,63
"I don’t know how your company treats its customers, but it's not working for me.",complaint,80
I can't believe how long it's taking to get a simple answer from your team.,complaint,75
This is seriously disappointing; I expected much better from your company.,complaint,74
I'm really unhappy with how my issue was handled; it feels like no one cares.,complaint,77
"I thought your service would be better, but I've been let down multiple times now.",complaint,82
"It's frustrating trying to get help, and I feel ignored.",complaint,56
"I have to say, this is not what I signed up for. Very dissatisfied with my experience.",complaint,86
The last few interactions I've had with your support were really unpleasant.,complaint,76
I feel like I'm talking to a brick wall. This is getting ridiculous.,complaint,68
Your response times are unbearable; I'm losing patience.,complaint,56
I've reached out several times and still no help; what's going on?,complaint,66
"Honestly, I never thought I'd be this frustrated with your service.",complaint,67
It's been a nightmare trying to get someone to listen to my concerns.,complaint,69
"I wish I could say something positive, but this experience has been nothing short of awful.",complaint,91
I've had enough; this is by far the worst support I've ever received.,complaint,69
It's disappointing that I have to chase for help; I expected better customer service.,complaint,85
I feel neglected as a customer; it shouldn't be this hard to get support.,complaint,73
I just want to express how frustrated I am with your overall service quality.,complaint,77
Your support system seems broken; it's not working for me at all.,complaint,65
Waiting this long for a response is completely unacceptable.,complaint,60
This experience is making me rethink my loyalty to your brand.,complaint,62
Why is it so difficult to reach someone who can actually help?,complaint,62
I've never felt this ignored by a company before; it's really disheartening.,complaint,76
The lack of communication from your team is infuriating.,complaint,56
"I needed assistance, and instead, I've just felt more frustrated.",complaint,65
"It's a shame because I really wanted to like your service, but I'm really disappointed.",complaint,87
I'm really disappointed with how long it's taking to get any help from your team.,complaint,81
This is beyond ridiculous; I've been trying to get support for days with no luck.,complaint,81
I've never felt so ignored by a service before; this is unacceptable.,complaint,69
I can't believe how unresponsive your support has been lately.,complaint,62
"Frankly, I'm extremely let down by the level of service I'm receiving.",complaint,70
Your support staff seems to be completely overwhelmed and it's affecting me as a customer.,complaint,90
"I expected better from your company, and I've been sorely disappointed.",complaint,71
It feels like nobody cares about resolving my issue—it’s frustrating.,complaint,69
"I've reached out several times and still haven’t heard anything back, which is very frustrating.",complaint,96
"I was hoping for a better customer experience, but this has been really disappointing.",complaint,86
Why is it so hard to get in touch with someone who can help? It's infuriating.,complaint,78
The lack of communication from your team is really making me reconsider using your services.,complaint,92
"Every time I reach out, I feel like I'm talking to a wall; this is frustrating!",complaint,79
"I thought your company valued customers, but this experience has proven otherwise.",complaint,82
I'm starting to lose my patience with how slow your support is responding to queries.,complaint,85
This whole process has been a headache; can someone please address my concerns?,complaint,79
"I've had a terrible experience, and I expected way more from you guys.",complaint,70
I'm feeling very neglected as a customer; please do better.,complaint,59
I've been left in the dark far too long; this isn't acceptable.,complaint,63
It's disheartening to see such poor customer service from a company I thought was great.,complaint,88
Is anyone even working in customer support? Because I feel completely ignored.,complaint,78
I'm really frustrated with how uncoordinated your support system is; it’s a hassle.,complaint,83
"I had high hopes for your service, but this experience has been truly disappointing.",complaint,84
Why is it that I have to keep chasing for answers? This shouldn't be so hard.,complaint,77
"I feel like my concerns aren't taken seriously, and it's making me really upset.",complaint,80
I can’t believe how long it’s taken to get a simple answer from your team.,complaint,74
This is honestly the most frustrating experience I’ve had with any service.,complaint,75
"I expected much better from your company, and I’m really disappointed.",complaint,70
Why is it so hard to get decent support? I'm losing my patience here.,complaint,69
"I’ve reached out multiple times, and it feels like I’m being ignored.",complaint,69
"The service I received was unacceptable, and I feel like my concerns aren’t taken seriously.",complaint,92
I’m done with this back-and-forth. Just fix the issue already.,complaint,62
"I was promised help within 24 hours, and it’s now been a week!",complaint,62
This isn’t the level of service I was led to believe I would receive.,complaint,69
I don’t understand why it’s so difficult to get a clear response.,complaint,65
I really thought I’d be treated better as a loyal customer.,complaint,59
"After all this time, I’m beyond frustrated with your lack of communication.",complaint,75
Your support team needs serious improvement. This is just ridiculous.,complaint,69
What kind of customer service is this? I’m seriously reconsidering my options.,complaint,78
I can’t express how disappointed I am with the service I’ve received.,complaint,69
"I reached out for help, and instead, I got more problems. What gives?",complaint,69
"This has been a nightmare experience, and I'm really not happy.",complaint,63
I feel like I'm talking to a wall. Can someone please assist me?,complaint,64
"I never thought I’d say this, but I regret choosing your service.",complaint,65
It’s hard to believe I’m encountering this level of incompetence.,complaint,65
I’m extremely dissatisfied with how my issue has been handled so far.,complaint,69
This is not how you treat customers. I demand better service!,complaint,61
I don’t appreciate being left in the dark with no updates at all.,complaint,65
"Your customer service is a mess, and frankly, it’s unacceptable.",complaint,64
I have no words for how terrible this experience has been.,complaint,58
"I thought I was giving you a chance, but this is just embarrassing.",complaint,67
I can't believe how slow your response time is.,complaint,47
This is incredibly frustrating; I've tried reaching out multiple times with no luck.,complaint,84
"Honestly, your customer support has been disappointing at best.",complaint,63
I feel ignored and undervalued as a customer.,complaint,45
It seems like no one cares about resolving my issues!,complaint,53
I've had a terrible experience trying to get assistance.,complaint,56
I expected better service from your company; I'm really let down.,complaint,65
It's been a nightmare dealing with your support team.,complaint,53
I just want to talk to someone who can actually help me; this is ridiculous.,complaint,76
"I waited on hold for over an hour, and no one ever picked up!",complaint,61
Your staff seems completely overwhelmed and unhelpful.,complaint,54
I can't believe I have to go through this just to get some basic help.,complaint,70
All I get is a robotic response; it feels like I'm talking to a wall.,complaint,69
I'm highly disappointed with how my concerns have been handled.,complaint,63
I keep getting transferred to different representatives without any resolution.,complaint,79
I'd rather deal with anyone else than your support team right now.,complaint,66
It's unacceptable how poorly I've been treated as a customer.,complaint,61
"I feel like I'm just another number to you, not a valued customer.",complaint,66
Your service has been a huge headache for me.,complaint,45
I expected much more from such a reputed company.,complaint,49
It shouldn’t be this hard to get a simple question answered.,complaint,60
I was really hoping for better support; this has been a letdown.,complaint,64
I've had enough; this is not the level of service I signed up for.,complaint,66
I can't express how frustrated I am with this entire experience.,complaint,64
This is turning into a huge waste of my time; I need real help.,complaint,63
"Your service has been lacking, and it's causing me a lot of stress.",complaint,67
I can't believe how long it's taking to get help from your team.,complaint,64
This is just unacceptable; I've been let down too many times.,complaint,61
I expected much better service than this. I'm really disappointed.,complaint,66
Your customer service has been really lacking lately. What happened?,complaint,68
I tried reaching out several times but got no response. This is frustrating!,complaint,76
I'm really unhappy with the way my issue has been handled. It's ridiculous.,complaint,75
I don't understand why it takes so long to get assistance. Completely unacceptable!,complaint,83
I've had nothing but problems trying to get support. It's infuriating.,complaint,70
I thought your company valued its customers. This experience says otherwise.,complaint,76
I can’t believe how poorly I’ve been treated. I need to speak to someone about this.,complaint,84
It feels like no one at your company cares about helping. I'm really upset.,complaint,75
"I was promised a call back, but it never happened. This is frustrating.",complaint,71
Why is it so difficult to get answers from your support team? This is frustrating!,complaint,82
"I've been a loyal customer for years, and this is the service I get? Unbelievable.",complaint,82
I've never felt more frustrated. I just want a simple answer!,complaint,61
Your support team seems overwhelmed and it's affecting service quality.,complaint,71
I didn't expect to have such a hard time getting help. This is not what I signed up for.,complaint,88
I'm fed up. I've wasted too much time trying to resolve this.,complaint,61
This is the last straw. I can't keep dealing with this kind of service.,complaint,71
I feel like my concerns are falling on deaf ears. It's quite disappointing.,complaint,75
I've reached out multiple times and still haven’t heard anything back. Awful!,complaint,77
This is not how customer service should operate. I’m really dissatisfied.,complaint,73
I feel like I'm talking to a brick wall. Where’s the help I need?,complaint,65
Your service has been a major letdown lately. I hope you can fix this.,complaint,70
I've had such a disappointing experience with your support team.,complaint,64
This wait time is absolutely unacceptable; I expected much better from you.,complaint,75
I can't believe how unhelpful your staff has been throughout this process.,complaint,74
I've reached out multiple times and no one seems to care.,complaint,57
I've had nothing but problems since I started using your service.,complaint,65
Your customer service seems to be non-existent; what's going on?,complaint,64
I've never felt so frustrated trying to get help from a company before.,complaint,71
It's shocking how poorly my issue has been handled.,complaint,51
This is seriously the last time I rely on your service.,complaint,55
"I expected prompt assistance, but I’ve just been left hanging.",complaint,62
The lack of response from your team is really disheartening.,complaint,60
It's really disappointing that my previous feedback has gone unaddressed.,complaint,73
Why is it so hard to get proper support from your team?,complaint,55
"I've been a loyal customer, but this service has been terrible lately.",complaint,70
"Every time I try to get help, it's like talking to a brick wall.",complaint,64
"I didn't think it was possible, but my trust in your support has plummeted.",complaint,75
"I've been patient, but your lack of communication is frustrating.",complaint,65
Is there anyone who can actually provide useful support?,complaint,56
Your support has been a complete letdown each time I've reached out.,complaint,68
"I wish I could say something positive, but my experience has been a nightmare.",complaint,78
I feel like I'm wasting my time trying to get help from you.,complaint,60
Your service is far from what I was promised; I'm quite upset.,complaint,62
This is not what I signed up for; I expected much more.,complaint,55
I regret choosing your service after this terrible experience.,complaint,62
It’s hard to believe how bad your customer support is.,complaint,54
I've had nothing but issues with your service lately.,complaint,53
This is getting ridiculous; I feel completely ignored.,complaint,54
I don't understand how your service can be so unreliable.,complaint,57
I expected much better from your company; I'm really let down.,complaint,62
I can't believe how hard it's been to get support from you.,complaint,59
"After all this time, I'm still waiting for a proper response.",complaint,61
Your support team is unhelpful; I just want my issue resolved.,complaint,62
Why does it take so long for anyone to get back to me?,complaint,54
I'm disappointed; I thought this company valued its customers.,complaint,62
"Honestly, this has been one of the worst experiences I've ever had.",complaint,67
I've reached out multiple times and still have no answers.,complaint,58
Your service has been frustrating to deal with; something needs to change.,complaint,74
It's unacceptable to feel this neglected as a customer.,complaint,55
I can't believe how difficult it is to get a simple question answered.,complaint,70
"Each time I call, I end up more frustrated than before.",complaint,55
I've had it with your poor service; I'm ready to switch providers.,complaint,66
I feel like I'm being brushed off; this isn't right.,complaint,52
What kind of customer support is this? It's non-existent!,complaint,57
It seems like no one cares about resolving my concerns.,complaint,55
I never thought I'd feel so let down by your company.,complaint,53
I've waited too long for help; this is unacceptable.,complaint,52
Your lack of communication is making me reconsider my loyalty.,complaint,62
I'm just so fed up trying to get assistance from your team.,complaint,59
It's hard to believe I chose your company with this level of service.,complaint,69
I’m really starting to lose my patience with this situation.,complaint,60
This experience has been the complete opposite of what I expected.,complaint,66
I can't believe how unhelpful your team has been.,complaint,49
"I've reached out multiple times, and I'm still left in the dark.",complaint,64
"Honestly, I'm really disappointed with how I've been treated.",complaint,61
Your customer service is a total letdown; I thought you cared about your clients.,complaint,81
I feel completely ignored and it's frustrating!,complaint,47
Why does it take so long to get a response? This is ridiculous.,complaint,63
"I was promised a solution, but nothing has happened.",complaint,52
I can't get a straight answer from anyone; it's infuriating!,complaint,60
This has been a terrible experience from start to finish.,complaint,57
I've never felt this unsatisfied with a company's service before.,complaint,65
Why can't anyone help me? I feel like I'm talking to a wall.,complaint,60
Your service has really let me down; I expected so much more.,complaint,61
It's exhausting trying to get help; I'm ready to give up.,complaint,57
I didn't think I'd have to escalate my issue so quickly.,complaint,56
Every interaction with your support has just made things worse.,complaint,63
I feel like my concerns are falling on deaf ears here.,complaint,54
"This has been a massive inconvenience for me, and it's unacceptable.",complaint,68
I can't understand why it's so hard to get basic help.,complaint,54
I am extremely dissatisfied with the service I've received.,complaint,59
It seems like no one at your company cares about customer issues.,complaint,65
I can't express how frustrated I am with your lack of response.,complaint,63
"I thought your service would be efficient, but it's been a nightmare.",complaint,69
It's disheartening to see such poor customer care.,complaint,50
"I keep giving you chances, but I'm seriously reconsidering my options.",complaint,70
I'm really upset with how long it's taking to get help.,complaint,55
"This is beyond frustrating, your team doesn’t seem to care at all.",complaint,66
I can't believe how poor the service has been lately.,complaint,53
I've reached out multiple times and still have no answers!,complaint,58
"Honestly, this is such a letdown, I expected better from you.",complaint,61
"Your support has been unhelpful and dismissive, which is disappointing.",complaint,71
Why does it take so long to get a simple response?,complaint,50
I’m really fed up with the lack of communication from your side.,complaint,64
"This experience has been so disappointing, I feel completely ignored.",complaint,69
I can't stress enough how awful my experience has been so far.,complaint,62
"I thought I could count on you, but this has been a huge letdown.",complaint,65
Why does it feel like I'm talking to a wall?,complaint,44
I've never dealt with such unresponsive support in my life.,complaint,59
"I expected more promptness and professionalism, but I got neither.",complaint,66
"Your service has really dropped the ball lately, and it's unacceptable.",complaint,71
I feel like I'm just shouting into the void here!,complaint,49
It’s frustrating to see no improvement in your service despite my complaints.,complaint,77
I’m really disappointed; I thought we were past this level of service.,complaint,70
"It’s been days with no follow-up, and I'm losing my patience.",complaint,61
"I was hoping for a better experience, but this has been a nightmare.",complaint,68
I've lost count of how many times I've had to remind you of my issue.,complaint,69
This is the kind of service that drives customers away.,complaint,55
I can’t help but feel neglected with this level of support.,complaint,59
Your lack of attention to customer needs is frustrating.,complaint,56
I'm seriously considering taking my business elsewhere after this.,complaint,66
It's hard to believe how little effort has gone into addressing my concerns.,complaint,76
This is just unacceptable; I expected better from your company.,complaint,63
I cannot believe how unresponsive your team has been.,complaint,53
"Honestly, this experience has been a complete letdown.",complaint,54
I've reached out multiple times and still haven't heard back.,complaint,61
"Your support is lacking, and it's really disappointing.",complaint,55
I just want to know why I'm being ignored. This is frustrating!,complaint,63
I regret choosing your service; it's been nothing but trouble.,complaint,62
I feel like I'm shouting into the void here; no one is listening!,complaint,65
This is the third time I've had to express my dissatisfaction.,complaint,62
I can't believe how poor the service has become recently.,complaint,57
"I've been let down repeatedly, and it's really wearing me out.",complaint,62
"I expected more from a company of your reputation, to be honest.",complaint,64
I wish someone would take my complaint seriously for once.,complaint,58
It's frustrating to feel like my concerns are being brushed aside.,complaint,66
"I've been a loyal customer, but this is pushing me away.",complaint,56
The lack of communication is driving me crazy.,complaint,46
I didn't sign up for this level of service; it's unacceptable.,complaint,62
My patience is wearing thin with how things have been handled.,complaint,62
"I just want a resolution, but your support is nowhere to be found.",complaint,66
"Honestly, I can't remember the last time I felt valued as a customer.",complaint,69
It's hard to believe anyone cares when I keep getting ignored.,complaint,62
The delays and lack of support are extremely irritating.,complaint,56
This level of service is not what I signed up for at all.,complaint,57
"I've called three times, and no one seems to know what they're doing.",complaint,69
This is honestly the least responsive customer service I've ever encountered.,complaint,77
I really expected better from your company; I'm so disappointed.,complaint,64
Why does it take so long to get a simple answer?,complaint,48
"I just wanted some help, and all I've gotten is silence.",complaint,56
Your support has been completely unsatisfactory.,complaint,48
I'm starting to lose my patience with how slow your responses are.,complaint,66
I feel like I'm getting the runaround from your representatives.,complaint,64
This experience has been nothing short of frustrating.,complaint,54
I wish someone would take my concerns seriously; it feels like no one cares.,complaint,76
How can it take days just to get an acknowledgment of my issue?,complaint,63
I can't believe how ineffective this support system is; it's infuriating!,complaint,73
I've never felt so neglected as a customer before.,complaint,50
I keep getting transferred and no one can help me; this is ridiculous.,complaint,70
"I thought your services would be better, but this is unacceptable.",complaint,66
"I just want a straightforward answer, but I keep hitting a wall.",complaint,64
It's disappointing to see a company I trusted fail in customer service.,complaint,71
You really need to improve your response times; this is absurd.,complaint,63
I don’t understand why it’s so hard to get proper support.,complaint,58
"I've been left in the dark for too long, and it's very upsetting.",complaint,65
I feel like I've been ignored; can somebody please help me?,complaint,59
The lack of communication is incredibly frustrating; please do better.,complaint,70
I can't believe how difficult it is to get help from your team.,complaint,63
"I expected better service from your company, but this has been a nightmare.",complaint,75
"Honestly, I think your support team needs serious training.",complaint,59
"I'm really disappointed with how my issue has been handled, or rather, not handled.",complaint,83
It's frustrating that I can't get a straightforward answer from anyone.,complaint,71
Why does it take so long for someone to respond? This is unacceptable!,complaint,70
I’ve never experienced such poor service before; it’s utterly disappointing.,complaint,76
"I was promised a resolution, but instead I feel more confused than ever.",complaint,72
It’s hard to keep being patient when it feels like no one cares.,complaint,64
Why is it so hard to get assistance? It’s like talking to a wall.,complaint,65
I can't express enough how let down I feel by your lack of support.,complaint,67
I've had a really negative experience and it's leaving a bad taste about your brand.,complaint,84
Can someone please just take my call and help me out? This is so frustrating!,complaint,77
It feels like I'm wasting my time trying to get help from your support.,complaint,71
This wait time is absurd; I shouldn't have to struggle this much.,complaint,65
I expected a lot more from your customer service; I've been very patient.,complaint,73
I’ve tried reaching out several times with no success; I feel like I’m being ignored.,complaint,85
"Your service has been incredibly disappointing, and I don’t know what to do next.",complaint,81
I feel really frustrated that my concerns are just falling on deaf ears.,complaint,72
It’s unacceptable to be left hanging like this; I need real help.,complaint,65
"Honestly, I’m about to give up on your service altogether because of this experience.",complaint,85
I can't believe how long it's taken to get a simple response; this is ridiculous.,complaint,81
I’m tired of repeating myself and not getting any help; it’s exhausting.,complaint,72
"I thought I would receive decent service, but it's been nothing but headaches.",complaint,78
This is so frustrating; I've reached out multiple times and still have no updates.,complaint,82
I feel completely ignored; it's like nobody cares about my issue.,complaint,65
"Your service used to be great, but now it's just disappointing.",complaint,63
I don’t understand why it takes so long to get a simple answer.,complaint,63
The lack of response is really unacceptable at this point.,complaint,58
"Honestly, I expected better from a company of your reputation.",complaint,62
I’m really upset with how my concerns have been handled.,complaint,56
I've had a terrible experience trying to get assistance; it's so disheartening.,complaint,79
"This is the third time I’m expressing my dissatisfaction, and nothing changes.",complaint,78
I'm so tired of dealing with customer support that doesn’t seem to care.,complaint,72
It's been weeks since I raised my issue and I still feel in the dark.,complaint,69
"Your customer service used to be responsive, but now it feels like a black hole.",complaint,80
I can’t believe I have to go through this just to get some help.,complaint,64
This level of service is unacceptable; I’m really disappointed.,complaint,63
I feel like I’m wasting my time trying to get support from you.,complaint,63
I'm frustrated that it seems like nobody wants to help me.,complaint,58
Your customer support has really gone downhill; it’s a shame.,complaint,61
I’ve never experienced such poor service before; it’s really upsetting.,complaint,71
"I thought I was choosing a reputable company, but now I'm not so sure.",complaint,70
Can someone please take my complaint seriously? This is ridiculous.,complaint,67
I don’t feel valued as a customer with the way I've been treated.,complaint,65
I just want my concerns acknowledged; this lack of response is frustrating.,complaint,75
This experience has made me reconsider using your services again.,complaint,65
I'm really upset with how long it's taking to get any help.,complaint,59
This is beyond frustrating; I expected better from your team.,complaint,61
I can't believe how poorly I've been treated as a customer.,complaint,59
Your customer service has been a complete letdown.,complaint,50
I’ve never felt so ignored by a company before.,complaint,47
The lack of support is making me reconsider my loyalty to your brand.,complaint,69
"I was promised a quick resolution, and here I am days later without any update.",complaint,79
I’m extremely disappointed and feel like my concerns are just being brushed aside.,complaint,82
This experience has left me feeling completely dissatisfied.,complaint,60
I don’t know how you can call this customer service.,complaint,52
I’ve had better support from automated messages than from your actual team.,complaint,75
What happened to your reputed service? This is unacceptable.,complaint,60
I expected much more from you guys; I feel let down.,complaint,52
It’s really frustrating to not receive a clear response.,complaint,56
This ongoing delay is making me lose faith in your company.,complaint,59
"Honestly, I'm just tired of having to follow up on my inquiries.",complaint,64
Your service has been anything but satisfactory lately.,complaint,55
I'm shocked by the lack of communication I've experienced.,complaint,58
Can someone please just take my complaint seriously for once?,complaint,61
"I thought things would improve, but it's only gotten worse.",complaint,59
I’m very unhappy with how my issue has been handled so far.,complaint,59
This has been a terrible experience; I need better support.,complaint,59
I can’t believe I’ve had to wait so long for a response to my issue.,complaint,68
"I can't believe how long I've been trying to get help, this is ridiculous.",complaint,74
Your team completely dropped the ball on my request.,complaint,52
This is honestly the worst experience I've ever had with a company.,complaint,67
I'm really disappointed in how unresponsive your support has been.,complaint,66
"I expected much better from your company, this is frustrating.",complaint,62
How hard is it to get decent support around here?,complaint,49
I don't understand why no one seems to care about customer service anymore.,complaint,75
Is anyone even monitoring support inquiries? I've been waiting forever.,complaint,71
It's frustrating to deal with a company that doesn't value its customers.,complaint,73
"I just want some help, but nobody seems to be available to assist me.",complaint,69
I feel completely ignored after trying to get assistance for days.,complaint,66
"Your support system is a mess, I can’t get any answers.",complaint,55
I'm getting really fed up with how my issue has been handled.,complaint,61
This is not what I expected when I chose your service.,complaint,54
"Your service has been a letdown, I can't believe it.",complaint,52
Why is it so difficult to get a simple response from your team?,complaint,63
"I've had better luck with other companies, this is disappointing.",complaint,65
I shouldn’t have to chase after support like this.,complaint,50
Is this how you treat your customers? I'm really annoyed.,complaint,57
"I don’t usually complain, but this is beyond frustrating.",complaint,57
"I tried to be patient, but it’s clear that my concerns aren’t a priority.",complaint,73
The lack of communication from your end is really surprising.,complaint,61
"I've lost all trust in your customer service, it's just terrible.",complaint,65
How can a company be so unhelpful? I'm truly frustrated.,complaint,56
"I'm really disappointed with the support I received, it was unhelpful.",complaint,70
"This is getting ridiculous, I've been trying to get help for too long now.",complaint,74
"Honestly, I expected better from your service. This is just unacceptable.",complaint,73
I can't believe how slow your response times are. It’s so frustrating!,complaint,70
I've reached out multiple times and still no resolution. What's going on?,complaint,73
The service I received was beyond disappointing. You need to do better!,complaint,71
I've had nothing but issues since I signed up. Really unhappy with everything.,complaint,78
I feel ignored and it’s really upsetting. Can someone please address my concerns?,complaint,81
This has been the worst experience; I don't think I'll be coming back after this.,complaint,81
I'm frustrated by how long it takes to get a simple question answered.,complaint,70
Your customer service is lacking. It feels like no one cares about my issues.,complaint,77
Why is no one getting back to me? This is seriously unacceptable.,complaint,65
"I can’t believe after all this time, I’m still dealing with the same problem!",complaint,77
It’s so disappointing to see such poor customer care. I expected more.,complaint,70
This wait is absurd! I deserve better service than what I’m getting.,complaint,68
I've been a loyal customer but this experience has really made me reconsider.,complaint,77
Really frustrated with how my inquiries have been handled. It’s just not right.,complaint,79
I expected a lot more from a company of your reputation. I'm really let down.,complaint,77
"I’ve raised this issue multiple times, and no one seems to care about fixing it.",complaint,80
"Honestly, this is the last straw for me. Your support is not helpful at all.",complaint,76
This is incredibly frustrating! I can’t get anyone to assist me properly.,complaint,73
I’m not impressed with how my case has been treated. It feels like I’m invisible.,complaint,81
I’m really tired of the runaround. I just want a straightforward answer.,complaint,72
This whole process has been a headache. Please improve your service!,complaint,68
"I was hoping for a smooth experience, but this has been anything but that.",complaint,74
I feel like I'm wasting my time trying to get support. Very disappointed.,complaint,73
This is really disappointing; I expected a lot more from your company.,complaint,70
I've reached out multiple times and I'm still not getting the support I need.,complaint,77
"Honestly, I feel like my concerns are falling on deaf ears.",complaint,59
"The service I've received is unacceptable, and I demand better.",complaint,63
"I thought your company cared about its customers, but this experience is making me think otherwise.",complaint,99
It's frustrating to feel ignored when I just want some assistance.,complaint,66
"Your response times are shockingly slow, and it's leaving me very upset.",complaint,72
I am not happy with how my situation has been handled at all.,complaint,61
"I expected a lot from your service, but it's been such a letdown.",complaint,65
"Every time I contact support, I end up more frustrated.",complaint,55
"This is the third time I've had to follow up on my issue, and I'm done.",complaint,71
Why is it so hard to get decent customer support from your company?,complaint,67
I can't stress enough how disappointing this experience has been for me.,complaint,72
"I just wanted a simple answer, but it's been a mess trying to get it.",complaint,69
You need to improve your service; this is just not okay.,complaint,56
"After this experience, I'm seriously reconsidering my loyalty to your brand.",complaint,76
I've never encountered such poor service in my life.,complaint,52
This is beyond frustrating; I really need someone to address my concerns.,complaint,73
I feel completely let down by the lack of support I've received.,complaint,64
Could someone please take my complaint seriously for once?,complaint,58
This has been the most frustrating interaction I've ever had with customer support.,complaint,83
Your team really needs to step it up; this is unacceptable.,complaint,59
"I've been a loyal customer, but this experience is making me question that.",complaint,75
"I don’t usually complain, but this has been ridiculous.",complaint,55
This is beyond frustrating; I've reached out multiple times with no response!,complaint,77
Your service has really let me down; I expected much more.,complaint,58
I'm really upset about how long it's taking to get a simple issue resolved.,complaint,75
I feel ignored and frustrated; it's like no one cares about my concerns.,complaint,72
This level of customer service is unacceptable.,complaint,47
I don't understand why it takes so long to get a response from your team.,complaint,73
I've had my issues brushed off too many times; this is unacceptable.,complaint,68
"Honestly, I don't know how you stay in business with such poor service.",complaint,71
I'm very unhappy with the lack of communication from your support.,complaint,66
What happened to good customer service? This is not it.,complaint,55
"I've been patient, but this is really testing my limits.",complaint,56
I just want to be heard; this experience has been a nightmare.,complaint,62
It’s hard to trust a company that treats its customers this way.,complaint,64
Your service has completely missed the mark; I’m really disappointed.,complaint,69
I feel like I'm just another number in your system; very frustrating!,complaint,69
This is the worst I've experienced with any company; I'm really upset.,complaint,70
I didn't think it was possible to be this let down; I'm shocked.,complaint,64
"Your support team is clearly overwhelmed, but that's no excuse!",complaint,63
"I expected better from you, but this has been a huge letdown.",complaint,61
It's like nobody is taking my concerns seriously; I feel stuck.,complaint,63
I can't believe how long I have to wait for a simple answer!,complaint,60
"I've tried to be patient, but this is ridiculous now.",complaint,53
I’m not happy; my experience so far has been terrible.,complaint,54
I really wish I had chosen a different company; this is awful.,complaint,62
This is getting ridiculous; I've reached out multiple times with no response!,complaint,77
"I expected better service from your company, I’m really disappointed.",complaint,69
"Honestly, I’m feeling ignored here; it’s not a good feeling.",complaint,60
"I’ve tried to get assistance for days, and I feel like I’m talking to a brick wall.",complaint,83
The lack of communication from your side is unacceptable.,complaint,57
"I’m very unhappy with the way my issue has been handled, or rather, not handled.",complaint,80
Can someone please explain why no one is addressing my concerns?,complaint,64
"I wish I could say something nice, but this experience has been awful.",complaint,70
I just want to know why nobody seems to care about my issue!,complaint,60
This is definitely not what I was expecting when I signed up for your service.,complaint,78
I feel frustrated and undervalued as a customer right now.,complaint,58
"Every time I reach out, I get no helpful response; it's so frustrating!",complaint,71
I’ve encountered numerous delays and it's really taking a toll on my patience.,complaint,78
I’m fed up with waiting; I thought your support would be more reliable.,complaint,71
Can you please fix this situation? I’ve been waiting too long.,complaint,62
This is hands down the worst experience I’ve ever had with a company.,complaint,69
I'm really upset; I thought I was making a great choice with your service.,complaint,74
It’s so disappointing that your customer support is so lacking.,complaint,63
I regret choosing your service when I see how poorly issues are resolved.,complaint,73
I've been trying to get help and it feels like I'm being completely ignored.,complaint,76
I truly didn't expect such poor service from your team; what happened?,complaint,70
This is just unacceptable; I deserve better as a loyal customer.,complaint,64
I'm really at my wit's end with this situation; it's very frustrating.,complaint,70
I can't help but feel that my concerns are falling on deaf ears.,complaint,64
The silence on your end is infuriating; please get back to me ASAP.,complaint,67
I can't believe how long it took to get any help. This is unacceptable.,complaint,71
"Honestly, I've had such a frustrating experience with your service; I expected better.",complaint,86
I feel completely ignored by your team after reaching out multiple times.,complaint,73
The level of service I've received is beyond disappointing.,complaint,59
It’s really frustrating when promises aren’t kept and I receive no updates.,complaint,75
I've had such a rough time trying to get my concerns addressed; it's infuriating.,complaint,81
"This is the second time I'm reaching out, and it's just as bad as before.",complaint,73
"I don’t want to be rude, but your support is really lacking.",complaint,60
Can someone please explain why no one is getting back to me? This is ridiculous!,complaint,80
"I've been a loyal customer, but right now I'm seriously reconsidering that.",complaint,75
Your service has been a complete letdown lately.,complaint,48
I’ve never felt so frustrated with a company before; something needs to change.,complaint,79
This is not what I expected; your service has really gone downhill.,complaint,67
Waiting so long for a response is not what I signed up for.,complaint,59
"I've been more than patient, but this is just unacceptable.",complaint,59
I just want to express my disappointment in the lack of support.,complaint,64
I'm starting to feel like my concerns don’t matter at all to your company.,complaint,74
"I thought I was signing up for good service, but it's anything but that.",complaint,72
I can't express how disappointed I am with the way things have been handled.,complaint,76
This experience has been beyond frustrating; I need help.,complaint,57
"At this point, I’m losing faith in your company entirely.",complaint,57
It seems like nobody cares about customer satisfaction anymore.,complaint,63
I didn't expect this level of service from your company; it’s disheartening.,complaint,76
I’m truly annoyed with the lack of communication from your end.,complaint,63
Can you explain how to set up the API endpoints for my project?,api,63
I'm having trouble retrieving data from your API; it's returning a 404 error.,api,77
What should I do if my access token keeps expiring prematurely?,api,63
I need to know how to implement the SDK into my application.,api,60
Why do my webhook notifications always come through late?,api,57
I'm hitting the API limits faster than expected. Is there any way to increase my quota?,api,87
How do I properly format the JSON request for your endpoint?,api,60
It's frustrating that the API documentation isn't clear on the authentication process.,api,86
Can someone help me debug this API call? It's not returning the expected results.,api,81
What are the steps to integrate your API with my existing system?,api,65
"I've checked everything, but my API key just won't authenticate. What do I do?",api,78
Could you clarify the difference between the v1 and v2 endpoints?,api,65
I need guidance on implementing webhooks for real-time updates. Any tips?,api,73
Why am I receiving a 'permission denied' error when trying to access certain endpoints?,api,87
How can I test API responses without affecting my production data?,api,66
My API calls are timing out. Is there a known issue with the server?,api,68
Is there a limit to the number of calls I can make per minute on the free tier?,api,79
"I've followed the setup instructions, but the SDK isn't working as expected.",api,76
What are the recommended best practices for using your API?,api,59
Can I use basic authentication instead of OAuth for my application?,api,67
How do I handle errors returned by the API effectively?,api,55
Are there any restrictions on what data I can pull from your API?,api,65
What format does the API require for sending data via POST requests?,api,68
I just need a quick clarification on how to paginate through the results.,api,73
Is there a way to set up notifications for when my API call limits are reached?,api,79
"I’m having trouble connecting to the API endpoint for user data, can you help?",api,78
Could you let me know if there’s a way to increase the rate limit for my application?,api,85
What’s the process for setting up webhooks for incoming payments?,api,65
"I’m receiving a 403 error when trying to authenticate, any ideas?",api,65
How do I find the correct endpoint for retrieving product details?,api,66
Is there an SDK available for Python to simplify API integration?,api,65
My API requests are failing intermittently; what could be the reason?,api,69
Can you provide more information about the different authentication methods available?,api,86
I need assistance with the webhook payload structure; it’s not clear in the docs.,api,81
"I followed the OAuth flow, but I still can’t get a valid access token, what am I missing?",api,89
"Hey, could you clarify what the rate limit is for the pro plan?",api,63
"I’m not getting any response from the API, could it be down?",api,60
What should I do if my API key has been compromised?,api,52
Can you confirm if there are any upcoming changes to the API that I should be aware of?,api,87
The event I set up for the webhook isn’t triggering; what could be wrong?,api,73
Do you have any examples of using your API in a Node.js environment?,api,68
"I keep hitting the endpoint limit, is there a way to optimize my requests?",api,74
"I’m frustrated because my integration isn’t working as expected, can someone help me?",api,85
Is there a preferred method for authenticating when using your API?,api,67
Can I get a list of all the available endpoints and their functions?,api,68
I’m having trouble with the JSON response format from the API; it seems off.,api,76
Are there any known issues with the API that might be affecting my requests?,api,76
I read somewhere that there’s a way to test the API in a sandbox environment. Can you explain how?,api,98
The documentation mentions a deprecated endpoint; what should I use instead?,api,76
I need to know if webhooks support retries in case of failures.,api,63
Can someone assist me with accessing the API using a service account?,api,69
"Hey, I'm having trouble connecting to your API endpoints, can you help me with that?",api,84
Can you please clarify the authentication process for accessing the private endpoints?,api,86
"I keep hitting the rate limit on the free tier, is there a way to increase it temporarily?",api,90
Does your API support JSONP for cross-domain requests?,api,54
I'm not receiving any data from the webhook you provided. What's wrong?,api,71
Could you walk me through the steps to set up OAuth for your API?,api,65
The API documentation doesn’t mention anything about error codes. Can you provide a list?,api,89
It seems like the SDK I'm using is outdated. Where can I find the latest version?,api,81
I'm getting a 401 error when trying to use my API key. What does that mean?,api,75
Could you explain how to properly format the request for the user data endpoint?,api,80
I need to know the maximum payload size for your API requests. Can you tell me?,api,79
"Hey, the webhook isn't triggering on my end, can you check if there's something wrong with the setup?",api,101
How often does the data update in the API? I want to ensure my app has the latest information.,api,94
Is there a way to handle multiple webhooks for different events through your API?,api,81
I'm struggling with the token refresh process for OAuth. Can you guide me through it?,api,85
Can you confirm whether your API supports batch processing for requests?,api,72
I received a deprecation notice for an endpoint I’m using. When will it be removed?,api,83
What's the best way to test the API without impacting my production data?,api,73
Are there specific requirements for headers when making requests to your API?,api,77
Is there a test environment where I can safely experiment with API calls?,api,73
I'm confused about what scopes I need for my API calls. Can you clarify that?,api,77
"I attempted to set up webhooks, but it says my server URL is invalid. Any tips?",api,79
How do I implement pagination when fetching large datasets from your API?,api,73
Can the API provide real-time data updates via WebSockets or just REST?,api,71
"I read about rate limiting in your documentation, but how does it track per user?",api,81
I'm having trouble finding the correct endpoint for fetching user data. Can you help?,api,85
Why am I hitting the rate limit even though I'm within my quota?,api,64
Could you clarify how to set up the SDK for Python? I'm getting lost in the documentation.,api,90
I keep getting a 403 error when I try to access my API. What's going on?,api,72
Is there a way to test the webhook responses outside of production? It’s really frustrating!,api,92
I need to know how to refresh my access token without interrupting the service.,api,79
Can you explain how to use the 'PATCH' method with your API? I’m a bit confused.,api,80
"I tried your API last night, and it was really slow. Is that a known issue?",api,75
How can I get notified when there's an update to the API? I want to stay in the loop.,api,85
My integration with your API is failing intermittently. What do you suggest I do?,api,81
I’m struggling with OAuth authentication; can you guide me through the process step-by-step?,api,92
I can't figure out how to filter results when retrieving data from the API. Any tips?,api,85
Does your API support CORS? I’m having issues on the frontend.,api,62
I accidentally regenerated my API key. How do I update it in my application?,api,76
I’m seeing a lot of discrepancies in the data returned by the API. What could be causing this?,api,94
Are there any limitations on the types of requests I can make in the free tier?,api,79
Can you provide examples of how to handle errors returned by the API?,api,69
What is the best way to log API responses for debugging purposes?,api,65
"I've set up my webhook, but it's not receiving any data. What could be wrong?",api,77
Can you tell me how to check the usage stats and logs for my API calls?,api,71
Is there a way to increase the rate limit for my account? I need it for a project.,api,82
I’m trying to understand the difference between synchronous and asynchronous webhooks. Can you explain?,api,103
I can't seem to find the endpoint for updating user profiles. Is it documented anywhere?,api,88
I keep getting a timeout error when I try to connect to the API. Any idea why?,api,78
"Does your API allow for batching requests, or do I have to send them one at a time?",api,83
I keep getting a 403 error when trying to access the user endpoint.,api,67
Can you explain how to set up webhooks for my application? I'm a bit lost.,api,74
What are the maximum requests I can make per minute on the pro plan?,api,68
"I tried using the SDK, but I’m not sure if I’m implementing it correctly. Can you help?",api,87
Why does the API keep returning 'invalid key' when I know my key is correct?,api,76
Is there a guide for integrating your API with third-party services? I need it ASAP!,api,84
I'm having issues with the pagination in the API response. Could you clarify how it works?,api,90
Can you provide a sample request for the new product endpoint? I'm not getting any results.,api,91
I'm feeling pretty frustrated; the authentication process just isn't working for me.,api,84
How do I troubleshoot if my webhook is being triggered but the data isn't being received?,api,89
What are the different authentication methods available? I need something secure.,api,81
My API calls have suddenly stopped working after the last update. What changed?,api,79
Can you tell me how to refresh my access token without interrupting the application?,api,84
Are there any specific headers I need to include in my API requests? I'm unsure.,api,80
I’m hitting the API limit consistently—any tips on optimizing my requests?,api,74
The documentation says one thing but my results are different. Can someone clarify?,api,83
Could you please explain how to set up event subscriptions for webhooks?,api,72
I'm getting rate limited even when I think I'm under the limit. What's going on?,api,80
Where can I find the latest API version details? I want to stay updated.,api,72
Do you provide any SDKs in languages other than Python? I work with Java.,api,73
What's the best way to handle errors returned from the API? I'm not sure how to parse them.,api,91
Can I have multiple API keys for different environments? I need that for testing purposes.,api,90
The callback URL for my webhook seems to be ignored. What could be the issue?,api,77
I'm confused about the difference between GET and POST requests in your API.,api,76
It feels like I'm missing something with the integration; can you point me in the right direction?,api,98
I'm having trouble connecting to the API; can you help me figure out what's wrong?,api,82
Can someone clarify the maximum number of requests I can make per minute on the API?,api,84
I just received an error about my authentication token. What do I do next?,api,74
Is there a way to test the webhook functionality before going live?,api,67
The API response is taking longer than expected. Is this normal?,api,64
I need documentation on how to properly set headers for API requests.,api,69
Why am I getting a '403 Forbidden' error when trying to access certain endpoints?,api,81
"I used the SDK in my project, but I'm unsure how to handle error responses.",api,75
Could you provide more information on how to set up OAuth authentication?,api,73
My integration stopped working after the last update; what changed?,api,67
Can you explain how the callback URLs work for webhooks?,api,56
I’d like to know if I can use multiple API keys for different environments.,api,75
Why is the API rate limit not being enforced as expected?,api,57
I’ve exhausted my call limit—how can I check my usage statistics?,api,65
What should I do if the webhook payload is formatted incorrectly?,api,65
Can you help me troubleshoot why my API requests are failing intermittently?,api,76
I’m trying to find out if there's a way to bulk upload data via the API.,api,72
How do I ensure my requests are compliant with your API guidelines?,api,67
Is there a JSON schema available for the responses from your API?,api,65
I'm confused about the required parameters for this specific endpoint.,api,70
What happens if I exceed the rate limits? Will my requests be blocked?,api,70
I need to set up a retry mechanism for failed API calls; any best practices?,api,76
The documentation is a bit unclear regarding the response types; can you clarify?,api,81
I'm unable to get the API to authenticate with my app; can you assist?,api,70
"Is it possible to configure different environments (e.g., staging, production) for the API?",api,91
I’d like to confirm how often webhooks are sent out for updates.,api,64
"I'm having trouble accessing the API documentation, can you help?",api,65
Why does my API request return a 403 error code? I followed the guidelines.,api,75
Can you explain how to set up my webhook correctly? It's not responding.,api,72
What is the maximum number of requests I can make per minute on the basic plan?,api,79
I'm stuck on how to implement the new SDK. Any tips?,api,52
"My OAuth token expired, how do I renew it without causing downtime?",api,67
I'm getting a 'not found' error when hitting one of the API endpoints. What gives?,api,82
Is there a way to batch my API requests to improve performance?,api,63
Can you confirm if you support CORS for your API?,api,49
I need some guidance on how to set up API authentication with JWT.,api,66
Why are my webhooks failing? They worked last week!,api,51
"How frequently do you update your API, and where can I find the changelog?",api,74
Can I get detailed logs of my API calls? I need to troubleshoot an issue.,api,73
What should I do if I hit the rate limit? Is there a way to get a temporary increase?,api,85
"I'm trying to integrate with your API in Python, but I'm not sure how to start.",api,79
Can you provide an example of a successful API call with parameters?,api,68
Why am I receiving an 'invalid API key' message despite using the correct key?,api,78
I'm frustrated that my API calls are timing out; what's the recommended timeout setting?,api,88
What are the best practices for securing my API key from being exposed?,api,71
Is there a way to receive notifications if my webhook fails?,api,60
How do I handle errors returned from the API? I want to ensure graceful degradation.,api,84
Could you help me understand how to use the rate limits effectively with my app?,api,80
I'm lost when it comes to setting up OAuth 2.0 with your API. Any pointers?,api,75
What do I need to do to authenticate my requests before calling the API?,api,72
Can I get assistance with integrating your API into my existing application?,api,76
I'm having trouble finding the right endpoint for user data. Can you help?,api,74
Why isn't my webhook responding when I try to send data?,api,56
Can you clarify how to use the SDK for integrating your API?,api,60
I'm hitting the rate limit; can you tell me how many requests I have left?,api,74
I think my API key was compromised. How can I regenerate it?,api,60
What kind of authentication do you support? I need to know before I start coding.,api,81
Is there a way to test the API without using my live API key?,api,61
My requests are getting 403 errors. What could be going wrong?,api,62
Can you provide an example of a successful API call to the orders endpoint?,api,75
I receive a 'Not Found' error when I try to access certain endpoints. Why is that?,api,82
How do I subscribe to webhooks for event notifications?,api,55
I'm confused about the different authentication methods available. What's the best one to use?,api,94
What happens if I exceed the rate limit? Will I get blocked temporarily?,api,72
Can someone explain how to handle pagination when fetching data from your API?,api,78
I need help with CORS issues while making API requests from my front-end.,api,73
The endpoint documentation seems outdated. Are there any recent changes I should know about?,api,92
"I thought I set up authentication correctly, but I'm still getting unauthorized errors. Any tips?",api,97
Are there any special headers I need to include in my API requests?,api,67
Where can I find the API changelog? I want to stay up-to-date with any changes.,api,79
"I've set up the webhook, but I'm not seeing any data coming through. What should I check?",api,89
Can you explain how to properly format a request to your API?,api,61
I’m getting rate-limited even though I'm on the pro plan. What gives?,api,69
Can you provide details on how to integrate with third-party services using your API?,api,85
What should I do if my callback URL for webhooks changes?,api,57
What’s the expected response time for the API? Is it consistent?,api,64
"I’m trying to access the API from a different server, but it’s failing. Is there an IP whitelist?",api,97
I'm having trouble connecting to the API. Can you help?,api,55
What are the maximum number of requests I can make in an hour with my account?,api,78
"Hey, I think I misunderstood how to implement the API. Can you clarify the steps?",api,81
"My authentication token keeps failing, what am I doing wrong?",api,61
Can you provide me with the correct URL for the user data endpoint?,api,67
"I've set up the webhook, but I haven't received any notifications. Is there something I missed?",api,95
"I'm trying to integrate with your API, but it's returning a 404 error. Any ideas?",api,81
"I noticed my requests are being throttled, but I'm not sure why. Can you explain the rate limits?",api,97
Could you tell me how to refresh my API token without downtime?,api,63
Why is my SDK version not compatible with your latest API changes?,api,66
I'm getting a CORS error when making API calls from my frontend. Any suggestions?,api,81
"The documentation says to use Basic Auth, but I'm not sure how to structure the request.",api,88
Can I bypass rate limits during development? This is really slowing me down!,api,76
I need help with the authentication flow; it's been really confusing for me.,api,76
"I set up the webhooks correctly, but my server isn't receiving any payloads. What's going on?",api,93
Is it possible to get a list of all available endpoints in one go? That would help a ton!,api,89
My API key just stopped working out of nowhere. Any reason you can think of?,api,76
What's the best way to debug issues with API calls? I've tried a few things already.,api,84
How do I check my current API usage stats? I want to monitor my limits closely.,api,79
The GitHub SDK documentation seems outdated. Can you confirm if it's still accurate?,api,84
I need to know if there are any specific headers I should include in my requests.,api,81
Can you point me to examples of how to use the webhook with a Python server?,api,76
Is there a sandbox environment I can use to test API calls without affecting production?,api,88
"My integration isn't working, and I'm not sure if it's an API issue or my implementation.",api,89
There's a discrepancy between the data I'm fetching from your API and what my database shows. Any thoughts?,api,107
I'm having trouble with the API endpoint for user data; could you help me figure it out?,api,88
Can you clarify how to set up webhooks for my application? I'm getting confused.,api,80
The access token I generated keeps getting rejected. What am I doing wrong?,api,75
Is there a way to track the number of API calls I've made this month? I’m worried about hitting the limit.,api,106
"I'm trying to integrate the API with my project, but the documentation isn't clear on the authentication process.",api,113
Why is my API request returning a 403 status? I thought my key was valid.,api,73
I'm really frustrated because the SDK doesn't seem to be working properly with my code.,api,87
Could you please explain the difference between the v1 and v2 endpoints? I want to ensure I'm using the correct one.,api,116
I need help with OAuth2 authentication; my app is failing to get the access token.,api,82
What kind of data can I expect from the API response when I query the orders endpoint?,api,86
"I just set up a webhook, but I haven't seen any events come through. What could be wrong?",api,89
I'm hitting the rate limit and need to know if there's a way to increase it temporarily.,api,88
Can someone explain how to handle pagination in the API responses? It’s a bit tricky.,api,85
I keep getting timeout errors when I try to fetch data from the API; what should I do?,api,86
Do you have any tips for optimizing API calls to reduce response times?,api,71
"The integration isn't working as expected, and I'm not sure if it's an API issue or something else.",api,99
"I need to update my API key, but I can’t find where to do that in my account settings.",api,86
What time zone are the timestamps in the API responses? I need to align them with my local time.,api,96
Can you help me troubleshoot an issue where my API calls return null data?,api,74
I have a question about the maximum payload size for POST requests. What is it?,api,79
I noticed some discrepancies in the data returned by the API; who should I contact for support?,api,95
I'm a bit overwhelmed by the API documentation. Can you point me to the most important sections?,api,96
Is it possible to test the webhooks before going live? I want to ensure they work perfectly.,api,92
"I've read through the SDK guide, but I'm still stuck on how to implement it. Can someone assist me?",api,99
What is the best way to log API response errors for debugging purposes?,api,71
I need support for a legacy API version; is that still available?,api,65
Can I use multiple API keys for different parts of my application? Or do I need to stick to one?,api,96
I can't seem to find the right endpoint for fetching user data.,api,63
Can you tell me how to set up webhooks properly? They're not working for me.,api,76
Is there a way to increase the rate limits for my API usage?,api,60
I'm having trouble authenticating using JWT. Can you help me out?,api,65
The API documentation is a bit confusing. Can you clarify how to use the search endpoint?,api,89
I keep getting 403 errors. What does that mean for my API key?,api,62
"Hey, I need to know what the current limits are for API calls on the pro plan.",api,78
My requests to the API are timing out. Is there anything I should check?,api,72
"I just updated my API key, but my integrations are still failing. What should I do?",api,83
Could you provide an example of how to handle pagination with the API?,api,70
Why is my webhook not receiving the events? I've set everything up correctly.,api,77
What is the best way to authenticate with the API using OAuth2?,api,63
I read that there are stricter rate limits on the weekends. Is that true?,api,73
Can I combine multiple API calls into one request? It would really help with performance.,api,89
Is there a dedicated support channel for API-related issues? I need quick help.,api,79
I'm confused about the access tokens. How long do they last before I need to refresh?,api,85
What should I do if my application's requests exceed the allowed API quota?,api,75
Can you confirm if the webhook payload structure has changed? Mine is breaking.,api,79
I just want to know how to download the SDK for your API. It's not clear on the site.,api,85
Are there any specific headers I need to include for API calls?,api,63
How can I test the API without going over my rate limit?,api,56
Is there a way to monitor my API usage in real-time?,api,52
"Can I use the API with my custom authentication method? If so, how?",api,67
"The documentation says to use a specific endpoint for data updates, but it’s not working for me.",api,96
My integration is not sending data as expected. What could be wrong?,api,68
How do I unsubscribe from webhook notifications if I no longer need them?,api,73
Can you help me figure out why my API requests are failing?,api,59
I keep hitting the endpoint limit. Is there any way to increase it?,api,67
What’s the proper way to include the API key in my requests?,api,60
I’m having trouble setting up webhooks. Could you guide me through the process?,api,79
Can someone clarify if there are different rate limits for different endpoints?,api,79
I’m not receiving the expected response from the API. What should I check?,api,74
How do I refresh my access token when using OAuth?,api,50
Is there a quick guide on how to use your SDK for Python integration?,api,69
Why does my webhook keep returning a 404 error on my server?,api,60
What are the specific data formats expected for the API requests?,api,65
I’d like to know if there are any known issues with API v2.,api,59
Can you confirm the maximum number of simultaneous requests allowed?,api,68
I’m struggling with the authentication flow. Can you provide more details?,api,74
Why is my API key being rejected despite being correct?,api,55
Is it common for the webhook to take a while to trigger? I'm concerned something is wrong.,api,90
Can you provide examples of valid payloads for your API?,api,56
Is there a way to test webhooks without deploying my app?,api,57
Do you have any tips for optimizing call efficiency with your API?,api,66
What’s the difference between the public and private API endpoints?,api,67
I received a 429 error. Can you explain what that means exactly?,api,64
How often does the API refresh its data? I need up-to-date information.,api,71
I’m having issues with CORS when trying to access the API from my frontend. Any advice?,api,87
Do you have a list of supported SDKs for different programming languages?,api,73
Can I get a status update on the API if it goes down?,api,53
What are the best practices for handling rate limiting in my application?,api,73
"Can I use the API from a mobile app, or is it restricted to web applications?",api,77
Can you help me understand how to use the new API endpoint for fetching user data?,api,82
I'm getting a 403 error when trying to access your API. What's going on?,api,72
Is there a way to test the API without hitting the live server? I want to avoid any extra charges.,api,98
"I think my webhook URL is incorrect, but I can't figure out where to find it. Can you point me in the right direction?",api,118
What’s the best way to handle API rate limiting in my application?,api,66
I’m having trouble authenticating with the API. Can you walk me through the process?,api,84
Do you have any documentation on how to integrate the API with third-party services?,api,84
I'm receiving a 'not found' error when I try to hit one of your endpoints. Can you verify if it's still active?,api,111
What headers do I need to include for a valid API request?,api,58
I need to know if there are any specific SDKs you recommend for working with your API.,api,86
The API response is much slower than expected. Are there any known issues right now?,api,84
Can you clarify the differences between the various authentication methods available for your API?,api,98
I'm not sure how to set up a webhook for my app. Can you provide some guidance?,api,79
Is there a limit on the number of concurrent API calls I can make?,api,66
"I tried a few different keys, but none seem to work. How can I get a new API key?",api,81
"Can your API return responses in a different format, like XML instead of JSON?",api,78
I'm confused about how to implement pagination with your API. Can you explain it to me?,api,87
Are there any best practices for handling errors returned by your API?,api,70
How can I confirm that my API requests are being processed correctly?,api,69
"Can I use your API for a desktop application, or is it strictly web-based?",api,74
Is there a sandbox environment where I can test API calls without affecting my data?,api,84
"I need to know if your API supports CORS, as I'm trying to make requests from my browser.",api,89
Could you let me know if there are any API changes coming up that I should be aware of?,api,87
I’ve been getting inconsistent data from the API lately. Is there an issue on your end?,api,87
What should I do if my API usage exceeds the limit suddenly? Is there an override option?,api,89
Can you help me figure out why my API request keeps timing out?,api,63
I'm having trouble connecting to your API. Is there a troubleshooting guide available?,api,86
What specific endpoints do I need to use for fetching user data?,api,64
My integration isn’t pulling the latest data from your API; what could be wrong?,api,80
I just started using your API and I'm unsure about how to set up the authentication. Any tips?,api,94
Is there a way to increase the rate limit for my application temporarily?,api,73
I’m consistently receiving a 403 status code when trying to access a certain endpoint. What does that mean?,api,107
Could you clarify how to set up webhooks? I think I might be doing it wrong.,api,76
"I'm getting an error saying my API key is invalid, but I'm sure it's correct. Can you check it for me?",api,102
Do you have an SDK available for Python? I'd love to integrate with that language.,api,82
Why is the webhook payload different from what I expected? Is there documentation I can refer to?,api,97
Are there any specific headers I need to include in my API requests?,api,68
Is the API documentation up to date? I've found some discrepancies recently.,api,76
Could you let me know how often the rate limits are reset for my account type?,api,78
I'm confused about the difference between the public and private endpoints. Can you explain that?,api,97
How do I receive notifications for changes in API versions or deprecations?,api,75
Can you assist me with the OAuth flow? I'm struggling to get it right.,api,70
"I'm trying to integrate with your API using Postman, but I'm not sure how to set the authorization headers.",api,107
What do I do if my webhook endpoint is unresponsive? Will it retry automatically?,api,81
I'm facing issues with the CORS policy when trying to access your API from my browser. How can I resolve this?,api,110
Is there a limit on the size of the data I can send to the API in a single request?,api,83
I found a bug in the way your API returns error messages. How do I report it?,api,77
I'm not sure how to paginate results when making requests to the API. Can you provide an example?,api,97
Can you explain the process for revoking an API key? I want to ensure my application remains secure.,api,100
Why am I receiving a different response format than what is documented? It’s causing integration issues.,api,104
I think I’ve reached the maximum number of concurrent connections to your API. How can I check this?,api,100
Can someone help me with the API documentation? I can't seem to find the right endpoint.,api,88
I'm getting a 403 error when trying to access the API. What's going on?,api,71
I really need to know how to set up webhooks for my application. Can you guide me?,api,82
Is there a way to increase the rate limit on my account? The current limit is too restrictive.,api,94
I'm having trouble authenticating with my API key. It keeps saying it's invalid.,api,80
How do I get started with your SDK? Any tips for a newbie?,api,58
Why is the API so slow right now? It's been lagging for a while.,api,64
Can you clarify the difference between the v1 and v2 API endpoints?,api,67
My webhook seems to be sending duplicate payloads. How can I fix this?,api,70
What's the best way to handle rate limits in my application? I want to avoid hitting the limit.,api,95
I'm not sure how to format my request for the API. Can I get an example?,api,72
What should I do if I lose my API key? Is there a way to regenerate it?,api,71
Can you explain how the OAuth flow works for your API? I need some clarity.,api,75
I can't find the integration options for my app. Where can I find that info?,api,76
The API response time is unacceptable for us. Is there anything you can do to improve it?,api,89
My server isn’t receiving any webhook notifications. Is there a way to troubleshoot this?,api,89
Do you have any guidelines on error handling with the API? I'm getting various error codes.,api,91
Can you help me understand the payload structure for the API? It’s quite confusing.,api,83
Is there a way to test the API calls without affecting my production data?,api,74
I'm seeing a limit error even though I know I'm under it. What gives?,api,69
"How often do you update your API, and how will I be notified of changes?",api,72
I need to integrate your API with a third-party service. Any specific requirements I should know?,api,97
Is it possible to paginate results in the API? I’m handling a lot of data.,api,74
Can I use the API with multiple domains under a single account? Just want to clarify.,api,85
Why is the authentication process so complicated? It should be easier to use.,api,77
I'm having trouble connecting to the API. Can you help me figure out why?,api,73
Is there a way to test API endpoints without affecting live data?,api,65
Can you clarify what the response time is for the different API endpoints?,api,74
Why am I getting a 403 error when trying to access this endpoint?,api,65
I need guidance on how to set up webhooks correctly.,api,52
What’s the maximum number of requests I can make with the standard plan?,api,72
I'm stuck on how to implement the SDK in my project. Any tips?,api,62
Can you provide examples of payloads for your API requests?,api,59
How can I troubleshoot issues with API authentication?,api,54
Is there a way to increase the rate limits for my application?,api,62
"I'm testing a new feature, and the API seems to be down. What should I do?",api,74
I can't find the documentation for the latest API version. Where can I locate it?,api,81
How often do you update the API? Are there any upcoming changes I should know about?,api,84
"Can I use the API from a different IP address, or does it need to be whitelisted?",api,81
I'm confused about how to handle errors returned by the API. Can you help?,api,74
What should I do if the API response takes too long?,api,52
Are there any specific headers that I need to include in my API requests?,api,73
I’m getting rate-limited even though I’m well below the limit. What’s going on?,api,79
How do I properly format my requests to get the correct data?,api,61
Can you explain the purpose of each endpoint in a bit more detail?,api,66
I need help with the OAuth flow; the current steps just aren’t working for me.,api,78
Could you suggest the best way to implement API pagination?,api,59
Is it possible to set up multiple API keys for different environments?,api,70
I'm trying to integrate your API with another service but facing issues. Any advice?,api,84
"The documentation says one thing, but I'm getting different results. What gives?",api,80
What happens if I exceed the rate limit? Will my requests be queued?,api,68
What are the endpoints available for retrieving user data? I'm a bit lost.,api,74
Can someone clarify how to set up my API key correctly? I'm getting 'Unauthorized' errors.,api,90
I'm hitting the rate limit too quickly; is there a way to increase it?,api,70
"I've followed the documentation for authentication, but I keep getting errors. Any advice?",api,90
The integration with my CRM isn't working as expected. Can you help?,api,68
How do I know if my webhooks are set up correctly? I'm not seeing any activity.,api,79
Is there a way to test the API before going live? I want to ensure everything works.,api,84
My SDK version seems outdated. How do I update it to the latest version?,api,72
Could you explain how to handle errors returned by the API in a better way?,api,75
I'm frustrated because my API calls return empty responses. What should I check?,api,80
What types of authentication do you support for connecting to the API?,api,70
"The documentation says to use a specific header, but it's not clear when to include it. Can you clarify?",api,104
How many API calls can I make within a minute without hitting the limit?,api,72
My webhook notifications aren't coming through. Is there a way to troubleshoot this?,api,84
I've created multiple API keys. How can I manage and revoke them if necessary?,api,78
The API response is taking longer than expected; do you have any recommendations for improving speed?,api,101
What should I do if I accidentally expose my API key publicly?,api,62
Can you guide me on the best practices for error handling with your API?,api,72
I need to know if there are specific endpoints for retrieving historical data.,api,78
How do I subscribe to webhook events for new user registrations?,api,64
I've heard about new features in the API; can you provide a changelog or updates?,api,81
My application keeps timing out when calling the API. What parameters should I check?,api,85
What are the common pitfalls when integrating with your API that I should be aware of?,api,86
I'm having trouble accessing the endpoint for user data. Can you help me?,api,73
Is there any documentation on how to set up webhooks? I'm a bit confused.,api,73
"I've reached my API limit for the month, what can I do to increase it?",api,70
Could you clarify the steps for authenticating via API? I keep running into issues.,api,83
It seems like the response from the API is slower than usual. Any insights?,api,75
"My application is not receiving the webhook notifications, what could be the issue?",api,83
What are the different endpoints available for retrieving analytics data?,api,73
I’m trying to implement the SDK but the setup guide isn’t very clear. Any tips?,api,79
I'm getting a 401 unauthorized error. Does it mean my credentials are wrong?,api,76
Are there any restrictions on data types that can be sent through the API?,api,74
I've seen conflicting information about rate limits. Can you confirm the correct limits?,api,88
Can you help me troubleshoot why my API calls aren’t returning the expected results?,api,84
"The authentication token keeps expiring too quickly, what should I do?",api,70
Is there a way to test API calls without affecting live data?,api,61
"I attempted to integrate with your API, but I'm getting an error message. Any idea why?",api,87
Can you explain how to refresh the OAuth token? I'm lost here.,api,62
"I think the API documentation might be outdated, can someone check that?",api,72
"I'm facing issues with JSON responses from the API, they don't seem to match the specs.",api,87
How can I monitor my API usage effectively? Any tools you recommend?,api,68
I’m not sure if my webhooks are set up correctly. Can you walk me through the process?,api,86
What happens if I exceed my API rate limit? Will it just block requests?,api,72
My integration isn’t working and I don’t see any error logs. What can I do?,api,75
Is there a way to manually trigger a webhook for testing purposes?,api,66
What should I do if my API key gets compromised?,api,48
Can you share any best practices for using the API efficiently?,api,63
I'm encountering a CORS issue when trying to access the API from my frontend. Any fixes?,api,88
Can you help me understand the different API endpoints available?,api,65
I keep getting a 401 error when trying to authenticate. What am I doing wrong?,api,78
What’s the maximum number of requests I can make per minute on the basic plan?,api,78
"I need to set up a webhook, but I'm not sure how to configure it correctly. Any advice?",api,87
Is there any documentation for the SDK? I can't seem to find it anywhere.,api,73
I’m frustrated because my API calls are timing out. Is there a server issue?,api,76
Could you clarify how to generate a new API key? I'm a bit lost.,api,64
Why has my webhook stopped working? I haven’t changed anything on my end.,api,73
"I’m trying to integrate with your API, but I can’t seem to get the authentication to work. Help!",api,96
Can the API handle multiple data formats? I'm not sure if I should use JSON or XML.,api,83
I have hit the rate limit and need to know how long I have to wait before making more requests.,api,95
How do I know if my OAuth token is still valid? It’s quite confusing.,api,69
"I attempted to call an endpoint, but I received a 404 error. Can you explain why?",api,81
Your API documentation is really hard to follow. Is there a simpler version?,api,76
"I've configured my webhook settings, but I’m not receiving any events. What should I check?",api,91
How can I monitor my API usage? I need to keep track of my limits.,api,66
I’m not receiving the expected response format from the API. What could be going wrong?,api,87
Can you tell me if there’s a way to batch my API requests? This would save me time.,api,83
I’m confused about how to refresh my access token. Can you provide some guidance?,api,81
What headers do I need to include for the API requests to work properly?,api,72
Why is the API so slow today? I need to run some critical updates.,api,66
I’m looking to integrate your API with a third-party service. Do you have any tutorials?,api,88
My API key got compromised. How do I revoke it and create a new one?,api,68
Are there any specific environments where your SDK works best? I’m running into issues.,api,87
I need to handle errors better in my integration; how does the API report errors?,api,81
Is there any way to increase the rate limit for developers during testing? I’m hitting it too often.,api,100
I'm having trouble retrieving data from the API; can someone help?,api,66
What endpoints do I need to use to get user information?,api,56
Can you clarify the authentication process for using the API?,api,61
I keep hitting the limit on my API calls; what can I do?,api,56
Is there a way to test webhooks locally before going live?,api,58
"I was trying to integrate your API with my app, but it's not connecting; any tips?",api,82
How can I refresh my access token when it expires?,api,50
The SDK documentation seems outdated; is there a newer version?,api,63
Why does my API request return a 403 error?,api,43
Can you provide examples of how to set up a basic integration with your API?,api,76
I'm not sure if I'm using the right parameters in my API calls; could I get some guidance?,api,90
Is there a maximum payload size for requests to the API?,api,56
My webhook endpoint is returning a 500 error; what should I check?,api,66
How do I log API requests for debugging purposes?,api,49
Can I get help with parsing the JSON response from the API?,api,59
"I tried calling the API from Postman, but it keeps timing out; what could be wrong?",api,83
What's the best way to handle rate limiting in my application?,api,62
I noticed some endpoints aren't documented; how can I find out what they do?,api,76
Could you explain the difference between REST and GraphQL in your API?,api,70
I'm confused about how to use pagination with your API; can you provide an example?,api,83
I received a 'not found' error when trying to access a resource; what might be the issue?,api,89
"Can the API handle multiple requests at once, or is it single-threaded?",api,71
Is there a way to subscribe to updates for changes in your API?,api,63
I'm looking for best practices on securing my API keys; any suggestions?,api,72
Are there any known issues with your API that I should be aware of?,api,67
Can you help me figure out why my API requests are timing out?,api,62
I keep getting a 401 error when I try to access the endpoint. What’s going on?,api,78
Does your API support pagination? I'm trying to fetch a large dataset.,api,70
"I set up a webhook, but I’m not seeing any data coming through. What should I check?",api,84
Is there a way to extend the rate limits for my account? I'm hitting them way too often.,api,88
I need clarification on which authentication method I should be using right now.,api,80
The SDK documentation says nothing about error handling. Can you provide some examples?,api,87
What are the current API versioning practices? I want to make sure I’m using the latest.,api,88
I’m trying to integrate with your API but keep running into CORS issues. Any tips?,api,82
Why is my API key showing as invalid? I thought I did everything right.,api,71
Can I test the webhooks with mock data? I just want to see how they respond.,api,76
What’s the best way to keep track of my usage against the API limits?,api,69
I received an email about a deprecation. Can you confirm which endpoints will be affected?,api,90
How do I get my app approved for using the API? Is there a review process?,api,74
I'm getting a bad request error. Can you explain what could be wrong with my JSON?,api,82
Can you provide examples of how to use the SDK for connecting to the API?,api,73
I can't find the endpoint for retrieving user profiles. Am I looking in the right place?,api,88
What do I do if my webhook endpoint is down? Will you retry the requests?,api,73
I’m seeing inconsistent data in the API responses. What might cause that?,api,73
Are there any guidelines for optimizing my API calls? I want to reduce the load.,api,80
Is there a way to programmatically check my API key's status before making requests?,api,84
I have multiple applications using your API. Can they share the same API key?,api,77
"What format does the API return data in, and can I request a different format?",api,78
Is there a way to get notified when my webhook fails? I want to troubleshoot quickly.,api,85
My authentication token is expiring too soon. Why is that happening?,api,68
I can't seem to get the API to return any data. What am I doing wrong?,api,70
Can you help me figure out how to set up the SDK for my project? I'm a bit stuck.,api,81
I'm hitting the rate limit way too often. Is there any way to increase it for my account?,api,89
Why is my authentication token expiring so quickly? This is really frustrating!,api,79
"I'm trying to set up a new webhook, but I don't see any documentation on it. Where can I find that?",api,99
What's the best way to handle API errors? My app is crashing whenever I get a 500 response.,api,91
I need clarification on the endpoints available for retrieving user data. Can you provide more details?,api,103
"I integrated your API into my app, but it's not displaying any information. What could be wrong?",api,96
Could you explain how to refresh the access token when using OAuth? I'm confused about the process.,api,99
Is there a way to test my webhooks before going live? I want to ensure everything works smoothly.,api,97
I keep getting a 403 error when accessing certain endpoints. What does that mean?,api,81
"I’ve checked my API key, but I still get access denied messages. Any insights?",api,78
I read that your API has a limit on the number of requests per minute. Can you confirm that?,api,92
I'm having trouble with the integration. The API seems to be returning outdated information. Why is that?,api,105
Could you point me to the documentation for your latest API version? I want to make sure I'm using the current endpoints.,api,121
My server isn't receiving any data from the webhook. Is there a way to debug this?,api,82
What's the procedure for authenticating multiple users with the API? I'm unsure how to proceed.,api,95
"I'm getting a response that indicates I'm over the rate limit, but I don't think I am. Can you help me?",api,103
Is it possible to change the callback URL for webhooks after I've set it up? I need to update it.,api,97
How can I effectively paginate through large datasets using your API? I'm struggling with this.,api,95
I've noticed some inconsistencies in the API documentation. Is there a way to report issues?,api,92
I'm not sure if my API requests are being sent correctly. How can I check what is being transmitted?,api,100
How often do you update the API? I want to stay aligned with any new features or changes.,api,89
Can you provide examples of successful OAuth implementations with your API? That would be super helpful.,api,104
I'm exhausted trying to troubleshoot my API connection. Is there support for this kind of issue?,api,96
"I'm having trouble getting my API request to work, can you help?",api,64
Can you clarify how I should set up my API endpoint for the latest version?,api,75
Why does my access token keep expiring after a short time?,api,58
Is there a way to increase my api rate limit temporarily for a big project?,api,75
"The documentation mentions webhooks, but I can't find information on how to test them.",api,86
What’s the best way to handle API authentication for mobile apps?,api,65
"I keep getting a 401 error when trying to access certain API endpoints, what's wrong?",api,85
How often can I make requests to your API with my current plan?,api,63
Can I get an example of how to properly format my API call?,api,59
The SDK doesn’t seem to be working as expected. Any tips?,api,57
How do I set up event notifications via webhooks in my application?,api,67
I'm confused about the OAuth flow; can you explain how it works step by step?,api,77
What do I do if my API key has been compromised?,api,48
"I'm trying to integrate your API with my backend, but I'm stuck. Can you help me out?",api,85
Are there specific headers I need to include in my API requests?,api,64
I'm seeing some unusual response times from the API; what's going on?,api,69
Can you explain the difference between the public and private endpoints?,api,72
"I’ve implemented the API, but I’m not getting any data back. What might be the issue?",api,85
Is there a way to test the API calls without affecting my live data?,api,68
"Can I use your API with Node.js, or is there a preferred programming language?",api,78
My integration is not updating; should I check the webhook settings?,api,68
Can you tell me how to log and handle errors returned by the API?,api,65
What's the maximum payload size I can send in a single API request?,api,67
I’m receiving a 429 status code. Does that mean I’ve hit my limit?,api,66
Could you provide some sample code for using your API with Python?,api,66
I'm having trouble generating a new API key. Can you help?,api,58
Can you explain how to set up the webhook for my app?,api,53
I'm running into a 403 error. What does that mean for my API calls?,api,67
Is there a way to check how many API requests I've made this month?,api,67
"Hey, I need some clarification on the authentication process. What’s the best way to get started?",api,97
The documentation seems outdated. Can someone provide the updated endpoint details?,api,83
I'm a bit confused; how do I use the SDK for my project?,api,56
Why are my API requests getting throttled? I thought I was well within the limits.,api,82
Can I get a list of all available API endpoints? I’m unsure what I can access.,api,78
I set up everything correctly but my webhooks don’t seem to trigger. What am I missing?,api,87
Is there a way to increase the rate limit temporarily? I need it for an upcoming project.,api,89
"My API calls are returning a 404 error, but I think the endpoint is correct. What should I check?",api,97
What's the recommended way to handle authentication tokens in my application?,api,77
I can't find the section about rate limits for the premium tier in the documentation. Can you assist?,api,101
Do you support JSON Web Tokens for authentication? I’d prefer that method.,api,74
I'm receiving an 'Invalid Signature' error for my webhook. Can you help me troubleshoot?,api,88
How often does the API refresh its data? I need to know how current the information is.,api,87
What are the best practices for error handling with your API?,api,61
I'm not receiving any data when I hit the endpoint. Is there a known issue?,api,75
Can you give me an example of how to implement the API in my project?,api,69
I'm facing issues receiving webhook notifications on my local server. Any tips?,api,79
Could you clarify the parameters required for the GET request?,api,62
Why has my API key been revoked? I haven’t changed anything.,api,60
Is it possible to set up a callback URL for real-time updates?,api,62
I'm curious about the authentication flow for your API; can you break it down for me?,api,85
"I can't seem to get a response from the API, is it down?",api,56
What are the different API endpoints I can use to get user data?,api,64
"I'm hitting the rate limit, how can I increase it?",api,50
Does your API support pagination for large datasets?,api,52
I followed the authentication guide but I'm still getting a 401 error.,api,70
"Hey, could you clarify how to send JSON data in my requests?",api,60
"I'm not receiving the webhook notifications, can you help troubleshoot?",api,71
What’s the best way to integrate your API with my existing platform?,api,68
I need to know the maximum request size for the API. Is there a limit?,api,70
Can you provide examples of how to use the SDK with JavaScript?,api,63
Is there a difference between the public and private API keys?,api,62
I tried fetching data from the /users endpoint but it's returning an empty array.,api,81
How do I test the API without affecting my production data?,api,59
"I'm confused about the OAuth token expiration, can you explain?",api,63
Are there any known issues with the latest API version?,api,55
I need to register a webhook but I’m not sure how to format the payload.,api,72
What's the typical response time I should expect from your API calls?,api,69
"Can I use the API for bulk data uploads, and if so, how?",api,56
I’m having trouble authenticating via API. Are there any troubleshooting steps?,api,79
Could you walk me through the process for retrieving my API key?,api,64
Do you have any libraries available for integrating the API with Python?,api,72
"I'm not seeing any documentation for the new features added recently, where can I find it?",api,90
Why am I getting a 403 error when trying to access certain endpoints?,api,69
"I’m really frustrated with the inconsistency of the API responses, can someone look into this?",api,94
I'm having trouble with the API endpoint for user data; it keeps returning a 404 error.,api,87
Can you tell me if there's a way to increase the rate limit on my current plan?,api,79
"Hey, I need help figuring out how to set up webhook notifications for payment events.",api,85
My authentication token keeps expiring too quickly. Is this normal?,api,67
"I just implemented the SDK, but I'm not sure if I'm using it correctly. Can you provide more guidance?",api,102
Why is my API request returning a '403 Forbidden' error? I thought my credentials were correct.,api,95
Can you clarify what the maximum number of requests per minute is for your API?,api,79
I’m getting a CORS error when trying to make requests to the API. What should I do?,api,83
Is there a sandbox environment available for testing API calls without affecting production data?,api,97
"I tried using OAuth for authentication, but I keep getting a 'token invalid' message.",api,85
"The documentation mentions several endpoints, but I'm not sure how to use the one for creating a new order.",api,107
Can you help me troubleshoot why my webhook is not receiving any data from your service?,api,88
Is there a way to log all API calls made from my application for debugging purposes?,api,84
I'm confused about the difference between private and public API keys. Can you explain?,api,87
What should I do if I hit the API rate limit? Will my requests start failing?,api,77
I'm seeing inconsistent data from the API. Is there a caching layer I should be aware of?,api,89
"How often are API keys rotated, and what’s the process for regenerating them?",api,77
"Can I make requests to your API from a mobile app, or are there restrictions?",api,77
My API responses are slower than expected. Is there a way to optimize my calls?,api,79
Do you provide any client libraries for easier integration with your API?,api,73
I can't find the endpoint for retrieving user profile information. Where is it located?,api,87
Is there a recommended way to handle API errors when they occur during a request?,api,81
Do you have any best practices for using your API in high-traffic applications?,api,79
"I've just switched to a new server, and the API isn't responding like it did before. Any ideas?",api,95
Can you confirm if webhook events are sent only for successful transactions?,api,76
"Is cross-origin resource sharing (CORS) enabled for your API, or do I need to make adjustments?",api,95
"I'm trying to access your API documentation, but the link seems broken. Can you help?",api,85
Can you explain how I can set up a webhook to receive real-time updates?,api,72
"I'm hitting a rate limit error on my API calls, what can I do about it?",api,71
What authentication methods do you support other than API keys?,api,63
I'm not sure how to integrate your SDK into my existing app. Any pointers?,api,74
"My API key was working fine, but now I'm getting unauthorized errors. What's going on?",api,86
Can you tell me more about the difference between your endpoints for data retrieval and data submission?,api,104
I really need to know the maximum requests I can make per minute with the free plan.,api,84
Is there a way to check my current API usage and remaining limits?,api,66
I can't seem to get my webhook to trigger when I send a POST request; can you check if there’s an issue?,api,104
Could you provide a clear example of using OAuth for authentication with your API?,api,82
I'm getting a lot of 404 errors when trying to access certain endpoints. What's the deal?,api,89
Why are some of the API calls I'm making taking so long to respond?,api,67
"I just implemented the API, but I'm not receiving any response data. What's wrong?",api,82
"Can I use multiple API keys for different environments, like staging and production?",api,84
How often do you update your API docs? They're a bit outdated right now.,api,72
I am confused about which endpoint to use for retrieving user details; could you clarify?,api,89
Why does my API dashboard show inconsistencies in the request count?,api,68
What are the specific events that can trigger a webhook from your service?,api,74
I ran into a 500 server error while processing my request; can you investigate?,api,79
How does versioning work in your API? I want to ensure compatibility.,api,69
Could you help me understand the payload structure for your API responses?,api,74
I need to know if your API supports batch processing for large datasets.,api,72
Is there a recommended way to handle retries when I hit a rate limit?,api,69
"I'm trying to get my API calls to work in Python, but I'm having trouble with the syntax.",api,89
I'm having trouble connecting to your API; can you help?,api,56
What are the different endpoints available for user data?,api,57
I keep getting a 401 error when trying to access the API; what's going on?,api,74
Could you clarify how to implement the SDK in my project?,api,57
Why is my API request getting rate-limited? I thought I was within the limits.,api,78
My webhook setup isn't working—what should I check for first?,api,61
I need to know if there’s a way to increase my current API call limits.,api,71
Why do I keep seeing 'invalid client' messages when using OAuth?,api,64
Can you provide examples of how to integrate your API with a Node.js application?,api,81
Is there a specific format I should use when sending data to your endpoints?,api,76
My integration is failing; could you help me troubleshoot?,api,58
How do I properly set up the webhook URL to receive events?,api,59
Are there any SDKs available for Python to help with API calls?,api,63
I'm running into issues with CORS when accessing the API from my frontend.,api,74
Can someone explain how to authenticate a request with the API?,api,63
I’m confused about the versioning of your API. Are there breaking changes I should be aware of?,api,95
Are there any best practices for handling API responses?,api,56
How can I check the status of my API requests from your end?,api,60
I would like to know if your API supports batching multiple requests.,api,69
What libraries do you recommend for making requests to your API?,api,64
"I just added a new webhook, but it isn’t sending any data—what’s the issue?",api,75
What's the best way to manage API keys securely in my application?,api,66
I’m not clear on what data types your API expects for user creation.,api,68
Does your API allow for pagination in the responses?,api,52
I’m having issues retrieving historical data through the API; any tips?,api,71
What should I do if my API request times out frequently?,api,56
I'm having trouble finding the right endpoint for user data retrieval.,api,70
Could you please explain how to set up webhook notifications for my application?,api,80
Why am I getting a 429 error when trying to access the API?,api,59
Can you tell me how to refresh my API token? It seems to have expired.,api,70
Is it possible to use multiple API keys for different environments?,api,67
"I keep getting unauthorized errors, even though I'm sure my credentials are correct.",api,84
What is the maximum number of requests allowed per minute on the basic plan?,api,76
Do you have an SDK for Python? I'm looking to make my integration easier.,api,73
How can I test the API without affecting my production data?,api,60
Can you clarify if there are any geographical restrictions on API access?,api,73
I need more info on how to authenticate using JWT. Can you help?,api,64
It seems like my webhooks are delayed. Is there a way to troubleshoot that?,api,75
What should I do if my API key appears compromised?,api,51
I can’t locate documentation for the latest version of the API. Where can I find it?,api,84
How do I handle pagination when retrieving large datasets through the API?,api,74
Are there any best practices for managing rate limits effectively?,api,66
I'm stuck trying to integrate your API with our payment processing system. Any tips?,api,84
Could you explain the difference between the REST and GraphQL versions of your API?,api,83
I just started using your API and I'm confused about the authentication process.,api,80
Can I get a list of all available endpoints in a downloadable format?,api,69
The response time from the API seems unusually slow lately. What's going on?,api,76
Does your API support CORS? I'm running into issues with cross-origin requests.,api,79
"I read about webhooks in your docs, but I still have no idea how to implement them.",api,83
Is there a way to test my webhooks without sending actual data?,api,63
I'm losing track of my API calls. Do you provide any usage analytics?,api,69
Can you help me debug a specific error message I'm receiving from the API?,api,74
I'm having trouble connecting to your API. Can you help?,api,56
What are the available endpoints for the data I need? I can't seem to find them.,api,80
I keep getting a 401 error when trying to authenticate. Any tips?,api,65
Could you clarify the maximum number of requests I can make per minute?,api,71
Is there a way to reset my API key? I think mine might be compromised.,api,70
Why am I not receiving any data from the webhook? I set it up correctly.,api,72
I need some help with the SDK. It feels a bit complicated for what I'm trying to do.,api,84
Can you tell me what formats the API accepts for requests? I'm confused.,api,72
I'm wondering if there are any known issues with your API right now.,api,68
"The documentation mentions a rate limit, but I can't find the specifics. Where are they?",api,88
Do you support CORS with your API? I'm having issues with cross-domain requests.,api,80
I can't figure out if I'm using the right base URL for your endpoints.,api,70
Is there a sandbox environment for testing API calls before going live?,api,71
My webhook URL keeps getting rejected. What could be the issue?,api,63
What kind of data can I expect in the API response? I'm not sure what to look for.,api,82
What should I do if my application exceeds the rate limit temporarily?,api,70
"I think I'm sending the right authentication headers, but I'm still getting blocked.",api,84
Are there any examples of successful API requests I could look at?,api,66
The API seems slow to respond at times. Is this a known issue?,api,62
I can't find any information about pagination in your API documentation.,api,72
I'm getting a 'not found' error when trying to hit one of your endpoints. What's going on?,api,90
What's the process for adding more API calls if I need them?,api,60
Do you have any tutorials or guides for using the API effectively?,api,66
Could you explain how to use webhooks for event-driven updates?,api,63
"I'm trying to integrate your API with another service, but I'm hitting roadblocks. Can you assist?",api,98
Can you help me understand how to set up my API key?,api,52
I'm getting a 401 error when trying to authenticate. What's going on?,api,69
What should I do if my webhook isn't sending data to my application?,api,68
Is there a way to increase the rate limit for my account?,api,57
I can't find the documentation for the new API endpoint. Can you point me in the right direction?,api,97
Can you clarify if there's a limit on how many requests I can make in a minute?,api,79
I'm having trouble with the SDK installation. Can you guide me through it?,api,74
I keep getting rate limit errors even though I'm well below the stated limits. Any advice?,api,90
How do I handle OAuth token expiration for API requests?,api,56
Could you explain how to set up event subscriptions for the webhook?,api,68
"I'm trying to integrate your API with my platform, but the documentation is lacking. Any tips?",api,94
What format does the API expect for incoming data?,api,50
My API calls are returning incorrect data. What could be the issue?,api,67
Can I use multiple API keys for different environments like dev and production?,api,79
Why is my webhook not being triggered? Everything seems fine on my end.,api,71
How can I test my API calls without hitting the production environment?,api,71
Do you support paginated responses for large datasets from the API?,api,67
I'm confused about the difference between the public and private endpoints. Can you explain?,api,92
How frequently is the data in your API updated?,api,47
What should I do if my API request times out consistently?,api,58
Can you provide an example of how to implement the callback for webhooks?,api,73
What libraries or tools do you recommend for working with your API?,api,67
"Is SSL required for all API requests, or is it optional?",api,56
How can I log failed API requests for debugging purposes?,api,57
Are there any plans to extend the API functionality in the near future?,api,71
I'm struggling with the CORS issues while making API requests from the frontend.,api,80
"I'm getting a 401 error when trying to access the API, what should I do?",api,72
Can you provide more details on how to use your SDK for integration?,api,68
"The API documentation said something about rate limits, but I can't find the exact numbers. Can you help?",api,105
"I just set up a webhook, but I'm not seeing any data come through. What's wrong?",api,80
How do I make sure I'm using the latest version of your API endpoints?,api,70
My app keeps hitting the rate limit. Is there any way to increase it?,api,69
I'm having trouble authenticating with my API key. Can you walk me through the steps?,api,85
Is there a way to test webhooks locally before deploying them?,api,62
I need to know the endpoint for fetching user details. Where can I find that?,api,77
What is the expected response time for API requests on the standard tier?,api,73
I keep receiving an invalid token error. Can I refresh my API token somehow?,api,76
How can I ensure that my API calls are being made securely?,api,59
I'm trying to track down an integration issue—my requests just aren't going through.,api,84
Can you explain what happens when I exceed the rate limit? Will it just stop working?,api,85
My webhook payload isn't what I expected. How can I troubleshoot this?,api,70
Where can I find examples of API requests in different programming languages?,api,77
Is there a way to get notified if my API key is compromised?,api,60
Do you have a sandbox environment for testing API calls?,api,56
What libraries do you recommend for working with your API in Python?,api,68
I got a warning about my usage limits; what does that mean for my app?,api,70
My API calls are timing out. Is there something I should be checking on my side?,api,80
"Can I use multiple API keys for different environments, like production and staging?",api,84
"I recently updated my API key, but it still doesn't seem to be working. Any ideas?",api,82
How do I handle pagination when retrieving data from your API?,api,62
"I need to integrate with your API, but I'm not sure where to start. Any tips?",api,77
What are the best practices for caching API responses?,api,54
I'm having trouble connecting to the API; can you help?,api,55
Could you clarify what the maximum number of requests per minute is for the standard plan?,api,90
"I've tried multiple times to authenticate using the API, but I'm getting errors. What could be wrong?",api,101
The API documentation seems outdated; can you confirm the latest version?,api,73
My integration isn't working as expected. Can you walk me through the setup?,api,76
What are the required headers for making a successful request?,api,62
"I keep hitting a 429 error, and I'm not sure why. Can you explain the rate limiting?",api,84
How do I refresh my API token once it expires?,api,46
"I've set up the webhook, but it hasn’t triggered any events. What should I check?",api,81
Could you provide examples of how to use the SDK effectively?,api,61
I received an invalid signature error; can you help troubleshoot?,api,65
Are there any specific time zones I should be aware of when using the API?,api,74
I need to know if the API supports batch requests. Can you confirm?,api,67
What should I do if I suspect my API key was compromised?,api,57
Can you point me to a guide on best practices for using your API?,api,65
"I'm trying to use the endpoints in a different programming language, do you have examples?",api,90
Is there a way to get notifications for API changes or updates?,api,63
"Can I access the API documentation offline, or is it only available online?",api,75
I’m getting a CORS error while trying to access the API. What’s the fix?,api,72
What are the limitations of the trial version of your API?,api,58
The response from the API is taking too long; is there a way to optimize this?,api,78
My API integration suddenly stopped working; did something change on your end?,api,78
What are the most common causes of failed API requests?,api,55
I have multiple API keys. Is there a way to manage them more efficiently?,api,73
I'm having trouble understanding how to use your API docs. Can someone help?,api,76
Can you explain how to set up a webhook? I'm not quite getting it.,api,66
My integration is failing due to a 401 error. Any ideas on what that's about?,api,77
What’s the maximum number of requests I can make in a minute? I don’t want to hit any limits.,api,93
"I'm trying to use the SDK to connect, but I keep getting errors. Any suggestions?",api,81
I can't figure out how to pull data from this specific endpoint. Can you provide some guidance?,api,95
Why does my API key keep getting rejected? I've checked it multiple times.,api,74
Is there a way to refresh the access token programmatically? I'm not sure how to do that.,api,89
The webhook on my end hasn't received any data for the last hour. What should I check?,api,86
I'm seeing a different rate limit than what was mentioned in the documentation. What's up with that?,api,100
Could you please clarify the authentication process with API keys versus OAuth?,api,79
"I thought I understood the endpoints, but now I'm a bit lost. Can someone walk me through it?",api,93
I'm hitting a wall trying to set up the API. It just feels overly complicated.,api,78
Why do I keep getting a timeout error when calling this specific endpoint? It's really frustrating.,api,99
Can I get a summary of the main differences between the v1 and v2 APIs?,api,71
What do I do if I accidentally expose my API key? Is there a way to regenerate it?,api,82
"I'm trying to use the API on a test server, but it seems to work only on production. Any advice?",api,96
Are there logs available for my API calls? I need to debug an issue.,api,68
Can you recommend any tools for testing API requests easily?,api,60
What’s the best way to handle API errors gracefully in my app?,api,62
I’m struggling with the pagination on this endpoint. It’s not as straightforward as I hoped.,api,92
Do you offer a way to monitor API usage over time? I want to keep track of my requests.,api,87
I need to know if there's an endpoint for retrieving user data. Can you point me to it?,api,87
The information in the API response seems inconsistent. Can someone take a look at it?,api,86
I’m looking to integrate a new feature using the API. Any common pitfalls I should avoid?,api,89
Can you help me figure out why my API requests are getting 403 errors?,api,70
I'm having trouble finding the right endpoint for fetching user data. Could you point me in the right direction?,api,112
What are the API rate limits for the standard plan?,api,51
I received a 500 error when accessing an endpoint. What should I do next?,api,73
How can I securely store my API keys? I'm worried about them being exposed.,api,75
"The documentation says to use a bearer token, but I don't understand how to create one.",api,87
Why is my webhook not receiving events? I've double-checked the URL.,api,68
"I keep hitting the rate limit, and it's really slowing me down. Is there anything I can do?",api,91
Can you give me more info about the different SDKs available for your API?,api,74
Is there a way to test API calls without affecting my production data?,api,70
I'm confused about the versioning in your API. What should I be using?,api,70
The authentication process seems overly complicated. Can you simplify it for me?,api,80
"I tried to integrate your API with Zapier, but it doesn't seem to work. Any tips?",api,81
Can you tell me if there's a sandbox environment for testing API calls?,api,71
What format should I use for sending data in POST requests to your API?,api,71
I'm getting inconsistent responses from the API. Is there a known issue?,api,72
How do I handle pagination when retrieving a list of items from the API?,api,72
I just need to know the maximum number of requests I can make in a minute.,api,74
Could you clarify what scopes I need for my API token?,api,54
"I've updated my webhook settings, but I'm still not seeing any callbacks.",api,73
Is there a way to subscribe to specific events via the API?,api,59
"My application relies heavily on your API, and I need to ensure I'm complying with the usage policies. Can you provide me with those details?",api,141
"I'm trying to debug an integration, but I can't find any logs in the Developer Console. Where should I look?",api,108
Can you explain the difference between the REST and GraphQL versions of your API?,api,81
Are there any specific headers I need to include when making API requests?,api,74
I'm really stuck—could you help me troubleshoot why my API call isn't returning the expected data?,api,98
Can you help me with where to find the API documentation for my integration?,api,76
I keep getting a 401 error when trying to access the API. What might be the issue?,api,82
How often can I make API calls on my current plan? I want to make sure I'm within limits.,api,89
I'm trying to use the SDK but it's throwing errors. What are common troubleshooting steps?,api,90
What’s the best way to test my webhooks before going live?,api,58
I can't seem to find the right endpoint for retrieving user data. Could you point me in the right direction?,api,108
The response from the API seems to be delayed. Is there a way to check if it's on your end?,api,91
"I'm using the API in a Node.js project and ran into some issues with authentication, can you help?",api,98
Why is my API request returning a 403? I thought my permissions were set correctly.,api,83
I set up my webhook but it's not receiving any events. Any suggestions?,api,71
How do I handle rate limiting when my app has peak usage times?,api,63
The API key I generated doesn't seem to work. How do I regenerate it?,api,69
"Can I use OAuth 2.0 for my mobile app? If so, how do I get started?",api,67
I’m stuck trying to figure out the pagination. Can you explain how it works in your API?,api,88
Is there a way to get a list of all available endpoints for your API?,api,69
I'm working on a Python project and need help using the SDK. Where can I find the best examples?,api,96
My application keeps timing out when calling the API. Are there known issues with response times?,api,97
I read that webhooks can be unreliable. How can I ensure they are delivered consistently?,api,89
What format does the API return data in? Is it JSON or XML?,api,59
I need clarification on what data I can pull from the API. Can you provide examples?,api,84
Why can't I access certain endpoints? I thought my account had full access.,api,75
Could you explain how to authenticate with Bearer tokens? I'm a bit confused.,api,77
I'm worried my integration is hitting the rate limit. Can you check if I'm close?,api,81
How can I debug issues with the API in my application effectively?,api,66
Is there a test environment available for the API so I can avoid affecting production?,api,86
I'm having issues getting my webhook to retry after a failure. How does that work?,api,82
I'm running into an issue with the API documentation; it's not clear how to use the new endpoint.,api,97
Can you help me understand how to set up my webhook? It's not triggering when I expect it to.,api,93
What are the different authentication methods you support for your API?,api,71
I just hit my rate limit and I'm not sure how to check my usage. Can you guide me?,api,82
"Why is my API key being rejected? I double-checked it, and it seems correct.",api,76
Is there a way to expedite my API access? I need it for a project due soon.,api,75
"I tried to connect my app using your SDK, but I'm getting an error. What could be wrong?",api,88
Can you provide more details on the data returned by this specific endpoint? It looks incomplete.,api,97
"The integration is failing, and I'm not receiving any clear error messages. What should I do?",api,93
I'm confused about the difference between the public and private endpoints. Can you clarify?,api,92
Can you tell me how to refresh my OAuth token? It's not clear from the docs.,api,76
"I think I'm exceeding the rate limit for my usage, but I can't find detailed info. Help!",api,88
The webhook payloads are arriving malformed. What should I check on my end?,api,75
Can anyone explain how to set up API access for multiple users? I'm struggling with permissions.,api,96
I need to know how many requests I can make per minute with the basic plan.,api,75
Is there any way to batch requests to your API? It would really help reduce the number of calls.,api,96
I keep getting a 403 error when trying to access a certain endpoint. What's going on?,api,85
How do I debug issues with my API integration? I have no idea where to start.,api,77
Can you point me to examples of authenticating with a client secret? I'm lost.,api,78
"My application is meant to fire webhooks, but they just don’t seem to be triggering. What can I check?",api,102
What’s the best practice for handling API versioning in my application?,api,71
"I'm looking to pull data using the API, but the rate limit is really slowing me down. Any tips?",api,95
I can't find the endpoint for user authentication in your documentation. Can you help?,api,86
Are there any known issues with the API at the moment? I can't seem to get any responses.,api,89
I need to know how to set up API logging for better troubleshooting. Any advice?,api,80
Can I use a third-party tool to manage your API integrations? What are the compatibility issues?,api,96
Can you help me figure out why my API request keeps failing?,api,60
I'm having trouble with the endpoint; it's returning a 404 error.,api,65
What should I do to refresh my API key? It just stopped working.,api,64
I'm confused about how to set up the OAuth authentication. Could you clarify?,api,77
The API documentation seems outdated; are there any updates I should know about?,api,80
Why am I hitting the rate limit when I'm only testing? This is so frustrating!,api,78
"I'm trying to integrate with your API, but the webhooks aren't sending any data. What's wrong?",api,94
"I read about the SDK, but I'm not sure where to start. Any advice?",api,66
Is there a way to increase my rate limit without upgrading my plan?,api,67
I need to know how to properly format the JSON for my API calls.,api,64
Can someone explain how to handle errors returned by the API?,api,61
"I'm getting an authorization error, but I double-checked my credentials. What gives?",api,84
Are there any caching guidelines I should follow when using your API?,api,69
"It looks like my webhook URL is correct, but I'm not receiving any payloads.",api,76
I’d like to know if your API supports pagination in the responses.,api,66
What’s the best way to test the API locally without hitting the live endpoint?,api,78
Is there a way to get notified when my API key is about to expire?,api,66
My application needs to make multiple requests quickly; how can I optimize this?,api,80
Can you clarify what 'throttling' means in terms of API usage?,api,62
Do you provide any code samples for integrating your API with a Node.js app?,api,76
I'm unsure about the differences between the REST and GraphQL endpoints.,api,72
"Can I use the same API key for multiple projects, or do I need separate keys?",api,77
"I've checked everything, but my API is still giving me a CORS error. Help?",api,74
Is there a way to view the logs for my API requests to troubleshoot issues?,api,75
"Can your API be used with third-party webhooks, or is that not supported?",api,73
Can you help me understand how to set up the API endpoint for data retrieval?,api,77
I'm getting a 401 error when trying to access the API. What's going wrong?,api,74
What are the steps to generate a new API key?,api,45
Do you have a list of all the available endpoints?,api,50
"I tried to use the webhook, but it doesn't seem to be working. What should I check?",api,83
How often can I call the API without hitting the rate limit?,api,60
I'm having trouble integrating the SDK into my project. Any tips?,api,65
What format should the data be in for the API requests?,api,55
Can you point me to the documentation for OAuth authentication?,api,63
My app is slowing down after implementing the API. Is there a way to optimize it?,api,81
How do I know if I’ve hit my rate limit for the API?,api,52
I need help with the parameters for the POST request. Could you clarify?,api,72
The API response is taking too long. Is there a known issue?,api,60
Is there a way to test webhooks before going live?,api,50
Can you explain how to handle errors returned by the API?,api,57
What security measures should I take when using the API?,api,56
I'm confused about the response structure of the API. Can you help me with that?,api,80
How can I set up multiple integrations with your API?,api,53
"I tried authenticating with JWT, but it’s not working. What could be the issue?",api,79
What versions of the API are currently available?,api,49
I want to know if there’s a sandbox environment for testing the API.,api,68
The API documentation seems outdated. Are there any updates coming?,api,67
How do I unsubscribe from webhook notifications?,api,48
Can I access the API using a different programming language than the examples provided?,api,87
Is there any way to increase the default rate limit for my account?,api,67
Do you provide sample code for using the API in different programming languages?,api,80
I'm having trouble connecting to the API; my requests keep timing out.,api,70
Can you help me understand how to use the SDK for your API? I'm a bit lost.,api,75
What should I do if my access token is expired?,api,47
"Hey, I'm trying to set up a webhook, but I can't seem to get it working. Can you assist?",api,88
Is there a way to check my current API usage and remaining quota?,api,65
My application is hitting the API rate limit constantly. Is there any way to increase that?,api,91
I'm confused about the different endpoints. Can you explain what each one does?,api,79
What's the correct way to authenticate my requests? I've read a few different methods.,api,86
"I've set up the API integration, but I'm not seeing any data come through. What could be wrong?",api,95
Could you clarify the difference between the public and private APIs?,api,69
Why am I receiving a 403 error when I try to access certain endpoints?,api,70
"I followed the documentation for OAuth, but I'm still getting an invalid client error. Help!",api,92
How can I set up a retry mechanism for failed API calls?,api,56
I've run into issues with the data format; it seems to differ from the API documentation. Any advice?,api,101
Is there a test environment available for the API so I can try things out without affecting production?,api,103
Can you explain how to implement pagination in the API responses? It’s not working like I expected.,api,99
My webhooks are getting a 500 error on my side. What could be causing this?,api,75
Are there any specific IP addresses to whitelist for API access?,api,64
What do I do if I'm getting rate limited during development?,api,60
I need clarification on how to register a new webhook. Could you walk me through it?,api,84
Is there a maximum number of simultaneous connections to the API?,api,65
Can I access the API without an API key? What are the restrictions?,api,67
I just need a quick answer: what's the endpoint for fetching user data?,api,71
"I'm trying to integrate the API with my app, but the responses are really slow. Any tips?",api,89
"The documentation mentions a deprecation notice, but I can't find the new endpoint. Where is it?",api,96
I'm struggling with the JSON structure of the API responses; can you provide an example?,api,88
"I'm having trouble finding the correct endpoint for user data, can you help?",api,76
Could you explain how to set up webhooks for my application? I've read the documentation but still feel confused.,api,113
What are the specific rate limits for using the API? I'm on the standard plan and need clarity.,api,95
I can't seem to get my API key to authenticate properly; it's returning a 401 error. What could be wrong?,api,105
Is there a way to test the API without hitting my rate limit? I'm worried about my usage.,api,89
The SDK documentation seems incomplete; can you point me to more examples?,api,74
I'm frustrated because my webhook isn't receiving any payloads. What should I check?,api,84
Do you have any recommendations for handling rate limits effectively in my app?,api,79
Could you provide more details on the OAuth flow? I'm not sure I'm implementing it correctly.,api,93
How often does the API update its data? I need to know for my application.,api,74
I noticed there’s a delay in the webhook response. Is that normal?,api,66
Can you clarify if there are restrictions on the types of integrations we can build with your API?,api,98
I'm getting a 404 error for one of your endpoints. Did the URL change?,api,70
My app is hitting the rate limit too quickly! Are there ways to increase it?,api,76
Can you help me debug why my API call is returning null values?,api,63
I’m not sure how to retrieve the list of users through the API. Can you guide me?,api,81
What should I do if my API key was exposed in a public repository?,api,66
"The documentation says one thing, but my API response says another. What's going on?",api,84
"Do you support OAuth 2.0 for authentication, and how do I implement it?",api,71
I need to know if your API offers pagination for large datasets.,api,64
The webhook response times out on my server; any tips on how to handle that?,api,76
What exactly does your API return for error messages? I'm trying to troubleshoot some issues.,api,93
Is there a sandbox environment where I can test my API calls without restrictions?,api,82
My API integration is throwing unexpected errors. Who can I contact for support?,api,80
Can you provide examples of how to use the API with Python? I’m struggling with the syntax.,api,91
I'm having trouble with my API calls; can you help me figure out what I'm doing wrong?,api,86
Could you explain how to set up the SDK for the API? I can't seem to get it to work.,api,84
What happens if I exceed the API rate limit? Will my requests get blocked?,api,74
I'm using the wrong API endpoint and it's causing errors—how can I find the right one?,api,86
"I just generated my API key, but it says it's invalid. What should I check?",api,75
Can you tell me how to implement OAuth 2.0 for user authentication with your API?,api,81
I'm not getting any response from the webhook; could it be my server settings?,api,78
The API documentation is a bit confusing—can you clarify how to use the pagination feature?,api,91
Why does my API request return a '403 Forbidden' error? I thought my credentials were correct.,api,94
Is there a way to test the API without affecting my production data?,api,68
I'm seeing a high retry rate on my API calls. Is there a known issue?,api,69
"Can I use multiple API keys under one account, or is it limited to one per user?",api,80
"I've set up the webhooks, but nothing is being sent. Is there a troubleshooting guide?",api,86
What's the best way to handle API errors in my application? Any tips?,api,69
The API response time seems to be slowing down—are there any performance issues?,api,80
Could you provide examples of common integration patterns with your API?,api,72
What are the security best practices I should follow when using your API?,api,73
I'm receiving rate limit warnings even though I'm still under the limit. What's going on?,api,89
How do I reset my API key? I think it may have been compromised.,api,64
Can you confirm if your API supports CORS? I'm running into issues with my frontend app.,api,88
"I'm trying to set up a scheduled task to call the API, but it's not working. Any advice?",api,88
Do you have sample code for different programming languages to get started with the API?,api,88
Are there any restrictions around the types of data I can send through your API?,api,80
I'm having issues with my integration—who can I contact for support?,api,68
"The documentation claims a feature exists, but I can't find it in the API. Is it still available?",api,97
I'm having trouble finding the correct endpoint for user information.,api,69
Can you explain how I can set up webhooks for my application?,api,61
Is there a way to increase the rate limit for my current API plan?,api,66
Could you help me understand how the SDK integrates with my existing framework?,api,79
"The documentation mentions multiple endpoints, but I’m confused about which one to use for retrieving data.",api,107
I need clarification on how to handle pagination with your API.,api,63
"Hey, I'm not receiving any events from the webhook. What can I do?",api,66
"I'm running into issues with accessing the API from my server, any tips?",api,72
What format should my request be in when I send data to your API?,api,65
Can you tell me if there’s a way to test the API without affecting my live data?,api,80
I’m locked out of my account because my API key isn’t working. Help!,api,68
I just want to confirm if the API supports CORS for client-side requests.,api,73
Is there a specific delay I should expect when using your webhooks?,api,67
"Can I use the API in a Python environment, or is it limited to certain languages?",api,81
"I'm trying to authenticate with a token, but it doesn't seem to be accepted. Any thoughts?",api,90
What are the best practices for handling API requests to avoid hitting the rate limit?,api,86
I need to change my endpoint URL but can’t seem to find the correct configuration settings.,api,91
Can you help me debug the response format I'm getting from the API?,api,67
There’s a mismatch between the data I’m sending and what the API expects. What should I check?,api,94
Do you have any recommendations for libraries to use with your API?,api,67
Why does it take so long for my webhooks to trigger? Seems like a delay issue.,api,78
I’m curious about how you handle versioning for the API. Can I still use old endpoints?,api,87
What should I do if I suspect my API key has been compromised?,api,62
"I’ve read about OAuth authentication, but I'm still confused about the flow. Can you break it down for me?",api,106
I'm having trouble with the API documentation; can you point me to where I can find more details on the endpoints?,api,114
Why is my access token always expiring? This is getting really frustrating!,api,75
Can you please explain how to set up webhook notifications for my application?,api,78
I just hit my API limit! Can you tell me when that resets?,api,58
How can I use the SDK to integrate with your API more efficiently?,api,66
Is there a way to test the endpoints without actually making live requests?,api,75
I keep getting a 401 error when trying to authenticate. What's going wrong?,api,75
Can you share more info about the data formats that your API accepts?,api,69
What’s the best way to handle rate limits with your API in JavaScript?,api,70
I'm confused about the OAuth flow for your API. Could you clarify the steps?,api,76
The webhook I set up doesn't seem to be triggering. Any advice on troubleshooting?,api,82
I received an error message saying my API key is invalid. What should I do next?,api,80
I need to know the maximum payload size for requests. Could you help?,api,69
Could you send me examples of how to use your API with Python? I'm struggling a bit.,api,84
What are the differences in the versioning of your API? I want to make sure I'm using the latest.,api,97
My integration isn't working as expected. Can someone walk me through the setup process?,api,88
How often do you update the API documentation? I want to stay in sync.,api,70
I need to know if your API supports CORS for my web application.,api,64
Can you help me understand the webhook signature verification process?,api,70
Why am I receiving a 403 Forbidden error on certain endpoints? It's really perplexing.,api,86
"My callback URL for the webhook seems to be correct, but I still don’t receive any payload. What gives?",api,103
Do you have a sandbox environment for testing API calls without affecting production data?,api,90
I'm getting throttled on my requests. What can I do to avoid hitting the rate limits?,api,85
How can I efficiently handle pagination when retrieving data from your API?,api,75
Could you clarify what permissions are needed for my API key to access specific endpoints?,api,90
Can you help me understand how to use the new API endpoint for user data retrieval?,api,83
I'm getting a 403 error when trying to access your API. What's wrong?,api,69
What's the best way to set up my webhook to receive events in real-time?,api,72
"I've reached my rate limit on the API, but I need to make one more call. Any options?",api,85
I think I messed up my OAuth setup. How do I regenerate my tokens?,api,66
Can I get documentation on the latest version of your API? It's hard to keep track.,api,83
I'm having trouble with API authentication; it keeps failing even though I'm using the right key.,api,97
Are there any SDKs available for integrating your API with Node.js?,api,67
The webhook I set up for notifications hasn't received anything since last night. What should I check?,api,102
Why does your API have such strict rate limits? It's really slowing me down.,api,76
"Can I use multiple API keys for different projects, and if so, how do I manage them?",api,84
I'm frustrated because my requests keep timing out. Is there a way to increase the timeout period?,api,98
Could you clarify how the pagination works for your API's response data?,api,72
Is there a possibility to get a higher rate limit for testing purposes?,api,71
I can't seem to find the correct endpoint for uploading images. Can you point me in the right direction?,api,104
What should I do if my API key is compromised? How quickly can I get a new one?,api,79
"I've tried refreshing the access token multiple times, but it still isn't working. What now?",api,92
Can you explain how the event payload structure looks for the webhooks?,api,71
What kind of authentication methods does your API support besides OAuth?,api,72
"Do I have to specify all parameters in my API requests, or are some optional?",api,77
I encountered an unexpected error when hitting one of your API endpoints. Can I get more details?,api,97
"My integration is down, and I suspect it's due to API changes. How can I check for updates?",api,91
Can you give me some tips on optimizing API call performance?,api,61
Are there limits on the number of webhooks I can set up for my account?,api,71
How do I know if my API calls are successful or if there's an issue?,api,68
"I'm having trouble with the API documentation, can you clarify how to use the search endpoint?",api,94
Why do I keep getting a 403 error when trying to access the user details endpoint?,api,82
Can you explain how the rate limiting works for the Pro plan? I'm trying to optimize my calls.,api,94
"I'm trying to set up a webhook, but I'm not sure what payloads I should expect. Help?",api,85
Is there a way to authenticate using API keys for multiple users?,api,65
The SDK for Python isn't returning the expected results. What's going on?,api,73
I noticed my webhook isn't sending any data. Could it be a timeout issue?,api,73
Can I get some examples of how to use the API with curl? I'm new to this.,api,73
Does the API support CORS? I'm getting blocked when trying to access it from the browser.,api,89
"I keep hitting the API limit, and it's really slowing me down. Any tips?",api,72
What should I do if my API key has been compromised? How can I regenerate it?,api,77
Can I use OAuth for server-to-server communication with your API?,api,65
"I'm not seeing any data returned from the API, even though my request seems correct. Can you help?",api,98
Could you provide details on how to integrate with third-party services using your API?,api,87
Is there a testing environment for the API? I want to try things out without affecting live data.,api,97
I used the wrong API endpoint and now my app is broken. How can I fix this quickly?,api,83
"The documentation mentions callbacks, but I can't find information on how to set them up. Any guidance?",api,103
I'm frustrated because my API calls aren't returning the expected status codes. What could be wrong?,api,100
"I've updated my API key, but I'm still facing issues. What am I missing?",api,72
The rate limit is too restrictive for my use case. Is there a way to request higher limits?,api,91
Can you help me understand the pagination in your API? I'm not getting the full dataset.,api,88
"I've set up OAuth, but I'm getting an invalid token error when I try to make a request. How do I fix this?",api,106
Is it possible to use your API in a mobile app? Any special considerations I should know?,api,89
"My integration isn't working, and I can't figure out why. Can I get some troubleshooting tips?",api,94
Are there any updates to the API that I should be aware of? I want to stay compliant.,api,85
Why am I getting a 403 error when trying to access the endpoint?,api,64
"Could you clarify the maximum number of requests I can make per minute, please?",api,79
"I set up a webhook, but I never received any payloads. What might be wrong?",api,75
How do I refresh the API token when it expires?,api,47
Is there a way to get a list of all available API endpoints?,api,60
"I'm trying to integrate your SDK into my app, but I'm confused about the setup process.",api,87
Can you provide examples of how to authenticate using Bearer tokens?,api,68
"The API documentation mentions pagination, but I'm not sure how to implement it correctly.",api,90
"I changed my API key, but the old one still seems to work. Isn't that a security risk?",api,86
Why does my webhook keep timing out? I've checked my server logs.,api,65
"How often do you update the API, and where can I find the changelog?",api,68
I keep hitting the rate limit. Is there a way to increase it on my account?,api,75
Can someone explain the difference between the REST and GraphQL APIs?,api,69
I'm frustrated because my authentication redirects aren't working as expected.,api,78
What should I do if my webhook endpoint receives a 500 error?,api,61
Can I access multiple environments (like staging and production) using the same API key?,api,88
I'm getting a 'not found' error on a specific endpoint. Is it deprecated?,api,73
How do I set up two-factor authentication for API access?,api,57
"Can I use the API for bulk data uploads, or is there a limit per request?",api,73
Is it normal for the API response to take longer than a few seconds sometimes?,api,78
I need help debugging an issue with the SDK. My app is crashing on initialization.,api,82
Could you point me to the section on error handling in your documentation?,api,74
I'm using the API for the first time. Any tips for getting started?,api,67
Can you help me understand how to implement the API for my project?,api,67
I keep getting a 403 error when trying to access one of your endpoints.,api,71
What are the steps to set up a webhook for receiving notifications?,api,67
I'm having trouble with the SDK; it doesn't seem to work with the latest version.,api,81
I’m trying to authenticate but can’t seem to find the right credentials.,api,72
Is there a way to monitor my API usage and get notified when I approach the limit?,api,82
"I set up everything as per the documentation, but my API call keeps failing.",api,76
I’d like to know if there are any changes to the API versioning policy coming up.,api,81
How do I troubleshoot failed webhook requests on my end?,api,56
The endpoint for user data seems to be returning outdated information—any idea why?,api,83
Can I use multiple API keys for different environments?,api,55
I’m getting throttled even though I’m under the rate limit; what gives?,api,71
What’s the best practice for handling expired tokens in our authentication flow?,api,80
I can’t find the documentation for your latest API update; where is it?,api,71
Why does my API key only work in my dev environment and not in production?,api,74
Could you provide examples of how to integrate with third-party services via your API?,api,86
I'm confused about how to paginate results from your API endpoints.,api,67
I tried using curl to test the API but keep getting a timeout error.,api,68
How do I get notified if a webhook event fails to deliver?,api,58
Is there a way to increase the rate limit for my account temporarily?,api,69
I can’t seem to get the JSON response data formatted correctly; any tips?,api,73
Are there any known issues with the API that I should be aware of right now?,api,76
I’m not receiving any data from the webhook I set up—could you check on your end?,api,81
"How often do you update the API documentation, and where can I find the latest changelog?",api,89
I'm having trouble getting the API to return the data I need. Can you help?,api,75
Can you explain how to set up a webhook for my application?,api,59
What endpoints do I need to use for user authentication?,api,56
I keep hitting the rate limit even though I'm on the free plan. Is there something I can do?,api,92
Why isn't my API key recognized? It worked fine yesterday.,api,58
Could you provide some examples of how to use your SDK for my project?,api,70
"I've configured my webhook, but I'm not seeing any POST requests hitting my server. What could be wrong?",api,104
How can I update the authentication method for my API requests?,api,63
Is there a way to bypass rate limits temporarily for testing purposes?,api,70
I need clarity on the permissions required for the API endpoints.,api,65
The documentation is unclear about how to handle errors when calling the API. Can you help?,api,91
"I'm trying to integrate your API with my app, but I'm stuck on the authentication. Any tips?",api,92
What are the steps to regenerate my API key if it gets compromised?,api,67
"I'm getting a 401 Unauthorized error, but I think my credentials are correct. What should I check?",api,98
"Can I use the API for bulk data processing, and if so, what are the limitations?",api,80
My API requests are timing out frequently. Is there something wrong on your end?,api,80
What formats does your API accept for data payloads?,api,52
I’d like to know how to implement error handling when using your API.,api,69
Can you provide clarification on the CORS policy for your API?,api,62
I'm not sure how to handle pagination with your API. Can you provide an example?,api,80
Do you have a test environment for API development before going live?,api,69
Could you help me understand the different API versions and how to choose the right one?,api,88
I read about some known issues in the API. Where can I find updated status or maintenance information?,api,102
My SDK installation failed. What are the troubleshooting steps I should follow?,api,79
Can you help me with the endpoint for retrieving user data?,api,59
"I'm getting a 401 error when trying to make API requests, any ideas?",api,68
What are the webhooks available for tracking order status?,api,58
I can't seem to integrate the SDK properly; it's giving me a lot of errors.,api,75
Is there a limit on how many requests I can send per minute with the basic plan?,api,80
How do I regenerate my API key? I've lost the old one.,api,54
"I'm trying to set up OAuth for authentication, but I'm stuck.",api,61
Why am I not receiving any notifications from the webhook?,api,58
Could you clarify what the acceptable response time is for your API?,api,68
My app is hitting the rate limit too quickly; what can I do about that?,api,71
"I’m trying to test the API, but I’m not sure if my requests are formatted correctly. Any guide?",api,95
Is there a way to get detailed logs of my API usage?,api,52
Could you explain how to use the API for retrieving product information?,api,72
I’m having issues with the callback URL for my webhooks; it doesn’t seem to work.,api,81
What’s the best way to authenticate multiple users via the API?,api,63
Do you have a list of deprecated endpoints I should be aware of?,api,64
My requests are failing; can you verify if there's an outage with the API?,api,74
I need help with pagination in your API responses.,api,50
How can I convert the data returned from your API into a usable format?,api,71
The integration with your API is driving me nuts; can someone walk me through it?,api,81
I'm not sure how to handle errors returned by the API. Any tips?,api,64
"Can I use the API for batch processing of data, or is it one request at a time?",api,79
What's the difference between the sandbox and production environments for your API?,api,83
Is there a limit to how many webhooks I can set up for my application?,api,70
I need to know the best practices for using your API efficiently.,api,65
"I'm having trouble finding the correct endpoint for user authentication, can you help?",api,86
Why is my API call returning a 403 error? I thought my permissions were set correctly.,api,86
Can you explain how to set up webhooks? I'm feeling a bit lost.,api,63
I think I hit the API rate limit; what happens if I exceed it?,api,62
Is there a way to check how many requests I've made this month on the API?,api,74
My requests to the API are timing out; is there a known issue right now?,api,72
Could you provide more details on how to integrate your SDK with my application?,api,80
"Hey, the API documentation says one thing, but I'm getting a different response. What's going on?",api,97
What authentication methods do you support? I'm looking at implementing token-based auth.,api,89
"I need to know the maximum size for payloads when making API calls, can anyone clarify?",api,87
"I've set my webhook URL, but I'm not receiving any data. Any tips?",api,66
I just regenerated my API key and now it's not working. Any ideas why?,api,70
How do I know if my app is properly connected to your API? It seems off.,api,72
Can you clarify the difference between GET and POST methods in your API?,api,72
"I'm trying to integrate with your API, but the SDK documentation is confusing. Can you help?",api,92
What do I do if I encounter a 'not found' error when trying to access an endpoint?,api,82
"I'm curious about your API's response time guarantees, can you provide that info?",api,81
Is there a way to test the API without affecting my production environment?,api,75
I need to use your API for bulk data uploads; what is the best approach for that?,api,81
Can someone explain how to handle pagination when retrieving data from your API?,api,80
I keep getting an invalid signature error when calling the API. What could be wrong?,api,84
"How often do you update your API, and how do I stay informed about changes?",api,75
Is there any support for CORS when making requests to your API from a browser?,api,78
How do I implement error handling in my application when interacting with your API?,api,83
I have some specific use cases for your API; is there someone I can talk to for support?,api,88
Can I use your API on a serverless function like AWS Lambda? What do I need to consider?,api,88
I'm having trouble finding the right API endpoint for user data. Can you help?,api,78
How do I set up my server to receive webhooks from your API? It’s not clear from the documentation.,api,99
Can someone explain what the rate limits are for the standard plan? I need to plan my usage accordingly.,api,104
My API calls are returning a 401 error. I think it might be an authentication issue. Any ideas?,api,95
Is there a way to test the API without using my live data? I want to avoid messing things up.,api,93
Why is my API request timing out? It was working fine yesterday.,api,64
"Hey, I noticed my API usage is almost maxed out. How can I check my current usage stats?",api,88
I need clarification on how to implement OAuth 2.0 with your API. The docs seem a bit confusing.,api,96
The SDK you provided is missing some functionalities I need. Is there an updated version?,api,89
"I set up a webhook, but it’s not receiving any data. What could be going wrong?",api,79
Why are my requests being rate limited even though I haven’t hit the limit? This is frustrating!,api,96
"I’m trying to integrate your API with my app, but I can't find the correct parameters to send.",api,94
Can you explain how I can use your API to fetch user transaction history?,api,73
"My API key seems to have been revoked, but I haven’t requested any changes. What should I do?",api,93
Is there a specific format I need to use for the data when calling the API? I'm getting errors.,api,95
I’m curious if there are any plans to support GraphQL in your API. That would be awesome!,api,89
How do you handle security for your webhooks? I want to make sure my data is safe.,api,82
"I followed the instructions for authentication, but I keep getting invalid credentials. Help!",api,93
Is there a way to see a log of all my API requests? I want to debug some issues.,api,80
I just want to confirm if your API supports batch requests. That would really help my workflow.,api,95
How often does your API refresh the data? I need to know for my application updates.,api,84
I’m consistently getting a 500 error from your API. Any chance it’s a server-side issue?,api,88
What’s the best way to report bugs I find in your API? I want to make sure you’re aware.,api,88
"I'm implementing your API in Node.js, but I’m having trouble with the authentication flow.",api,90
Can I get a list of all available API endpoints? It would save me a lot of time.,api,80
Is there a limit on the size of the payload I can send in a single API request?,api,79
Can you please clarify how to refresh my API token?,api,51
I'm getting a 403 error when calling the API. What's going on?,api,62
Could you provide details on how to set up webhooks for my account?,api,67
Why is my request getting blocked? Do I need to change anything in my headers?,api,78
Do you have any documentation on the best practices for using your API?,api,71
"I tried accessing the endpoint for user data, but it seems to be down. Is it just me?",api,85
Is there a way to test the API without hitting the live environment?,api,68
"Hey, what's the maximum number of requests I can make per minute?",api,65
I think I'm exceeding my API usage limit. Can you help me figure it out?,api,72
How do I go about integrating your API with my existing app?,api,60
I'm struggling with the SDK installation. Can you help me troubleshoot?,api,71
"When I add my webhook URL, I never receive any callbacks. How do I debug this?",api,78
What versions of the API are currently supported? Is there a changelog I can check?,api,83
Can I use your API with basic authentication instead of OAuth?,api,62
Why does my API call return different results at different times? Is there a cache involved?,api,92
I need to create multiple API keys for my team. Is that possible?,api,65
I keep hitting rate limits even though I’m on a paid tier. What’s the deal?,api,75
Could you walk me through the steps for authenticating using OAuth 2.0?,api,71
Sometimes my webhooks come with a delay. Is that normal?,api,56
I can’t figure out how to use the pagination in your API responses. Any tips?,api,77
Is there a way to log all API requests I make to better track usage?,api,68
My endpoint seems to be deprecated. Where can I find the new one?,api,65
I encountered a timeout error when making a call. How can I fix that?,api,69
Can you let me know if there's a sandbox environment available for testing?,api,75
What's the best way to handle errors returned from your API?,api,60
I can't seem to find the endpoint for user data. Can you help?,api,62
What are the maximum requests I can make per minute with the API?,api,65
My access token expired. How do I refresh it without downtime?,api,62
I'm receiving a 403 error when trying to access a specific endpoint. What's going on?,api,85
Could you clarify how to set up webhooks for real-time notifications?,api,69
I'm having trouble integrating your API with my app. Any tips?,api,62
Can you provide an example of how to authenticate with Basic Auth?,api,66
Why does my API call keep returning null values? It's pretty frustrating.,api,73
I just need to know the difference between the v1 and v2 endpoints.,api,67
How do I retrieve the list of all users using the API?,api,54
Can anyone explain how to handle rate limit errors gracefully?,api,62
"I set everything up, but the SDK is throwing exceptions. What’s the deal?",api,73
Is there a way to test the API calls without actually using my quota?,api,69
I'm confused about how to format the JSON data for POST requests.,api,65
Why isn't my webhook payload showing up in my logs? This is urgent!,api,67
Do I need to include the API version in every request URL?,api,58
How do I get started with your API using Python?,api,48
"Can I split my API requests across multiple threads, or will that cause issues?",api,79
What’s the best way to handle API versioning with my app?,api,57
I'm trying to fetch data and keep hitting a timeout error. Help?,api,64
Is there a way to see how many requests I've made so far this month?,api,68
I'm running into CORS issues with your API in my web app.,api,57
Can you explain how to validate the webhook signatures from your API?,api,69
Why am I getting a 'Not Found' response when the endpoint exists?,api,65
I'm feeling lost with the documentation. Can someone provide guidance?,api,70
I'm trying to use the API but keep getting a 401 error. What does that mean?,api,76
Can you tell me how to set up a webhook for my application? I'm a bit confused.,api,79
Is there a way to increase the rate limit for my account? It's been a real pain.,api,80
"I've got my API key, but I can't figure out how to authenticate. Can you help?",api,78
"My integration with your API is failing, and I have no idea why. Any suggestions?",api,81
How often can I call the API with the plan I'm on? I need to know to avoid hitting limits.,api,90
I'm having trouble with the SDK installation. It's just not working as expected.,api,80
Could you clarify the difference between the v1 and v2 endpoints? I'm not sure which one to use.,api,96
Is there a testing environment for your API? I don't want to mess up my live data.,api,82
I set up a webhook but never receive any calls. What should I check first?,api,74
"The documentation says to use a specific header for requests, but it doesn't seem to be working for me.",api,103
I'm getting throttled on my API calls. What's the best practice to deal with that?,api,82
Can you explain how pagination works with your API? I'm struggling to fetch all the data I need.,api,96
I need to know if your API supports CORS. It’s essential for my project.,api,72
What's the proper way to handle errors when making API requests? I'm not sure how to implement that.,api,100
I'm not sure how to parse the JSON response from your API. Any tips on that?,api,76
Do you have a status page for your API? I'd like to know if there are any ongoing issues.,api,89
I keep getting a 'Not Found' error when hitting one of the endpoints. What could be wrong?,api,90
Are there any SDKs available for Python? I’d prefer to work with that.,api,70
How do I test my API requests without actually hitting the live environment?,api,76
My application's using outdated API methods. How can I update to the latest version?,api,84
Can your API return results in XML format? I have a legacy system that requires it.,api,83
Is your API RESTful? Just want to confirm before I start coding my integration.,api,79
I’m encountering a timeout when trying to make a request. What’s the recommended timeout setting?,api,97
Can you help me with the endpoint for user authentication?,api,58
I'm receiving a 404 error when trying to access your API documentation. What's going on?,api,88
Is there a way to increase the API rate limit for my account?,api,61
I need some clarification on how to set up webhooks. Can you guide me?,api,70
The SDK for my programming language seems outdated. Are there any updates?,api,74
"I'm trying to authenticate using Basic Auth, but I keep getting denied. Any advice?",api,83
Can someone explain how to properly implement API pagination?,api,61
What should I do if my API access is suddenly restricted?,api,57
I can't find the information I need on the endpoints. Can you point me in the right direction?,api,94
The response data from your API doesn't match the documentation. Is there a known issue?,api,88
How do I troubleshoot failed webhook requests on my server?,api,59
I'm frustrated because my API calls keep timing out. Any common reasons for this?,api,81
Can you provide an example of how to use the API in Python?,api,59
I'm getting a 'forbidden' error when calling certain endpoints. What might be causing that?,api,91
What’s the process to renew my API key? I'm a bit confused about it.,api,68
Are there any best practices for making efficient API calls?,api,60
I need to know the difference between the REST and GraphQL API you provide.,api,75
"The API documentation mentions a versioning system, but I can’t find the current version. Can you help?",api,103
Can I use your API with serverless architecture?,api,48
How can I integrate your API with third-party services like Zapier?,api,67
I'm not sure if my request format is correct. Can I get a sample?,api,65
Do you have a status page for API uptime and incidents?,api,55
What’s the best way to handle rate limit errors in my application?,api,66
I'm curious if you offer any SDKs specifically for mobile app development.,api,74
I'm having trouble connecting to the API; can you help me out?,api,62
"Hey, what’s the best way to get started with your API documentation?",api,68
I keep getting a 401 error when trying to access my endpoints. Any tips?,api,72
Could someone explain how long it takes for webhook events to show up in my logs?,api,81
Is it possible to increase the API call limits for my account? I'm hitting the ceiling way too often.,api,101
I can’t seem to find the endpoint for user data. Where should I look?,api,69
My integration with your API seems to be failing intermittently. Any advice?,api,76
I’m confused about how to set the correct headers for the API requests. Can you clarify?,api,88
I’ve been trying to send a POST request but it’s not working as expected. What am I doing wrong?,api,96
What formats do you support for webhook payloads? I want to make sure I’m set up correctly.,api,91
"My API key was working fine, but now it says it’s invalid. Can you check that for me?",api,85
I’m running into issues with OAuth authentication. Can you provide a step-by-step guide?,api,88
Are there any SDKs available for Python? I’d love to integrate that way if possible.,api,84
"The documentation mentions rate limits, but I’m not clear on what they are for my plan. Could you clarify?",api,106
Why isn’t my webhook firing when I expect it to? I’ve checked everything on my end.,api,83
I need to know if there’s a limit on how many concurrent API requests I can make.,api,81
Can you tell me the proper way to handle API errors? I want to make my script more robust.,api,90
I’m trying to figure out how to use your API with React; any resources or examples?,api,83
I keep seeing deprecation notices in the API responses. When is the old version going away?,api,91
Could you help me verify if my callback URL is set up correctly for webhooks?,api,77
What should I do if I exceed the rate limit? Are there any workarounds?,api,71
Can you explain the purpose of the different endpoints? I need to ensure I'm using them correctly.,api,98
I’m encountering a strange issue with the API response format; is it supposed to change often?,api,94
What should I do if I lose access to my API key? Is there a recovery process?,api,77
I’d like to automate my workflow with your API. Are there any specific integrations you recommend?,api,98
Can you help me find the correct endpoint for user data?,api,56
I'm getting a 401 error when trying to access the API. What does that mean?,api,75
"Hey, how do I set up webhooks for my application? It's a bit confusing.",api,71
"I just started using your API, and I'm not sure how to authenticate my requests.",api,80
What's the maximum number of requests I can make per minute on the basic plan?,api,78
"My API key seems to be invalid, can you check if it's been revoked?",api,67
I can't figure out how to paginate through the results. Any tips?,api,65
Do you have an SDK for Python? I couldn't find it on your site.,api,63
The API documentation is lacking. Can you clarify how to use the search endpoint?,api,81
Why is my webhook returning a 404 when I hit it?,api,48
I need to know if there are any changes to the API versioning coming up soon.,api,77
"Can I use my API key in multiple environments, like development and production?",api,79
What kind of data can I expect from the user profile endpoint?,api,62
Is there a rate limit for API calls during peak hours?,api,54
I’m frustrated because my integration isn’t working. Can you offer any support?,api,79
"When I try to call the API, it’s really slow—anything I can do?",api,63
Are there examples available for using the API with JavaScript?,api,63
I think I’ve hit my daily API limit. Can I reset it somehow?,api,60
Is there a specific format required for the data I send to the API?,api,67
"Do you support OAuth2 for authentication, or is it only basic auth?",api,67
"I'm trying to test my webhook, but I'm not receiving any requests. Help?",api,72
Can someone explain how to handle errors when calling the API?,api,62
I'm having issues with the SDK installation. Any troubleshooting tips?,api,70
What should I do if I need to update my API key?,api,48
How do I unsubscribe from webhook events if I no longer need them?,api,66
"I'm struggling to find documentation on your API endpoints, can you help?",api,73
Is there a way to avoid hitting the rate limits when making multiple requests?,api,78
Can you explain how to set up a webhook for receiving notifications?,api,68
I keep getting a 401 error when trying to access the API. What could be wrong?,api,78
Could you guide me through the OAuth authentication process again?,api,66
The SDK you provided doesn’t seem to be working as expected. Any tips?,api,70
Why is my API key suddenly returning 'not authorized' messages?,api,63
Are there any specific headers I need to include when using your API?,api,69
I'm not receiving the expected data from the webhook; what should I check?,api,74
Can I get a list of all available endpoints and their functionalities?,api,70
Is there an API call I can use to check the current usage of my API key?,api,72
How do I handle rate limiting errors in my application gracefully?,api,66
"I copied the example code for the API, but it's throwing an error. What gives?",api,78
Can you provide examples of how to integrate the API with third-party services?,api,79
The response time from your API is slower than usual. Is there a known issue?,api,77
Do you have any best practices for making API calls efficiently?,api,64
Are there any updates to the API that I should be aware of?,api,59
Why can’t I see the data I’m expecting when I make a request?,api,61
I can't find the endpoint for updating user profiles. Can you point me to it?,api,77
How can I test my webhook locally if I'm not getting any requests?,api,66
Is it possible to increase the rate limit for my account?,api,57
Can you clarify how to use the pagination feature in the API responses?,api,71
I'm having trouble with the callback URL for my webhooks; it's not working!,api,75
Are there any limitations I should know about when using the API?,api,65
What endpoints do I use to get user data?,api,41
I keep getting a 401 error when trying to authenticate. What could be wrong?,api,76
Is there a way to see how many requests I've made to the API this month?,api,72
Could you clarify the information I need to provide for webhook setup?,api,70
I'm frustrated! The API documentation isn't clear about the parameters for this endpoint.,api,89
Can you provide an example of how to call your API using Node.js?,api,65
I'm running into issues with rate limits during peak usage. Any suggestions?,api,76
"Do you support OAuth 2.0 for authentication, and what are the steps?",api,68
Why is my webhook call returning a 500 error? It's really affecting my app.,api,75
How do I know if my API key has expired?,api,40
Could you tell me the best practices for making efficient API calls?,api,68
"I attempted to integrate your API with my application, but I'm not sure I'm doing it right. Can you offer guidance?",api,115
The SDK documentation seems outdated. Are there any recent updates I should be aware of?,api,88
Can I use multiple API keys with my account for different services?,api,67
I’m a bit confused about the different API versions. Which one should I use?,api,76
"My API key is showing as invalid, but I haven’t changed anything. What could be the issue?",api,90
What are the limits for webhooks in terms of payload size and frequency?,api,72
I’d like to set up a test environment for your API. Is there a separate endpoint for that?,api,90
The integration I set up isn't working as expected; the data doesn't seem to be syncing.,api,88
"If I exceed the rate limit, will I be blocked immediately or just receive an error response?",api,92
Is there a way to programmatically retrieve the latest API version?,api,67
Could you clarify how to handle API errors gracefully in my application?,api,72
The callback for my webhook seems to be delayed. Are there known issues?,api,72
"I’m trying to implement pagination in my API requests, but I'm not sure how to do it properly.",api,94
What are the steps to set up authentication for your API?,api,57
I keep hitting the rate limit. Is there a way to check how close I am?,api,70
The API response is really slow. Is there something wrong with the server?,api,74
Can you clarify what the different endpoints are for fetching user data?,api,72
Is there a way to see logs or get error messages from the API?,api,62
I can't figure out how to use the SDK with my existing project. Any tips?,api,73
"My webhook seems to be configured correctly, but I'm not receiving any payloads.",api,80
Could you explain how to handle the pagination in your API response?,api,68
I'm frustrated—my API calls keep returning a 403 error. What does that mean?,api,76
Can you tell me if your API supports CORS? I'm having some issues with cross-origin requests.,api,93
How do I refresh my access token when using OAuth2 with your API?,api,65
"The documentation says to use a specific header, but my requests are still failing. Help!",api,89
I'm looking for examples of how to integrate your API with a React application.,api,79
Why does my API key suddenly show 'invalid'? I was just using it!,api,65
Do you have any rate limit details for the enterprise plan? I want to plan accordingly.,api,87
"I set up a webhook, but I have no idea how to test it. Any suggestions?",api,71
Can I use your API to fetch historical data or is it just for current information?,api,82
"I've tried every endpoint listed, but my data isn't coming through. What's going on?",api,84
Can I get a list of all available SDKs for different programming languages?,api,75
Is there a way to get notifications about changes to the API? I don't want to miss updates.,api,91
How long does it take for the webhook to fire after an event occurs?,api,68
Are there any known issues with your API at the moment? My requests are timing out.,api,83
I'm new to using APIs. Can you recommend any best practices for starting out?,api,77
My integration isn't working as expected—can you help me troubleshoot?,api,70
"What response format does your API return, and can I switch to a different one?",api,79
"I'm having trouble retrieving data from your API, can you help?",api,63
Could you clarify what the rate limits are for the paid plans?,api,62
I'm getting an authentication error when I try to connect. What am I doing wrong?,api,81
Why isn't my webhook receiving any post requests?,api,49
Can you provide examples of how to use the SDK effectively?,api,59
I keep getting a 'not found' error when accessing certain endpoints. Any idea why?,api,82
How do I refresh my API token when it expires?,api,46
I'm trying to set up an integration but keep hitting a roadblock. Any tips?,api,75
Is there a way to test the API requests without hitting the production environment?,api,83
What should I do if my IP is blocked for making too many requests?,api,66
Can you walk me through the process of setting up OAuth authentication?,api,71
Why does the response time for certain endpoints seem so slow?,api,62
Is there a way to increase the limit on my API calls temporarily?,api,65
I'm getting a 403 error while trying to access an endpoint. What's the fix?,api,75
How can I ensure my webhooks are secure from unauthorized calls?,api,64
Can I use your API with a static IP address?,api,44
What's the best way to troubleshoot issues with API calls?,api,58
Are there any changes coming to the API that I should be aware of?,api,66
I noticed some deprecated endpoints; can you suggest alternatives?,api,66
How can I handle rate limiting gracefully in my application?,api,60
What's the best practice for handling API errors in my integration?,api,67
Can you help me understand the payload structure for this specific endpoint?,api,76
I'm trying to use a public API key but it keeps failing. What could be wrong?,api,77
Can you provide some insights into the webhook delivery guarantee?,api,66
Is there a comprehensive documentation for all the API endpoints?,api,65
Is there a limit to how many API calls I can make in a minute?,api,62
I keep getting an 'Unauthorized' error when trying to authenticate. What's wrong?,api,81
Can you tell me the format for the request body when using this endpoint?,api,73
"I set up the webhook, but I'm not seeing any data arriving. What should I check?",api,80
Could you clarify how to refresh my API token?,api,46
"The SDK seems to be outdated, where can I find the latest version?",api,66
"I was expecting a response in JSON, but I'm getting XML instead. How can I fix that?",api,84
Can you explain how to handle pagination when using your API?,api,61
I need details on the CORS policy for your endpoints—what's allowed?,api,68
My API call returns a 403 status code. What does that mean?,api,59
Is there a specific way to handle errors returned by the API?,api,61
"I'm trying to integrate your API with my app, but I'm unclear on the callback URL setup.",api,88
The rate limit notification I received seems incorrect. Can I get more info?,api,76
How do I pass custom headers in my API requests?,api,48
Why is the data returned from the endpoint different from what I expect?,api,72
"I saw that webhooks can be set up, but I'm not clear on how to configure them properly.",api,87
My API key seems to be working intermittently. What could be causing this issue?,api,80
Are there any specific libraries you recommend for working with your SDK?,api,73
I'm not sure how to implement OAuth. Can you provide some guidance?,api,67
"My request to the endpoint times out frequently, is there a known issue?",api,72
The API version I'm using seems deprecated; what should I do next?,api,66
I need to know the best way to handle rate limiting in my application.,api,70
Could you help me troubleshoot the authentication flow? It’s really confusing.,api,78
How can I track usage metrics for my API requests more effectively?,api,67
Can you help me figure out why my API request is returning 403 errors?,api,70
"I'm trying to set up a webhook, but I can't find any documentation on how to do it. Can you point me in the right direction?",api,124
What’s the maximum number of API calls I can make per minute on the basic plan?,api,79
I’ve been getting a lot of timeout errors when hitting your endpoints. Is there a known issue?,api,94
How do I refresh my API token? It seems to have expired unexpectedly.,api,69
I just want to confirm that the endpoint I'm using for user data is up to date. Can you verify this for me?,api,107
I keep getting a missing parameter error. Can you clarify what parameters are required for this endpoint?,api,105
"I’ve read the documentation, but I’m still confused about how to implement the SDK in my project. Any tips?",api,107
What's the difference between the test and production environments for your API?,api,80
My integration seems to be failing. How can I troubleshoot that?,api,64
Is there a way to check my current API usage and see how close I am to my limits?,api,81
I’m not receiving any notifications from my webhook. Can you help me debug this?,api,80
"I’m trying to use OAuth for authentication, but the process isn’t clear. Can you help me with that?",api,99
Are there specific IP addresses that I need to whitelist for your API calls?,api,76
"I thought I was following all the authentication steps, but I'm still getting an invalid token error.",api,101
Can you provide examples of how to format the payload for creating a new resource?,api,82
"The API documentation mentions rate limits, but I can't find the exact numbers. Can you provide them?",api,101
I’m running into issues with the pagination of the response data. How should I handle that correctly?,api,101
Is there a way to test my webhook locally before deploying it to production?,api,76
Why is my API key returning a 'not found' error? I’m sure I copied it correctly.,api,80
I’m struggling to understand how to use your libraries with my existing codebase. Any suggestions?,api,98
What should I do if my server is blocking the webhook calls?,api,60
Can I get notified if my API limits are about to be reached?,api,60
I need clarification on the data formats supported by your API. Can you summarize?,api,82
Why is my integration with your service not working? Everything appears to be configured properly.,api,98
I'm having trouble getting the API endpoint to return any data.,api,63
Can you help me? I need to know how to set up my authentication for the API.,api,76
Why am I hitting rate limits even though I’m within my expected usage?,api,70
"Hey, can you tell me which SDKs are available for your API?",api,59
I keep getting 401 errors. What’s the best way to debug my authentication process?,api,82
Is there a way to increase my API call limits? I’m really maxing out the free tier.,api,83
Can you walk me through how to set up webhooks correctly?,api,57
I've hit my API limit this month. When does it reset?,api,53
Does your API support CORS? I'm trying to make requests from the browser.,api,73
I’m confused about the different endpoints available. Where can I find detailed documentation?,api,94
My integration isn’t working. Can you double-check if I'm using the right API version?,api,86
Could you clarify how to handle pagination when using your API?,api,63
I'm getting a timeout error when trying to connect to your API. Any ideas why?,api,78
What’s the best way to authenticate using API tokens without exposing them?,api,75
I’d like to know if your API supports batch processing of requests.,api,67
"I see the webhook event is listed, but why isn't my server receiving anything?",api,78
Is there a specific format I need to send the data in for your API to accept it?,api,80
I think I’ve hit a bug with one of the API endpoints – it’s returning invalid responses.,api,88
How do I check my current usage of API calls for the month?,api,59
Can I get a list of all the available webhook events?,api,53
What should I do if the access token for the API is expired?,api,60
"I have a custom integration, and it's not working. Can someone assist me?",api,73
Can you provide more details on how to set up OAuth 2.0 for your API?,api,69
I'm experiencing lag when making requests to your API. Is there a known issue?,api,78
Can I use your API with serverless functions? Are there any specific requirements?,api,82
How does error handling work in your API? What response codes should I expect?,api,78
"I'm having trouble accessing the /users endpoint, can you help?",api,63
Could you let me know if the API supports pagination for large data sets?,api,73
I keep getting a 401 error when trying to authenticate. Any ideas?,api,66
Why am I hitting the rate limit so quickly? I thought I was under my quota.,api,75
The SDK documentation seems outdated. Where can I find the latest info?,api,71
Can I get a quick rundown on how to set up webhooks for my application?,api,71
My API calls are returning a lot of 'not found' errors. What could be causing this?,api,83
Is there a way to refresh my API token without going through the whole authentication process again?,api,100
What’s the best practice for handling rate limit errors in my application?,api,74
I noticed that my webhooks are delayed. How can I troubleshoot this?,api,68
Can you explain the difference between the GET and POST methods for this API?,api,77
"I’ve set up the API key, but nothing seems to be working. Am I missing something?",api,81
How do I integrate your API with a third-party service? Any tips?,api,65
"I’m trying to send data to your API, but I can’t figure out the correct format.",api,79
"Does your API support both REST and GraphQL, or is it one or the other?",api,71
I am getting weird characters in the API response. Is there an encoding issue?,api,78
What happens if I exceed the rate limit? Will my app be blocked?,api,64
"My webhook is set up, but I'm not receiving any events. What’s the next step?",api,77
"Can I use my existing OAuth credentials, or do I need to create new ones?",api,73
What are the required headers for making requests to your API?,api,62
Can you provide examples of common use cases for your API?,api,58
"I changed my API key recently, but I’m still using the old one in some places. Could that be causing issues?",api,108
What types of data can I retrieve from the /transactions endpoint?,api,66
"I'm confused about how to handle multiple environments (dev, staging, production) with your API.",api,96
Is there a sandbox environment available for testing API calls before going live?,api,81
"I'm having trouble with the API documentation, can you point me to the right section?",api,85
Why am I getting a 401 error when trying to access the endpoint?,api,64
Can you clarify how to set up the webhook correctly? It's not sending any data.,api,79
What are the authentication methods available for accessing the API?,api,68
I'm exceeding the rate limit and need to know how long I have to wait to make another call.,api,91
The SDK is giving me a lot of warnings; are they normal or should I be worried?,api,79
I'm not familiar with OAuth. Can you walk me through the process of authenticating?,api,83
My API calls are timing out. Is there any known downtime or issue with the service?,api,83
How do I check my current API usage and limits?,api,47
I need help integrating the API with my application. Where do I start?,api,70
The endpoint I’m using seems outdated. Can you let me know if it's still supported?,api,83
Is there a way to handle pagination in the API response? It's getting messy!,api,76
"My API key was regenerated, and now it's not working. What's going on?",api,70
Can you tell me the best practices for making efficient API requests?,api,69
I heard there’s a new version of the API; what’s different in the latest release?,api,81
Why am I receiving ‘not found’ errors when trying to hit specific endpoints?,api,76
The webhook I set up is not triggering. Can you help me debug this?,api,67
Are there any specific tools you'd recommend for testing API endpoints?,api,71
Could you explain how to format the data when making a request to the API?,api,74
"I've reached my API call limit, can you tell me how to upgrade my usage plan?",api,77
What steps do I follow to troubleshoot authentication issues with the API?,api,74
"Can I use multiple API keys for a single account, or is it restricted to one?",api,77
"Is it possible to monitor my API usage in real-time, or do I have to check periodically?",api,88
How do I unsubscribe from event notifications sent by the webhook?,api,66
The integration with my third-party service stopped working suddenly. Any idea why?,api,83
Why am I hitting a 429 error with my requests? Is it related to rate limiting?,api,78
Could you clarify how long the access token lasts when using the API?,api,69
I can't seem to get the webhook to work with my application. Any advice?,api,72
Can you let me know the maximum number of requests I can make per minute on the API?,api,84
I'm trying to understand the difference between the v1 and v2 endpoints. Can you explain?,api,89
Is there a specific format that I need to use for my JSON payloads?,api,67
I'm receiving a 'not authorized' message when trying to authenticate. What could be wrong?,api,90
Could you help me set up the SDK in my project? I'm a bit lost.,api,63
How do I test the API calls without affecting my production data?,api,65
The webhook I set up isn’t triggering. Can you check if there's an issue on your end?,api,85
I'm getting inconsistent responses from the API. Could it be a server-side problem?,api,83
"How do I renew my API token, and is there an automatic renewal process available?",api,81
My integration with the API seems to break at random times. What should I check?,api,80
I need to know if the API supports batch processing of requests.,api,64
How can I track API usage for my application? Is there a dashboard?,api,67
I'm confused about the authentication methods available. Can you summarize them?,api,80
Is there a versioning strategy in place for the API? How do I know when it changes?,api,83
My requests are timing out. What are the recommended timeout settings?,api,70
Can you explain how to set up a retry mechanism for failed API calls?,api,69
I'm trying to implement a webhook for payment notifications. Where do I start?,api,78
The API response times seem slow lately. Is there an ongoing issue?,api,67
What are the best practices for optimizing requests to the API?,api,63
Can I get help with CORS issues when making API calls from the browser?,api,71
"I'm having trouble connecting to the API, can you help?",api,55
What are the POST request limits for my current subscription?,api,61
I keep getting a 401 error; can you explain the authentication process?,api,71
The API documentation is confusing. How do I get started with the SDK?,api,70
Can I get details on the available endpoints for data retrieval?,api,64
I'm frustrated because my webhooks seem to be malfunctioning. Any advice?,api,73
Is there a way to increase the rate limit for our integration?,api,62
My app isn't responding to webhook requests. What should I check?,api,65
Could you clarify how to generate a new API key?,api,48
What's the best way to test API calls without impacting production data?,api,72
I noticed my API calls are timing out. Is there a known issue?,api,62
How often are the rate limits reset on your API?,api,48
I'm trying to integrate your API but keep hitting a wall. Can you assist?,api,73
The callback URL for my webhook isn't triggering as expected. Any tips?,api,71
Can you explain the steps to authenticate via JWT instead of OAuth?,api,67
I received a 'resource not found' error when accessing an endpoint. What's wrong?,api,81
Do you have any examples of using the API in a Node.js environment?,api,67
I'm really confused about the API versioning. How do I know which version I’m using?,api,84
Can you tell me if there's a bulk operation feature available in your API?,api,74
My integration broke after the last update. Can you help troubleshoot?,api,70
Is there a way to log API requests and responses for debugging?,api,63
"I’m using your API in a mobile app, but I’m hitting too many rate limits. Any suggestions?",api,90
How do I unsubscribe from webhooks that I no longer need?,api,57
I can't find the endpoint to access user data. Can someone point me in the right direction?,api,91
Is there a guide for implementing webhooks in a Python application?,api,67
I'm seeing inconsistent responses from the API; what could be causing that?,api,75
"I'm having trouble accessing the API documentation, can you help me find it?",api,76
Could you clarify what the maximum number of requests per minute is for the paid plan?,api,86
"I keep getting a 401 error when trying to authenticate, what am I doing wrong?",api,78
The integration with my app isn't working. Is there something I'm missing in the setup?,api,87
I'm seeing a delay in webhook notifications. What should I check on my end?,api,75
How can I refresh my API key after it expires?,api,46
"I'm trying to connect to your API using Python, but the SDK documentation is unclear. Any tips?",api,95
What’s the best way to test endpoints without affecting my production data?,api,75
Is there a way to access historical data through your API?,api,58
Why is my request being rate-limited even though I'm under the limit?,api,69
I noticed the API response times are slower than usual. Is there a known issue?,api,79
Can you provide an example of a valid JSON body for this endpoint?,api,66
"I had set up webhooks, but I'm not receiving any data. Is there a common issue?",api,79
I'm struggling with the OAuth flow; can you explain it step by step?,api,68
Are there any restrictions on the types of data I can send through the API?,api,75
When will the updates to the API be rolled out? I need to plan accordingly.,api,75
Why am I getting a CORS error when trying to access the API from my frontend?,api,77
Can you help me troubleshoot why my server is not receiving webhook events?,api,75
What headers do I need to include for the API requests?,api,55
"Can I use the API to bulk insert data, or is it only for single requests?",api,73
"How often are the API endpoints updated, and where can I find that info?",api,72
What's the best practice for handling error responses from the API?,api,67
I need to know if your API supports pagination; is that mentioned in the docs?,api,78
It seems like my webhook payload is not formatted correctly. What should it look like?,api,86
Why am I getting a 401 Unauthorized error when trying to authenticate?,api,70
I need clarification on the different endpoints available. Where can I find this info?,api,86
Is there a limit on how many requests I can make in an hour?,api,60
The integration with your API is giving me issues. Any troubleshooting tips?,api,76
"I updated my API key, but it’s still not working. What could be wrong?",api,70
How do I set up webhooks to get notifications when events happen?,api,65
Can you tell me if there’s a specific way to format the JSON payload for requests?,api,82
I keep hitting the rate limit even when I think I'm within the guidelines. Help!,api,80
Could you provide an example of how to use the SDK for connecting to the API?,api,77
"I’ve configured my OAuth settings, but it’s still refusing the connection.",api,74
What response format does your API return? I need to adjust my parsing logic.,api,77
My webhook isn't firing as expected. Can you help me debug this?,api,64
Are there any updates on the API that I should be aware of for this month?,api,74
What’s the best way to handle pagination when fetching data from the API?,api,73
I'm confused about the terms of service related to API usage. Can you clarify?,api,78
How do I refresh my token once it expires? Is there a specific endpoint?,api,72
"Can I access multiple environments (e.g., dev, test) with the same API key?",api,75
The API version I’m using seems outdated. How do I upgrade to the latest version?,api,81
I’m getting inconsistent responses from the API. What’s going on?,api,65
How can I report a bug I found while using the API?,api,51
Can you explain how to handle errors returned by the API effectively?,api,69
Do you have any best practices for optimizing API requests?,api,59
I’m trying to set up a new integration but keep running into a wall. Any advice?,api,80
Is there a way to get a list of all the endpoints I can use on my plan?,api,71
I'm having trouble getting a response from the API. Can you help?,api,65
What endpoints are available for retrieving user data?,api,54
I keep getting a 401 error; how do I fix my authentication?,api,59
Can you explain the difference between a GET and POST request in your API?,api,74
Is there a way to increase my rate limit? It feels too restrictive.,api,67
My webhook is sending data to the wrong endpoint. What should I do?,api,67
"I'm trying to integrate the API with my application, but I'm stuck. Any tips?",api,77
Are there any SDKs available for Python? It would really help!,api,62
What's the best way to handle rate limits in my application?,api,60
I’m confused about how to set up OAuth 2.0. Can you clarify?,api,60
The API documentation is a bit unclear on error handling. Can you provide more info?,api,84
Can I create a new API key if I think my current one has been compromised?,api,74
My app's integration isn't working as expected. Do you have any troubleshooting steps?,api,86
How can I receive notifications for events via webhooks?,api,56
What's the maximum size for a payload in your API?,api,50
I read there are some deprecated endpoints. Can you point them out?,api,67
How often does your API data refresh? Is it real-time?,api,54
I'm getting throttled when making multiple requests. What can I do about that?,api,78
Could you guide me through the steps to implement a callback for webhooks?,api,74
I just need clarification on the rate limiting for the different tiers. Can you elaborate?,api,90
"I've set up the OAuth flow, but I'm still facing issues with tokens. Can you help?",api,82
Why did my webhook request fail? What kind of logs can I check?,api,63
What are the best practices for API error handling you recommend?,api,65
I’m interested in more examples of how to use your API in my project. Can you share?,api,84
I'm having trouble connecting to the API. Can you help me out?,api,62
Is there a way to check my current rate limits through the API?,api,63
I keep getting a 401 error when I try to authenticate. What do I need to do?,api,76
Could you clarify how to set up the webhook for my app?,api,55
I'm not sure which endpoint I should use for retrieving user data. Can you point me in the right direction?,api,107
"The API documentation says I need an access token, but I can't find how to get one. Help?",api,89
What are the maximum requests I can make per minute on the basic plan?,api,70
My integration isn't working as expected. Are there common troubleshooting steps?,api,81
Can you walk me through the process of using the SDK with my project?,api,69
"I received a message that I'm hitting my rate limit, but I think I should have more requests available. What's going on?",api,120
Why does the webhook response take so long sometimes? Is there a way to speed it up?,api,84
"I’m trying to use OAuth2 with your API, but I can't find the right endpoint to exchange the code. Any suggestions?",api,114
I noticed I’m missing some data in the API response. What could cause this?,api,75
Can I use the API without an API key? Just exploring options here.,api,66
I keep getting an invalid token error on every request I make. What’s the fix?,api,78
How do I know if my webhook is configured correctly? It just doesn’t seem to trigger.,api,85
I’d like to know if there’s a way to customize the API response format.,api,71
"The documentation mentions pagination, but it’s not clear how to implement it. Can you elaborate?",api,97
Are there specific headers I need to include with my requests to avoid errors?,api,78
"I tried to set up a new API key, but it keeps saying it's already in use. What does that mean?",api,94
What’s the best practice for handling API rate limit errors on my side?,api,71
I’m lost on where to start with API integrations. Can you provide some examples?,api,80
Is there a test environment available for trying out API calls without affecting production?,api,92
"My API calls are timing out frequently. Is there a known issue, or is it on my end?",api,83
Can you confirm if the API supports CORS for frontend requests?,api,63
I’m looking for a way to log my API requests and responses for debugging purposes. Any recommendations?,api,103
Can you help me understand how to use the new API endpoints for user authentication?,api,84
I'm getting a 403 error while trying to access a specific endpoint; what could be the problem?,api,94
Is there a way to check how many API calls I've made this month?,api,64
"My webhook is set up, but I'm not receiving any data. Is there something I might have missed?",api,93
How do I refresh my API token after it expires?,api,47
What are the current rate limits for the paid plan?,api,51
I'm having trouble integrating your SDK into my project. Any tips?,api,66
Any suggestions on how to troubleshoot why my API requests are timing out?,api,74
Could you clarify the difference between your v1 and v2 API versions?,api,69
I seem to be hitting the rate limit frequently; can you explain how it works?,api,77
How do I include custom headers in my API requests?,api,51
I've followed the OAuth steps but still can't authenticate. What should I do next?,api,82
Can you tell me what data I should expect in the webhook payload?,api,65
I'm confused about the parameter formats required for the API calls. Can you provide an example?,api,96
My API key has suddenly stopped working. Could there be a security issue?,api,73
What should I do if I suspect that my account has been compromised?,api,67
How can I set up a retry mechanism for the API requests in my application?,api,74
Is there a limit on the number of webhooks I can create for my account?,api,71
"The documentation mentions pagination, but I have no idea how to implement it. Help!",api,84
I need to debug an API response. Could you walk me through how to do that?,api,74
"What is the expected latency for requests to your API, and how can I optimize my calls?",api,87
I'm using a third-party service that needs access to your API; how can I securely share my credentials?,api,103
Are there any known issues with the current version of the API that I should be aware of?,api,89
Do you provide SDKs for programming languages other than Python?,api,64
Can you explain how to handle error responses when making API calls?,api,68
"My application relies heavily on your API, and I'm worried about downtime. What assurances do you provide?",api,106
I'm having trouble accessing your API documentation; can someone help me find it?,api,81
Could you clarify which endpoints I should use for retrieving user data?,api,72
What are the maximum requests per minute for the pro plan?,api,58
"I set up the webhook correctly, but I'm not seeing any events trigger. Any ideas?",api,81
Is there a specific format for the API key I need to use?,api,57
I'm getting sporadic timeouts when making API calls. Is this a known issue?,api,75
Could you provide examples of requests for the product search endpoint?,api,71
How do I properly use the SDK in my project? I'm a bit lost.,api,60
I think my API credentials have been compromised; how can I regenerate them safely?,api,83
Can I use the API to update multiple records in a single request?,api,65
What's the best way to handle rate limiting without affecting user experience?,api,78
"I followed the steps for OAuth, but I'm stuck on the redirect URI part. Help?",api,77
The response payload from your API seems inconsistent. Can someone look into it?,api,80
I need to know the API versioning policy. How do updates affect existing integrations?,api,86
Can you explain how to set up pagination for large data sets?,api,61
I'm not receiving any data from the webhook despite it being set up. What's wrong?,api,82
What libraries do you recommend for integrating with your API in Python?,api,72
Could you specify the fields that are required for the create user endpoint?,api,76
"I'm getting a 429 Too Many Requests error, but I'm not aware of hitting any limits.",api,83
Is there a test environment available to try out the API before going live?,api,75
Would love to get some tips on how to debug issues with the API more effectively.,api,81
"How do I unsubscribe from a webhook, and what happens to existing subscriptions?",api,80
Can you confirm if the API supports CORS for web applications?,api,62
Do you have a changelog available for API updates? I want to stay informed.,api,75
I'm having trouble retrieving data from your API; can you help me figure out what's wrong?,api,90
Why is my API request failing? I'm getting a 403 error.,api,55
Can you explain how to use the SDK for integrating with your service? It's not clear to me.,api,91
"I'm trying to set up a webhook, but I can't seem to get the correct URL. What should I do?",api,90
Could you clarify the maximum number of requests I can make within a minute on the paid plan?,api,93
My authentication token keeps expiring too quickly. Is there something I need to change?,api,88
What are the available endpoints for accessing user data? I can't find them in the documentation.,api,97
I keep hitting the rate limit even though I think I'm under it. Can you check my usage for me?,api,94
Do you have any examples of how to implement the API in Python? The documentation is a bit sparse.,api,98
"I'm frustrated! The API documentation mentions a feature, but I can't find the endpoint for it.",api,95
Is there a way to receive notifications through webhooks for specific events? How would I set that up?,api,102
I forgot how to authenticate my requests—can you send me the steps again?,api,73
What's the best way to handle API errors? I want to make my application robust.,api,79
"I'm getting a timeout error on my requests. Is there a known issue, or should I check my server?",api,96
"I want to integrate your API with another service, but I'm unsure which endpoints to use. Can you advise?",api,105
How can I refresh my API keys? The current ones seem to be inactive.,api,68
Can you provide more details about the webhook signature validation process? It’s confusing.,api,92
"I read something about a new version of the API—what's changed, and how will it affect my application?",api,102
Is there a way to increase the rate limit for my account temporarily? I'm running a special promotion.,api,102
How do I correctly format my requests? The examples in the docs don’t match what I’m trying to do.,api,98
I'm struggling to set up OAuth correctly. What are the common pitfalls I should watch out for?,api,94
Could you tell me if there are limits on the data I can send through the API? I have a large payload.,api,101
The API seems to be down. Is there any maintenance going on right now?,api,70
"Why is my webhook not receiving any data? I’ve checked my server logs, and everything looks fine.",api,97
"I'm trying to connect to your API using JavaScript, but I'm running into CORS issues. How can I fix this?",api,105
Can you tell me how to use the API to get user data?,api,52
I'm getting a 401 error when trying to access the API – what's going on?,api,72
Do you have any SDKs for Python that I can use to simplify integration?,api,71
I'm having trouble figuring out the correct endpoint for retrieving transactions.,api,81
Why is there a limit on API calls? Can I increase my quota somehow?,api,67
My webhooks aren't triggering. Is there something I need to check on my end?,api,76
Is it possible to use multiple API keys for the same application? I'm trying to manage different environments.,api,110
I think I messed up the authentication flow. How do I reset my API key?,api,71
The documentation for the endpoints seems outdated. Where can I find the latest info?,api,85
Can someone explain how to set up rate limiting for my application? I want to avoid getting throttled.,api,102
I keep getting a 'not found' response when hitting the API. What should I check?,api,80
Is there a way to get detailed logs for my API requests? It would really help with debugging.,api,93
How do I set up OAuth 2.0 for my application using your API?,api,60
What payload format does your API expect for creating new users? JSON or XML?,api,77
I need help with a specific query. Can you provide an example of how to fetch data using filters?,api,97
"My webhook URL is correct, but I'm not receiving the events. Are there any known issues?",api,88
Are there any changes in the API rate limits for the upcoming month? I want to plan ahead.,api,90
Could you clarify how to implement the retry logic when the API fails?,api,70
I'm having issues connecting to the sandbox environment. Is it down for maintenance?,api,84
"What happens if I exceed the rate limit? Will I get an error, or will my requests just be ignored?",api,98
Can you recommend the best practices for securing my API keys? I want to keep them safe.,api,88
Is there a way to test webhooks locally? I need to see if they work before going live.,api,86
"The API documentation mentions pagination, but I’m not sure how it works. Can you provide details?",api,98
I’m getting a timeout error when calling the API. Is there a way to increase the timeout duration?,api,98
How can I access historical data through your API? Is there a specific endpoint for that?,api,89
Can you provide guidance on integrating with third-party services using your API?,api,81
"I'm having trouble connecting to your API, can you help?",api,56
What are the maximum requests per minute I can make with my subscription?,api,73
Is there a way to test the API without using real data?,api,55
"I'm getting a 401 error when trying to use my API key, what should I do?",api,72
I just received an error while trying to access one of your endpoints. Can you look into it?,api,92
"My app relies on the API, and it's not responding. What could be the issue?",api,75
Can I use basic auth instead of OAuth for my integration?,api,57
What data format does your API accept? I'm unsure if I should send JSON or XML.,api,79
"I've been hitting the API hard, and I think I've hit a rate limit. How do I check my usage?",api,91
Can you provide sample code for using your SDK? I’m a bit lost.,api,63
I need to know how long webhook events are retained in your system.,api,67
Why does it take so long for the webhook to fire after the event occurs?,api,72
I think there's an issue with one of your API endpoints; it keeps returning the wrong data.,api,91
What’s the best way to implement error handling with your API?,api,62
I need to authenticate with multiple accounts via the API. How can I do that?,api,77
Can I get a list of all available API endpoints?,api,48
"I'm using a third-party service that needs to connect with your API, how do I get started?",api,90
"Whenever I try to authenticate, it says 'invalid credentials' even though I'm sure they're correct.",api,99
What's the process for generating a new API key if mine is compromised?,api,71
Can I get detailed logging for my API requests to troubleshoot issues?,api,70
Is there a way to receive real-time updates rather than polling your API?,api,73
Can I integrate your API with a specific programming language like Ruby or PHP?,api,79
Do you have any SDKs available for mobile development with your API?,api,68
I'm having trouble understanding how to set up webhooks. Can you guide me?,api,74
"Hey, I just implemented the API, but I'm getting a 403 error. What's going on?",api,78
Could you clarify what the maximum number of requests per minute is for the basic plan?,api,87
Is there a way to refresh my API token without having to log in again each time?,api,80
"I integrated the SDK, but I'm not seeing any data coming through. What should I check?",api,86
"My webhook seems to be sending data, but my endpoint isn't receiving it. Any ideas?",api,83
I need some help with handling rate limits properly in my application. What do you recommend?,api,93
Why does my API key keep getting invalidated? This is super frustrating!,api,72
Can you explain how to authenticate using Basic Auth with your API? I'm a bit lost.,api,83
"I’m trying to pull data from the specified endpoint, but it keeps timing out. What should I do?",api,95
"I’ve read the documentation, but I’m still confused about the difference between your REST and GraphQL APIs.",api,108
Why is my integration with the third-party service not working? I thought it was supposed to be seamless.,api,105
